order_id,order_date,customer_id,region,country,category,product,customer_segment,units,unit_price,unit_cost,revenue,cost,margin,discount_pct,status,is_returned
10093,2023-01-01,C1164,AMER,Canada,Software,Analytics Platform,Mid-Market,11,391.04,37.28,4301.44,410.08,3891.36,0.00,Delivered,0
10546,2023-01-01,C1140,AMER,Brazil,Accessories,Monitor Arm,Mid-Market,4,93.14,34.60,372.56,138.40,234.16,0.00,Shipped,0
12924,2023-01-01,C1112,EMEA,Germany,Software,Cloud Backup 1TB,SMB,8,60.75,7.30,486.00,58.40,427.60,0.00,Delivered,0
11202,2023-01-02,C1089,AMER,Brazil,Hardware,Laptop Stand,SMB,1,44.05,15.21,37.44,15.21,22.23,0.15,Delivered,0
11883,2023-01-02,C1174,EMEA,Sweden,Hardware,Docking Station,Mid-Market,12,192.07,87.17,2074.36,1046.04,1028.32,0.10,Delivered,0
11933,2023-01-02,C1180,EMEA,Netherlands,Hardware,"27"" Monitor",Mid-Market,11,329.99,146.41,3629.89,1610.51,2019.38,0.00,Delivered,0
12053,2023-01-02,C1046,EMEA,Spain,Accessories,Desk Mat,SMB,5,24.18,6.01,114.86,30.05,84.81,0.05,Delivered,0
12269,2023-01-02,C1109,AMER,United States,Software,VPN Annual,SMB,4,39.40,3.00,157.60,12.00,145.60,,Delivered,0
11525,2023-01-03,C1061,AMER,Mexico,Hardware,USB-C Hub,SMB,1,48.98,20.30,48.98,20.30,28.68,0.00,Delivered,0
12606,2023-01-03,C1199,APAC,Japan,Hardware,Docking Station,Enterprise,13,201.39,92.81,2618.07,1206.53,1411.54,0.00,Delivered,0
10465,2023-01-04,C1205,AMER,Brazil,Hardware,Docking Station,Enterprise,13,203.12,89.24,2640.56,1160.12,1480.44,,Delivered,0
10611,2023-01-04,C1293,EMEA,Finland,Software,Design Suite,Consumer,3,253.07,27.40,721.25,82.20,639.05,0.05,Delivered,0
12082,2023-01-05,C1105,EMEA,Sweden,Software,Analytics Platform,SMB,1,418.72,36.16,418.72,36.16,382.56,0.00,Delivered,0
12932,2023-01-05,C1288,AMER,United States,Accessories,Carry Sleeve,Consumer,1,29.74,8.30,29.74,8.30,21.44,0.00,Delivered,0
12750,2023-01-06,C1046,EMEA,Finland,Services,Onboarding Workshop,SMB,3,497.53,151.06,1492.59,453.18,1039.41,0.00,Delivered,0
12871,2023-01-06,C1070,AMER,Brazil,Services,Training Course,SMB,7,360.45,87.34,2523.15,611.38,1911.77,,Delivered,0
12468,2023-01-07,C1177,AMER,United States,Hardware,Docking Station,Mid-Market,12,206.95,95.42,2483.40,1145.04,1338.36,0.00,Delivered,0
12576,2023-01-07,C1194,APAC,Singapore,Services,Custom Integration,Enterprise,10,1158.75,399.03,11587.50,3990.30,7597.20,0.00,Delivered,0
12908,2023-01-07,C1015,EMEA,Netherlands,Services,Training Course,SMB,3,329.51,86.87,988.53,260.61,727.92,0.00,Delivered,0
10362,2023-01-08,C1174,EMEA,Netherlands,Software,Editor Pro License,Mid-Market,10,94.43,10.15,944.30,101.50,842.80,0.00,Delivered,0
11222,2023-01-08,C1191,APAC,Australia,Services,Priority Support,Enterprise,9,176.44,35.25,1587.96,317.25,1270.71,0.00,Delivered,0
12085,2023-01-08,C1034,APAC,India,Services,Priority Support,SMB,2,175.86,34.69,351.72,69.38,282.34,0.00,Delivered,0
12442,2023-01-09,C1043,AMER,United States,Accessories,Monitor Arm,SMB,6,86.05,34.42,516.30,206.52,309.78,0.00,Delivered,1
12768,2023-01-09,C1208,EMEA,Netherlands,Software,VPN Annual,Enterprise,6,37.51,3.12,180.05,18.72,161.33,0.20,Delivered,0
10075,2023-01-10,C1166,EMEA,Germany,Services,Training Course,Mid-Market,12,351.35,88.04,4216.20,1056.48,3159.72,,Delivered,0
11754,2023-01-10,C1040,APAC,Singapore,Services,Priority Support,SMB,1,173.90,34.85,173.90,34.85,139.05,0.00,Pending,0
10261,2023-01-11,C1135,EMEA,France,Software,VPN Annual,Mid-Market,6,39.67,3.13,238.02,18.78,219.24,0.00,Delivered,0
11766,2023-01-11,C1137,AMER,Mexico,Hardware,Laptop Stand,Mid-Market,8,44.59,15.12,356.72,120.96,235.76,0.00,Delivered,0
11897,2023-01-11,C1179,AMER,United States,Software,Editor Pro License,Mid-Market,6,94.74,10.21,483.17,61.26,421.91,0.15,Delivered,0
12129,2023-01-11,C1201,APAC,South Korea,Hardware,Laptop Stand,Enterprise,18,42.91,15.54,579.28,279.72,299.56,0.25,Delivered,0
10933,2023-01-12,C1144,EMEA,Germany,Software,Cloud Backup 1TB,Mid-Market,3,57.63,6.83,172.89,20.49,152.40,0.00,Delivered,1
11158,2023-01-12,C1210,AMER,Mexico,Services,Priority Support,Enterprise,8,175.16,37.23,1050.96,297.84,753.12,0.25,Delivered,0
11263,2023-01-12,C1207,EMEA,Sweden,Software,Design Suite,Enterprise,3,234.61,27.59,703.83,82.77,621.06,,Delivered,0
11271,2023-01-12,C1202,EMEA,Sweden,Accessories,Monitor Arm,Enterprise,7,87.98,34.45,615.86,241.15,374.71,0.00,Delivered,0
11990,2023-01-12,C1191,APAC,South Korea,Services,Priority Support,Enterprise,7,171.18,37.68,1198.26,263.76,934.50,0.00,Shipped,0
12324,2023-01-12,C1015,AMER,United States,Services,Training Course,SMB,2,342.37,88.50,684.74,177.00,507.74,0.00,Delivered,0
12821,2023-01-12,C1210,EMEA,France,Hardware,Webcam HD,Enterprise,19,80.97,31.28,1538.43,594.32,944.11,0.00,Delivered,0
11523,2023-01-13,C1155,APAC,South Korea,Hardware,Docking Station,Mid-Market,8,205.77,93.90,1646.16,751.20,894.96,0.00,Delivered,0
10429,2023-01-14,C1187,EMEA,United Kingdom,Accessories,Cable Set,Enterprise,14,14.14,4.19,168.27,58.66,109.61,0.15,Shipped,0
11066,2023-01-14,C1201,EMEA,United Kingdom,Software,Design Suite,Enterprise,7,258.21,28.47,1355.60,199.29,1156.31,0.25,Delivered,0
11510,2023-01-14,C1198,EMEA,Spain,Hardware,Docking Station,Enterprise,12,202.09,91.92,2425.08,1103.04,1322.04,0.00,Delivered,0
12117,2023-01-14,C1224,EMEA,Sweden,Software,VPN Annual,Consumer,4,39.33,3.26,157.32,13.04,144.28,0.00,Delivered,0
12336,2023-01-14,C1150,EMEA,Spain,Accessories,Cable Set,Mid-Market,4,13.68,4.42,54.72,17.68,37.04,0.00,Shipped,0
12769,2023-01-15,C1272,EMEA,United Kingdom,Hardware,Webcam HD,Consumer,2,78.08,30.75,148.35,61.50,86.85,0.05,Delivered,0
10031,2023-01-16,C1138,APAC,South Korea,Software,Cloud Backup 1TB,Mid-Market,11,61.98,6.77,681.78,74.47,607.31,0.00,Delivered,0
10827,2023-01-16,C1133,EMEA,Netherlands,Services,Onboarding Workshop,Mid-Market,6,486.79,144.66,2920.74,867.96,2052.78,0.00,Cancelled,0
10850,2023-01-16,C1030,EMEA,Finland,Hardware,Mechanical Keyboard,SMB,7,129.63,47.77,907.41,334.39,573.02,0.00,Delivered,0
11412,2023-01-16,C1189,APAC,Singapore,Accessories,Cable Set,Enterprise,20,14.32,4.46,286.40,89.20,197.20,,Delivered,0
12067,2023-01-17,C1189,APAC,South Korea,Software,Analytics Platform,Enterprise,5,420.78,35.28,2103.90,176.40,1927.50,0.00,Delivered,0
12682,2023-01-17,C1001,EMEA,United Kingdom,Hardware,Webcam HD,SMB,7,74.97,30.94,524.79,216.58,308.21,0.00,Delivered,0
12839,2023-01-17,C1031,AMER,United States,Accessories,Carry Sleeve,SMB,2,30.64,7.95,61.28,15.90,45.38,0.00,Shipped,0
11467,2023-01-18,C1201,AMER,United States,Software,Analytics Platform,Enterprise,9,392.45,35.14,3532.05,316.26,3215.79,0.00,Delivered,0
10448,2023-01-20,C1235,AMER,Brazil,Services,Custom Integration,Consumer,1,1155.34,408.17,1155.34,408.17,747.17,0.00,Shipped,0
11759,2023-01-20,C1033,EMEA,France,Accessories,Desk Mat,SMB,3,25.26,6.48,75.78,19.44,56.34,0.00,Delivered,0
12215,2023-01-20,C1020,AMER,Mexico,Services,Onboarding Workshop,SMB,7,471.69,146.30,3301.83,1024.10,2277.73,0.00,Delivered,0
12916,2023-01-20,C1097,AMER,Canada,Accessories,Cable Set,SMB,2,14.56,4.49,27.66,8.98,18.68,0.05,Delivered,0
10043,2023-01-21,C1147,APAC,India,Software,Analytics Platform,Mid-Market,7,391.08,35.95,2737.56,251.65,2485.91,0.00,Delivered,0
11809,2023-01-21,C1125,EMEA,France,Services,Onboarding Workshop,Mid-Market,10,505.75,147.01,5057.50,1470.10,3587.40,0.00,Delivered,0
11414,2023-01-22,C1127,AMER,Mexico,Software,Design Suite,Mid-Market,3,253.02,28.26,569.30,84.78,484.52,0.25,Delivered,0
12624,2023-01-22,C1041,AMER,Mexico,Software,Editor Pro License,SMB,2,102.76,10.27,174.69,20.54,154.15,0.15,Delivered,0
12689,2023-01-22,C1049,EMEA,Spain,Hardware,Laptop Stand,SMB,4,44.00,15.15,176.00,60.60,115.40,0.00,Delivered,0
10342,2023-01-23,C1093,EMEA,Spain,Software,Cloud Backup 1TB,SMB,5,62.12,7.38,279.54,36.90,242.64,0.10,Delivered,0
10696,2023-01-23,C1100,AMER,Brazil,Software,VPN Annual,SMB,3,39.97,2.97,89.93,8.91,81.02,0.25,Delivered,0
11957,2023-01-23,C1185,AMER,United States,Software,Editor Pro License,Enterprise,9,104.52,10.23,799.58,92.07,707.51,0.15,Delivered,0
10054,2023-01-24,C1237,AMER,United States,Software,Editor Pro License,Consumer,2,93.54,9.84,187.08,19.68,167.40,0.00,Delivered,0
10290,2023-01-24,C1175,AMER,Mexico,Hardware,Webcam HD,Mid-Market,4,74.86,33.19,299.44,132.76,166.68,0.00,Delivered,0
11282,2023-01-24,C1306,AMER,Canada,Hardware,Mechanical Keyboard,Consumer,4,135.15,47.65,540.60,190.60,350.00,0.00,Delivered,0
11953,2023-01-24,C1151,AMER,Mexico,Services,Onboarding Workshop,Mid-Market,8,510.42,152.12,3675.02,1216.96,2458.06,0.10,Delivered,0
10138,2023-01-26,C1003,EMEA,Germany,Software,Analytics Platform,SMB,6,417.24,37.68,2503.44,226.08,2277.36,,Cancelled,0
10928,2023-01-26,C1146,EMEA,France,Hardware,Mechanical Keyboard,Mid-Market,8,136.43,46.86,1091.44,374.88,716.56,0.00,Delivered,0
10237,2023-01-27,C1185,APAC,Singapore,Services,Onboarding Workshop,Enterprise,19,502.09,157.09,9539.71,2984.71,6555.00,0.00,Delivered,0
10944,2023-01-27,C1194,EMEA,Netherlands,Hardware,Mechanical Keyboard,Enterprise,15,121.97,49.47,1829.55,742.05,1087.50,0.00,Delivered,0
11885,2023-01-27,C1203,AMER,United States,Hardware,Webcam HD,Enterprise,14,77.21,32.84,1080.94,459.76,621.18,0.00,Delivered,0
12668,2023-01-27,C1189,EMEA,Netherlands,Software,VPN Annual,Enterprise,4,39.29,3.09,157.16,12.36,144.80,0.00,Delivered,0
11398,2023-01-28,C1003,APAC,Japan,Accessories,Monitor Arm,SMB,1,85.47,33.46,85.47,33.46,52.01,0.00,Delivered,0
12273,2023-01-28,C1151,APAC,Japan,Hardware,Docking Station,Mid-Market,2,206.96,86.97,413.92,173.94,239.98,0.00,Delivered,0
12509,2023-01-28,C1201,AMER,United States,Hardware,"27"" Monitor",Enterprise,8,300.48,135.10,2403.84,1080.80,1323.04,0.00,Delivered,0
10225,2023-01-29,C1052,EMEA,France,Hardware,USB-C Hub,SMB,8,50.41,21.51,403.28,172.08,231.20,0.00,Shipped,0
10426,2023-01-29,C1170,APAC,Australia,Accessories,Cable Set,Mid-Market,12,15.04,4.52,180.48,54.24,126.24,0.00,Delivered,0
12108,2023-01-29,C1130,APAC,Japan,Software,VPN Annual,Mid-Market,3,40.55,3.23,121.65,9.69,111.96,,Delivered,0
10544,2023-01-30,C1302,APAC,Singapore,Services,Training Course,Consumer,4,354.23,87.92,1346.07,351.68,994.39,0.05,Delivered,0
11868,2023-01-30,C1045,EMEA,Germany,Software,Editor Pro License,SMB,4,98.04,10.09,392.16,40.36,351.80,0.00,Delivered,0
10165,2023-01-31,C1202,AMER,Brazil,Accessories,Carry Sleeve,Enterprise,8,29.43,8.24,235.44,65.92,169.52,0.00,Delivered,0
10671,2023-01-31,C1191,EMEA,Netherlands,Software,VPN Annual,Enterprise,16,38.08,3.23,609.28,51.68,557.60,0.00,Pending,0
11718,2023-01-31,C1204,APAC,South Korea,Accessories,Desk Mat,Enterprise,5,23.50,6.20,117.50,31.00,86.50,,Delivered,0
12643,2023-02-01,C1185,APAC,Singapore,Hardware,"27"" Monitor",Enterprise,12,306.53,133.42,3678.36,1601.04,2077.32,0.00,Delivered,0
12757,2023-02-01,C1162,EMEA,Germany,Accessories,Cable Set,Mid-Market,4,14.09,4.30,56.36,17.20,39.16,0.00,Delivered,0
10892,2023-02-02,C1122,APAC,South Korea,Hardware,Laptop Stand,Mid-Market,3,44.92,15.25,134.76,45.75,89.01,0.00,Delivered,0
12873,2023-02-02,C1008,EMEA,Sweden,Software,Analytics Platform,SMB,6,408.53,35.78,2328.62,214.68,2113.94,0.05,Pending,0
10042,2023-02-03,C1231,APAC,India,Hardware,USB-C Hub,Consumer,1,50.78,21.31,50.78,21.31,29.47,0.00,Delivered,0
10207,2023-02-03,C1134,APAC,India,Hardware,Laptop Stand,Mid-Market,12,41.68,15.42,500.16,185.04,315.12,0.00,Shipped,0
10675,2023-02-03,C1272,EMEA,France,Services,Custom Integration,Consumer,1,1151.05,404.19,1151.05,404.19,746.86,0.00,Delivered,0
10878,2023-02-03,C1071,EMEA,Netherlands,Accessories,Monitor Arm,SMB,5,94.04,34.51,470.20,172.55,297.65,0.00,Delivered,0
11072,2023-02-03,C1070,AMER,Brazil,Accessories,Desk Mat,SMB,7,24.90,5.98,174.30,41.86,132.44,,Pending,0
11578,2023-02-03,C1193,EMEA,United Kingdom,Software,VPN Annual,Enterprise,20,38.54,3.00,770.80,60.00,710.80,0.00,Delivered,0
12057,2023-02-03,C1056,EMEA,Germany,Accessories,Desk Mat,SMB,1,23.53,6.17,23.53,6.17,17.36,0.00,Delivered,0
12923,2023-02-03,C1085,AMER,United States,Software,Cloud Backup 1TB,SMB,6,55.82,6.82,334.92,40.92,294.00,0.00,Pending,0
10308,2023-02-04,C1204,EMEA,Netherlands,Hardware,Docking Station,Enterprise,9,204.89,95.96,1844.01,863.64,980.37,0.00,Delivered,0
11258,2023-02-04,C1142,EMEA,Netherlands,Hardware,Laptop Stand,Mid-Market,2,44.88,15.00,71.81,30.00,41.81,0.20,Shipped,0
11658,2023-02-04,C1079,AMER,Brazil,Services,Training Course,SMB,1,354.04,85.32,354.04,85.32,268.72,0.00,Delivered,0
12972,2023-02-04,C1003,AMER,United States,Software,Analytics Platform,SMB,5,386.10,35.39,1930.50,176.95,1753.55,0.00,Delivered,0
10959,2023-02-05,C1209,AMER,Canada,Services,Custom Integration,Enterprise,7,1179.36,426.47,8255.52,2985.29,5270.23,,Delivered,0
11128,2023-02-05,C1021,AMER,United States,Accessories,Carry Sleeve,SMB,5,27.71,7.72,138.55,38.60,99.95,0.00,Delivered,0
12889,2023-02-05,C1238,AMER,Canada,Hardware,"27"" Monitor",Consumer,2,333.97,145.07,500.96,290.14,210.82,0.25,Delivered,0
12983,2023-02-05,C1023,EMEA,Germany,Services,Training Course,SMB,8,340.77,89.29,2726.16,714.32,2011.84,0.00,Delivered,0
11699,2023-02-06,C1238,EMEA,France,Hardware,USB-C Hub,Consumer,3,50.99,20.00,152.97,60.00,92.97,0.00,Delivered,0
10332,2023-02-07,C1266,AMER,Mexico,Hardware,Docking Station,Consumer,1,200.31,89.30,200.31,89.30,111.01,0.00,Delivered,0
11318,2023-02-07,C1108,AMER,Mexico,Software,VPN Annual,SMB,3,37.18,3.10,111.54,9.30,102.24,0.00,Delivered,0
11984,2023-02-07,C1060,EMEA,France,Hardware,USB-C Hub,SMB,4,51.18,20.53,204.72,82.12,122.60,0.00,Delivered,0
12703,2023-02-07,C1205,APAC,India,Accessories,Desk Mat,Enterprise,20,23.93,6.28,382.88,125.60,257.28,0.20,Shipped,0
10304,2023-02-08,C1196,APAC,South Korea,Services,Priority Support,Enterprise,16,190.31,37.37,3044.96,597.92,2447.04,0.00,Shipped,0
10780,2023-02-08,C1177,AMER,Mexico,Hardware,Laptop Stand,Mid-Market,11,41.90,16.10,460.90,177.10,283.80,0.00,Delivered,0
11993,2023-02-08,C1138,EMEA,Netherlands,Hardware,Docking Station,Mid-Market,8,196.20,92.62,1569.60,740.96,828.64,0.00,Delivered,0
10986,2023-02-09,C1209,APAC,Singapore,Accessories,Carry Sleeve,Enterprise,4,30.12,8.09,120.48,32.36,88.12,0.00,Pending,0
11313,2023-02-09,C1194,EMEA,France,Hardware,USB-C Hub,Enterprise,16,51.73,21.54,744.91,344.64,400.27,0.10,Shipped,0
11942,2023-02-09,C1188,EMEA,Sweden,Hardware,Webcam HD,Enterprise,7,82.74,30.85,579.18,215.95,363.23,0.00,Delivered,0
12898,2023-02-09,C1152,EMEA,United Kingdom,Services,Onboarding Workshop,Mid-Market,6,493.05,146.48,2958.30,878.88,2079.42,0.00,Delivered,0
10045,2023-02-11,C1052,AMER,Canada,Software,Design Suite,SMB,6,260.74,27.23,1564.44,163.38,1401.06,0.00,Delivered,0
10501,2023-02-11,C1196,AMER,Canada,Accessories,Carry Sleeve,Enterprise,17,28.86,8.13,490.62,138.21,352.41,0.00,Delivered,0
11005,2023-02-11,C1122,APAC,Singapore,Software,Analytics Platform,Mid-Market,7,403.48,36.83,2400.71,257.81,2142.90,0.15,Delivered,0
11163,2023-02-11,C1147,EMEA,United Kingdom,Accessories,Carry Sleeve,Mid-Market,6,27.58,8.14,165.48,48.84,116.64,0.00,Delivered,0
11560,2023-02-12,C1062,AMER,Brazil,Hardware,Mechanical Keyboard,SMB,8,125.07,50.41,900.50,403.28,497.22,0.10,Delivered,0
12901,2023-02-12,C1255,APAC,Singapore,Services,Custom Integration,Consumer,4,1140.18,404.91,4560.72,1619.64,2941.08,0.00,Delivered,0
10655,2023-02-13,C1187,APAC,Singapore,Accessories,Desk Mat,Enterprise,3,22.59,6.00,54.22,18.00,36.22,0.20,Delivered,0
11378,2023-02-13,C1086,EMEA,France,Services,Priority Support,SMB,2,178.37,34.30,356.74,68.60,288.14,0.00,Delivered,0
11447,2023-02-14,C1118,EMEA,Spain,Hardware,Laptop Stand,SMB,7,46.42,15.17,324.94,106.19,218.75,0.00,Delivered,0
11808,2023-02-14,C1156,EMEA,Netherlands,Services,Priority Support,Mid-Market,3,181.27,37.05,543.81,111.15,432.66,0.00,Pending,0
10836,2023-02-15,C1176,APAC,Singapore,Accessories,Carry Sleeve,Mid-Market,6,28.25,8.41,169.50,50.46,119.04,0.00,Delivered,0
11528,2023-02-15,C1249,AMER,Brazil,Accessories,Desk Mat,Consumer,3,23.81,6.33,71.43,18.99,52.44,,Delivered,0
11593,2023-02-15,C1084,AMER,Brazil,Software,Analytics Platform,SMB,5,413.79,34.61,2068.95,173.05,1895.90,0.00,Delivered,1
12298,2023-02-15,C1219,AMER,Canada,Hardware,Laptop Stand,Consumer,4,43.56,15.62,174.24,62.48,111.76,,Delivered,0
10251,2023-02-16,C1040,EMEA,Sweden,Software,VPN Annual,SMB,8,39.61,3.04,316.88,24.32,292.56,0.00,Delivered,0
10382,2023-02-16,C1207,AMER,Brazil,Accessories,Monitor Arm,Enterprise,12,87.96,32.45,1055.52,389.40,666.12,0.00,Delivered,0
12293,2023-02-16,C1165,APAC,South Korea,Accessories,Carry Sleeve,Mid-Market,8,27.97,7.91,223.76,63.28,160.48,0.00,Shipped,0
10394,2023-02-17,C1137,EMEA,Germany,Hardware,Laptop Stand,Mid-Market,3,45.79,15.65,130.50,46.95,83.55,0.05,Delivered,0
10477,2023-02-17,C1183,EMEA,Sweden,Hardware,Docking Station,Enterprise,8,204.28,88.33,1634.24,706.64,927.60,0.00,Cancelled,0
10587,2023-02-17,C1065,AMER,Canada,Hardware,Mechanical Keyboard,SMB,6,125.56,50.87,753.36,305.22,448.14,0.00,Delivered,0
10639,2023-02-17,C1187,AMER,United States,Hardware,Docking Station,Enterprise,19,206.15,94.24,3916.85,1790.56,2126.29,0.00,Delivered,0
10958,2023-02-17,C1010,EMEA,Spain,Hardware,"27"" Monitor",SMB,1,322.00,146.74,322.00,146.74,175.26,0.00,Delivered,0
11867,2023-02-17,C1295,EMEA,Germany,Accessories,Cable Set,Consumer,4,14.41,4.47,43.23,17.88,25.35,0.25,Delivered,0
11373,2023-02-18,C1030,AMER,Brazil,Accessories,Desk Mat,SMB,3,23.90,6.35,68.11,19.05,49.06,0.05,Delivered,0
10418,2023-02-19,C1226,EMEA,Finland,Hardware,Mechanical Keyboard,Consumer,4,132.57,50.92,530.28,203.68,326.60,0.00,Delivered,0
10904,2023-02-19,C1192,APAC,South Korea,Hardware,Webcam HD,Enterprise,16,82.96,31.66,1327.36,506.56,820.80,0.00,Delivered,0
12268,2023-02-20,C1220,AMER,Mexico,Hardware,Docking Station,Consumer,2,191.69,96.03,383.38,192.06,191.32,0.00,Delivered,0
12846,2023-02-20,C1134,AMER,Brazil,Services,Training Course,Mid-Market,6,356.39,86.16,2138.34,516.96,1621.38,0.00,Delivered,0
10584,2023-02-21,C1177,AMER,Brazil,Accessories,Carry Sleeve,Mid-Market,11,30.26,8.51,332.86,93.61,239.25,0.00,Delivered,0
11583,2023-02-21,C1157,EMEA,France,Hardware,USB-C Hub,Mid-Market,7,47.13,21.71,329.91,151.97,177.94,,Shipped,0
11914,2023-02-21,C1061,AMER,Mexico,Software,Analytics Platform,SMB,8,379.39,34.92,3035.12,279.36,2755.76,0.00,Delivered,0
12078,2023-02-21,C1042,EMEA,France,Hardware,USB-C Hub,SMB,5,51.19,21.15,255.95,105.75,150.20,0.00,Pending,0
12246,2023-02-21,C1183,AMER,Mexico,Software,Design Suite,Enterprise,12,261.58,26.76,3138.96,321.12,2817.84,0.00,Delivered,0
12779,2023-02-21,C1118,AMER,Canada,Software,Analytics Platform,SMB,6,403.50,36.66,2421.00,219.96,2201.04,0.00,Delivered,0
12728,2023-02-22,C1059,EMEA,Sweden,Services,Training Course,SMB,8,349.06,88.97,2792.48,711.76,2080.72,0.00,Delivered,0
10233,2023-02-23,C1180,APAC,Japan,Services,Custom Integration,Mid-Market,8,1162.30,427.71,9298.40,3421.68,5876.72,0.00,Shipped,0
11648,2023-02-23,C1205,EMEA,Spain,Hardware,Laptop Stand,Enterprise,20,45.62,15.03,912.40,300.60,611.80,0.00,Cancelled,0
11741,2023-02-23,C1197,EMEA,United Kingdom,Hardware,"27"" Monitor",Enterprise,17,334.86,134.96,5692.62,2294.32,3398.30,0.00,Shipped,0
12412,2023-02-23,C1151,APAC,Japan,Software,Design Suite,Mid-Market,3,263.50,27.33,790.50,81.99,708.51,0.00,Delivered,0
10463,2023-02-24,C1032,EMEA,France,Services,Custom Integration,SMB,3,1161.63,408.98,3484.89,1226.94,2257.95,0.00,Delivered,0
12615,2023-02-24,C1139,APAC,South Korea,Hardware,USB-C Hub,Mid-Market,5,48.04,21.82,240.20,109.10,131.10,,Delivered,0
12949,2023-02-24,C1210,EMEA,Netherlands,Hardware,"27"" Monitor",Enterprise,4,323.54,139.79,1294.16,559.16,735.00,,Delivered,0
12491,2023-02-25,C1229,EMEA,Netherlands,Hardware,Mechanical Keyboard,Consumer,3,128.22,50.32,384.66,150.96,233.70,0.00,Delivered,0
12758,2023-02-25,C1181,AMER,Mexico,Software,Analytics Platform,Enterprise,10,398.08,34.40,3980.80,344.00,3636.80,0.00,Delivered,0
10662,2023-02-26,C1187,EMEA,United Kingdom,Software,Cloud Backup 1TB,Enterprise,7,55.74,7.35,292.63,51.45,241.18,0.25,Shipped,0
11472,2023-02-26,C1210,EMEA,France,Hardware,Docking Station,Enterprise,19,203.45,95.30,3865.55,1810.70,2054.85,0.00,Delivered,0
11829,2023-02-26,C1171,APAC,Japan,Hardware,"27"" Monitor",Mid-Market,3,325.23,138.12,780.55,414.36,366.19,0.20,Delivered,0
10055,2023-02-27,C1168,EMEA,Germany,Software,Cloud Backup 1TB,Mid-Market,10,55.89,7.18,558.90,71.80,487.10,0.00,Delivered,0
12146,2023-02-27,C1065,AMER,Brazil,Services,Onboarding Workshop,SMB,4,480.62,146.71,1922.48,586.84,1335.64,0.00,Shipped,0
11531,2023-02-28,C1189,EMEA,Spain,Hardware,Laptop Stand,Enterprise,14,41.68,14.75,583.52,206.50,377.02,0.00,Delivered,0
12064,2023-02-28,C1119,AMER,United States,Accessories,Monitor Arm,SMB,3,93.94,33.57,281.82,100.71,181.11,0.00,Delivered,0
12761,2023-02-28,C1189,APAC,South Korea,Hardware,"27"" Monitor",Enterprise,5,317.43,135.56,1587.15,677.80,909.35,0.00,Delivered,0
11910,2023-03-01,C1044,EMEA,Sweden,Software,Cloud Backup 1TB,SMB,6,59.45,7.14,356.70,42.84,313.86,,Delivered,0
12849,2023-03-01,C1027,EMEA,United Kingdom,Software,Cloud Backup 1TB,SMB,8,56.69,7.11,430.84,56.88,373.96,0.05,Delivered,0
12933,2023-03-01,C1161,AMER,Brazil,Hardware,Webcam HD,Mid-Market,2,84.05,32.60,168.10,65.20,102.90,0.00,Delivered,1
10809,2023-03-02,C1209,EMEA,France,Services,Priority Support,Enterprise,19,185.23,35.63,3519.37,676.97,2842.40,0.00,Delivered,0
11067,2023-03-02,C1195,AMER,Brazil,Accessories,Carry Sleeve,Enterprise,18,27.30,7.74,466.83,139.32,327.51,0.05,Delivered,0
11114,2023-03-02,C1233,EMEA,Sweden,Services,Training Course,Consumer,4,337.31,89.41,1349.24,357.64,991.60,0.00,Delivered,0
11402,2023-03-02,C1134,EMEA,Germany,Software,VPN Annual,Mid-Market,8,37.59,3.17,300.72,25.36,275.36,0.00,Delivered,0
12425,2023-03-02,C1116,EMEA,Netherlands,Hardware,"27"" Monitor",SMB,5,335.42,142.17,1677.10,710.85,966.25,0.00,Delivered,0
12979,2023-03-02,C1086,EMEA,Sweden,Accessories,Cable Set,SMB,7,14.75,4.55,87.76,31.85,55.91,0.15,Delivered,0
10346,2023-03-03,C1124,APAC,Singapore,Services,Training Course,Mid-Market,11,344.60,86.86,3790.60,955.46,2835.14,0.00,Delivered,0
10535,2023-03-03,C1086,AMER,United States,Accessories,Carry Sleeve,SMB,5,29.39,7.88,146.95,39.40,107.55,0.00,Delivered,0
11620,2023-03-03,C1148,EMEA,Spain,Software,Design Suite,Mid-Market,5,259.81,27.32,1299.05,136.60,1162.45,0.00,Delivered,0
12416,2023-03-03,C1150,EMEA,Sweden,Software,Editor Pro License,Mid-Market,5,93.42,10.05,350.33,50.25,300.08,0.25,Delivered,0
12961,2023-03-03,C1247,APAC,Australia,Software,Design Suite,Consumer,2,252.91,28.54,480.53,57.08,423.45,0.05,Delivered,0
12966,2023-03-03,C1027,EMEA,Sweden,Software,Analytics Platform,SMB,2,417.47,34.59,834.94,69.18,765.76,0.00,Shipped,0
11408,2023-03-04,C1175,APAC,South Korea,Accessories,Desk Mat,Mid-Market,5,22.76,6.19,113.80,30.95,82.85,0.00,Delivered,0
11918,2023-03-04,C1086,AMER,Mexico,Hardware,Laptop Stand,SMB,4,44.28,15.92,177.12,63.68,113.44,0.00,Cancelled,0
11439,2023-03-05,C1056,EMEA,France,Software,VPN Annual,SMB,7,40.32,3.21,282.24,22.47,259.77,0.00,Delivered,0
11615,2023-03-05,C1141,AMER,Canada,Accessories,Monitor Arm,Mid-Market,4,91.00,32.51,364.00,130.04,233.96,,Delivered,0
12316,2023-03-05,C1145,EMEA,Sweden,Hardware,Laptop Stand,Mid-Market,3,42.38,15.83,127.14,47.49,79.65,0.00,Delivered,0
10302,2023-03-06,C1219,APAC,Australia,Software,Cloud Backup 1TB,Consumer,4,61.37,7.24,245.48,28.96,216.52,0.00,Delivered,0
10323,2023-03-06,C1124,EMEA,France,Software,Analytics Platform,Mid-Market,6,420.35,36.60,2017.68,219.60,1798.08,0.20,Delivered,0
10682,2023-03-06,C1180,EMEA,United Kingdom,Services,Custom Integration,Mid-Market,4,1130.84,418.52,4523.36,1674.08,2849.28,0.00,Delivered,0
10714,2023-03-06,C1251,EMEA,Sweden,Hardware,Webcam HD,Consumer,1,77.31,30.41,77.31,30.41,46.90,0.00,Cancelled,0
11556,2023-03-06,C1201,AMER,Canada,Accessories,Cable Set,Enterprise,15,13.69,4.55,205.35,68.25,137.10,0.00,Pending,0
10579,2023-03-07,C1220,EMEA,Finland,Services,Onboarding Workshop,Consumer,2,473.65,144.05,947.30,288.10,659.20,0.00,Delivered,0
10627,2023-03-07,C1094,EMEA,Finland,Accessories,Cable Set,SMB,6,14.51,4.46,87.06,26.76,60.30,0.00,Delivered,0
11122,2023-03-07,C1149,EMEA,Finland,Software,Analytics Platform,Mid-Market,7,379.85,36.26,2658.95,253.82,2405.13,0.00,Delivered,0
12443,2023-03-07,C1286,AMER,United States,Accessories,Desk Mat,Consumer,2,23.96,5.95,40.73,11.90,28.83,0.15,Delivered,0
10833,2023-03-08,C1243,APAC,India,Hardware,Webcam HD,Consumer,3,76.69,31.96,230.07,95.88,134.19,0.00,Delivered,0
11124,2023-03-08,C1111,AMER,United States,Accessories,Desk Mat,SMB,1,23.58,6.53,23.58,6.53,17.05,0.00,Delivered,0
12571,2023-03-08,C1192,EMEA,Netherlands,Accessories,Desk Mat,Enterprise,17,22.64,6.35,384.88,107.95,276.93,0.00,Pending,0
11018,2023-03-09,C1191,EMEA,Netherlands,Hardware,Mechanical Keyboard,Enterprise,5,136.52,47.73,682.60,238.65,443.95,0.00,Delivered,0
11349,2023-03-09,C1191,AMER,Canada,Services,Onboarding Workshop,Enterprise,13,509.93,144.64,6629.09,1880.32,4748.77,0.00,Delivered,0
11644,2023-03-09,C1082,AMER,Canada,Hardware,Mechanical Keyboard,SMB,5,134.51,47.87,672.55,239.35,433.20,0.00,Delivered,0
11706,2023-03-09,C1045,AMER,Mexico,Software,Cloud Backup 1TB,SMB,1,56.17,6.87,56.17,6.87,49.30,0.00,Delivered,0
11038,2023-03-10,C1037,APAC,Australia,Software,Cloud Backup 1TB,SMB,2,57.66,7.18,115.32,14.36,100.96,0.00,Delivered,0
12290,2023-03-10,C1215,AMER,United States,Hardware,Docking Station,Consumer,4,189.87,88.32,607.58,353.28,254.30,0.20,Delivered,0
10392,2023-03-11,C1119,APAC,Singapore,Services,Priority Support,SMB,1,174.74,37.76,174.74,37.76,136.98,0.00,Delivered,0
10451,2023-03-11,C1273,EMEA,United Kingdom,Hardware,USB-C Hub,Consumer,1,52.38,20.52,52.38,20.52,31.86,0.00,Delivered,0
10475,2023-03-11,C1193,AMER,Brazil,Accessories,Cable Set,Enterprise,13,14.87,4.40,193.31,57.20,136.11,0.00,Delivered,0
10500,2023-03-11,C1144,EMEA,Netherlands,Accessories,Monitor Arm,Mid-Market,2,90.19,32.23,180.38,64.46,115.92,0.00,Delivered,0
11850,2023-03-11,C1085,EMEA,Germany,Software,Editor Pro License,SMB,6,98.45,9.94,590.70,59.64,531.06,0.00,Delivered,0
12301,2023-03-11,C1133,AMER,United States,Software,Analytics Platform,Mid-Market,3,382.23,37.17,1146.69,111.51,1035.18,0.00,Pending,0
11312,2023-03-12,C1173,AMER,United States,Hardware,Laptop Stand,Mid-Market,5,42.88,15.16,214.40,75.80,138.60,0.00,Delivered,0
11574,2023-03-12,C1201,AMER,Canada,Software,Cloud Backup 1TB,Enterprise,19,58.55,6.80,1112.45,129.20,983.25,0.00,Delivered,0
12907,2023-03-12,C1129,EMEA,Germany,Software,VPN Annual,Mid-Market,10,41.28,3.15,330.24,31.50,298.74,0.20,Delivered,0
10367,2023-03-13,C1272,APAC,Australia,Accessories,Monitor Arm,Consumer,1,85.31,32.76,85.31,32.76,52.55,0.00,Delivered,0
10645,2023-03-13,C1204,EMEA,Sweden,Software,Analytics Platform,Enterprise,10,415.93,37.13,4159.30,371.30,3788.00,0.00,Delivered,0
11262,2023-03-13,C1042,EMEA,United Kingdom,Accessories,Monitor Arm,SMB,6,88.60,33.67,505.02,202.02,303.00,0.05,Delivered,0
12027,2023-03-14,C1170,AMER,Brazil,Services,Onboarding Workshop,Mid-Market,12,485.52,152.87,5826.24,1834.44,3991.80,0.00,Delivered,0
12148,2023-03-14,C1171,APAC,Australia,Hardware,USB-C Hub,Mid-Market,6,49.48,20.55,296.88,123.30,173.58,0.00,Shipped,0
12759,2023-03-14,C1170,AMER,United States,Software,Design Suite,Mid-Market,3,249.19,28.72,747.57,86.16,661.41,0.00,Delivered,0
10239,2023-03-15,C1186,AMER,Mexico,Accessories,Monitor Arm,Enterprise,11,91.43,33.56,754.30,369.16,385.14,0.25,Shipped,0
10939,2023-03-15,C1197,APAC,Singapore,Software,Cloud Backup 1TB,Enterprise,16,56.42,6.82,902.72,109.12,793.60,0.00,Delivered,0
11609,2023-03-15,C1152,APAC,India,Accessories,Monitor Arm,Mid-Market,3,93.03,33.78,279.09,101.34,177.75,,Shipped,0
12261,2023-03-15,C1110,AMER,United States,Software,Editor Pro License,SMB,3,102.76,9.65,308.28,28.95,279.33,0.00,Delivered,0
12604,2023-03-15,C1152,EMEA,Spain,Services,Priority Support,Mid-Market,2,177.27,34.55,354.54,69.10,285.44,,Delivered,0
12836,2023-03-16,C1196,EMEA,Spain,Hardware,Mechanical Keyboard,Enterprise,15,132.86,48.92,1992.90,733.80,1259.10,0.00,Delivered,0
10897,2023-03-17,C1282,AMER,Mexico,Accessories,Desk Mat,Consumer,1,23.11,6.46,23.11,6.46,16.65,0.00,Delivered,0
10991,2023-03-17,C1187,EMEA,United Kingdom,Software,VPN Annual,Enterprise,6,41.09,3.22,246.54,19.32,227.22,0.00,Shipped,0
11863,2023-03-17,C1082,APAC,Australia,Services,Priority Support,SMB,6,187.01,36.85,953.75,221.10,732.65,0.15,Delivered,0
12556,2023-03-17,C1179,EMEA,Germany,Services,Custom Integration,Mid-Market,4,1154.41,401.86,4617.64,1607.44,3010.20,0.00,Delivered,0
12982,2023-03-17,C1203,APAC,Singapore,Accessories,Cable Set,Enterprise,13,14.12,4.24,183.56,55.12,128.44,,Delivered,0
10511,2023-03-18,C1178,APAC,Japan,Services,Priority Support,Mid-Market,2,171.34,36.14,274.14,72.28,201.86,0.20,Delivered,0
11828,2023-03-18,C1176,APAC,Singapore,Software,Analytics Platform,Mid-Market,10,395.45,37.15,3559.05,371.50,3187.55,0.10,Shipped,0
12520,2023-03-18,C1208,EMEA,Sweden,Hardware,Docking Station,Enterprise,17,197.74,91.30,3361.58,1552.10,1809.48,0.00,Delivered,0
12597,2023-03-18,C1104,EMEA,Sweden,Software,VPN Annual,SMB,8,36.74,2.99,293.92,23.92,270.00,0.00,Delivered,0
10674,2023-03-19,C1167,EMEA,Sweden,Software,Cloud Backup 1TB,Mid-Market,8,57.26,6.73,458.08,53.84,404.24,0.00,Cancelled,0
11045,2023-03-19,C1210,APAC,Australia,Services,Custom Integration,Enterprise,5,1266.55,425.50,6332.75,2127.50,4205.25,0.00,Pending,0
11230,2023-03-19,C1116,EMEA,Finland,Accessories,Carry Sleeve,SMB,6,27.75,8.39,166.50,50.34,116.16,0.00,Delivered,0
11391,2023-03-19,C1193,EMEA,Spain,Hardware,Webcam HD,Enterprise,14,75.78,32.70,1060.92,457.80,603.12,0.00,Delivered,1
12253,2023-03-19,C1057,AMER,Canada,Software,Design Suite,SMB,3,248.46,28.58,745.38,85.74,659.64,,Delivered,0
10060,2023-03-20,C1197,AMER,Mexico,Hardware,Webcam HD,Enterprise,20,82.17,30.76,1643.40,615.20,1028.20,0.00,Delivered,0
12264,2023-03-20,C1165,EMEA,Finland,Services,Onboarding Workshop,Mid-Market,8,499.98,147.46,3599.86,1179.68,2420.18,0.10,Pending,0
12280,2023-03-20,C1113,AMER,United States,Hardware,Docking Station,SMB,1,195.19,91.80,195.19,91.80,103.39,0.00,Delivered,0
12620,2023-03-21,C1135,APAC,Japan,Hardware,Docking Station,Mid-Market,11,210.22,93.41,2312.42,1027.51,1284.91,0.00,Delivered,0
10573,2023-03-22,C1040,EMEA,Germany,Hardware,Webcam HD,SMB,3,83.29,32.36,249.87,97.08,152.79,0.00,Delivered,1
11299,2023-03-22,C1261,AMER,Brazil,Services,Onboarding Workshop,Consumer,3,489.36,147.93,1468.08,443.79,1024.29,0.00,Shipped,0
12075,2023-03-22,C1161,EMEA,Sweden,Software,Editor Pro License,Mid-Market,8,100.79,9.64,806.32,77.12,729.20,0.00,Delivered,0
12093,2023-03-22,C1203,EMEA,Netherlands,Services,Onboarding Workshop,Enterprise,4,484.71,155.41,1938.84,621.64,1317.20,0.00,Delivered,0
12326,2023-03-22,C1185,EMEA,Germany,Services,Custom Integration,Enterprise,14,1238.66,407.29,14740.05,5702.06,9037.99,0.15,Delivered,0
12423,2023-03-22,C1024,AMER,United States,Hardware,Webcam HD,SMB,6,78.03,30.79,374.54,184.74,189.80,0.20,Delivered,0
12919,2023-03-22,C1129,APAC,India,Hardware,Webcam HD,Mid-Market,11,77.88,31.02,856.68,341.22,515.46,0.00,Delivered,0
10336,2023-03-23,C1159,EMEA,Netherlands,Accessories,Carry Sleeve,Mid-Market,10,27.85,8.16,278.50,81.60,196.90,0.00,Delivered,0
10337,2023-03-23,C1047,EMEA,Finland,Accessories,Monitor Arm,SMB,3,88.65,34.28,265.95,102.84,163.11,0.00,Delivered,0
10480,2023-03-23,C1115,EMEA,France,Accessories,Carry Sleeve,SMB,8,27.93,7.75,223.44,62.00,161.44,0.00,Delivered,0
10536,2023-03-23,C1198,EMEA,France,Services,Priority Support,Enterprise,13,174.93,35.72,2274.09,464.36,1809.73,0.00,Delivered,0
11587,2023-03-23,C1125,AMER,Mexico,Hardware,USB-C Hub,Mid-Market,11,52.72,20.44,579.92,224.84,355.08,0.00,Delivered,0
10048,2023-03-24,C1138,APAC,India,Hardware,"27"" Monitor",Mid-Market,8,303.35,145.77,2426.80,1166.16,1260.64,0.00,Delivered,0
10771,2023-03-24,C1160,EMEA,Netherlands,Software,Analytics Platform,Mid-Market,8,398.10,37.66,3184.80,301.28,2883.52,0.00,Delivered,0
10965,2023-03-24,C1181,AMER,Canada,Accessories,Carry Sleeve,Enterprise,8,29.83,8.50,238.64,68.00,170.64,0.00,Delivered,0
11077,2023-03-25,C1155,AMER,Brazil,Hardware,Docking Station,Mid-Market,5,188.58,93.00,942.90,465.00,477.90,0.00,Delivered,0
11490,2023-03-25,C1028,APAC,Singapore,Hardware,USB-C Hub,SMB,5,50.66,20.42,253.30,102.10,151.20,0.00,Delivered,0
11793,2023-03-25,C1186,AMER,Brazil,Accessories,Desk Mat,Enterprise,11,22.79,6.39,250.69,70.29,180.40,0.00,Delivered,0
11865,2023-03-25,C1193,EMEA,Netherlands,Hardware,"27"" Monitor",Enterprise,16,322.50,143.98,4128.00,2303.68,1824.32,0.20,Delivered,0
11927,2023-03-25,C1278,AMER,Brazil,Hardware,Docking Station,Consumer,1,207.25,90.03,207.25,90.03,117.22,,Delivered,0
12172,2023-03-25,C1020,EMEA,Sweden,Hardware,Webcam HD,SMB,5,77.44,32.90,387.20,164.50,222.70,0.00,Delivered,0
11937,2023-03-26,C1195,EMEA,Germany,Hardware,USB-C Hub,Enterprise,19,49.38,22.00,938.22,418.00,520.22,0.00,Delivered,1
10841,2023-03-27,C1089,AMER,Brazil,Software,Cloud Backup 1TB,SMB,1,60.08,7.30,60.08,7.30,52.78,0.00,Cancelled,0
11678,2023-03-27,C1037,EMEA,Netherlands,Software,Analytics Platform,SMB,4,399.98,34.46,1199.94,137.84,1062.10,0.25,Delivered,0
11696,2023-03-27,C1156,EMEA,United Kingdom,Software,Editor Pro License,Mid-Market,5,102.56,9.71,512.80,48.55,464.25,0.00,Pending,0
10127,2023-03-28,C1043,AMER,Canada,Software,Editor Pro License,SMB,7,96.93,9.56,678.51,66.92,611.59,0.00,Delivered,0
10154,2023-03-28,C1081,AMER,Canada,Services,Priority Support,SMB,5,173.42,34.92,867.10,174.60,692.50,,Delivered,0
12010,2023-03-28,C1116,EMEA,Finland,Hardware,"27"" Monitor",SMB,7,316.54,142.79,2215.78,999.53,1216.25,0.00,Delivered,0
10037,2023-03-29,C1028,EMEA,Netherlands,Software,Analytics Platform,SMB,2,384.48,35.50,768.96,71.00,697.96,0.00,Shipped,0
11732,2023-03-29,C1114,EMEA,Finland,Software,Analytics Platform,SMB,2,377.26,35.42,754.52,70.84,683.68,0.00,Shipped,0
12034,2023-03-29,C1066,EMEA,Spain,Software,Editor Pro License,SMB,3,95.48,9.63,286.44,28.89,257.55,0.00,Delivered,0
10792,2023-03-30,C1098,AMER,United States,Services,Training Course,SMB,6,369.64,87.53,2217.84,525.18,1692.66,0.00,Delivered,0
10898,2023-03-30,C1193,APAC,India,Services,Training Course,Enterprise,19,353.76,88.65,6721.44,1684.35,5037.09,0.00,Shipped,0
12098,2023-03-30,C1143,EMEA,Sweden,Hardware,Mechanical Keyboard,Mid-Market,12,127.77,49.87,1533.24,598.44,934.80,0.00,Delivered,0
10186,2023-03-31,C1070,AMER,United States,Hardware,Webcam HD,SMB,4,77.11,32.49,308.44,129.96,178.48,0.00,Delivered,0
11046,2023-03-31,C1284,EMEA,Germany,Services,Priority Support,Consumer,4,175.77,37.12,703.08,148.48,554.60,0.00,Delivered,0
10853,2023-04-01,C1146,EMEA,France,Hardware,"27"" Monitor",Mid-Market,5,321.02,146.51,1605.10,732.55,872.55,0.00,Cancelled,0
12486,2023-04-01,C1184,EMEA,France,Accessories,Cable Set,Enterprise,9,13.84,4.14,124.56,37.26,87.30,0.00,Delivered,0
10826,2023-04-02,C1137,AMER,Canada,Software,Cloud Backup 1TB,Mid-Market,8,58.24,7.26,465.92,58.08,407.84,0.00,Delivered,0
11575,2023-04-02,C1090,AMER,Brazil,Software,Editor Pro License,SMB,2,102.91,10.00,154.37,20.00,134.37,0.25,Delivered,0
10071,2023-04-03,C1016,AMER,Canada,Services,Custom Integration,SMB,8,1255.68,405.35,10045.44,3242.80,6802.64,0.00,Delivered,0
10087,2023-04-03,C1252,EMEA,Spain,Accessories,Desk Mat,Consumer,3,24.18,6.54,72.54,19.62,52.92,0.00,Pending,0
11446,2023-04-03,C1100,APAC,India,Software,Editor Pro License,SMB,7,97.60,9.44,683.20,66.08,617.12,0.00,Delivered,0
12137,2023-04-03,C1105,APAC,Japan,Accessories,Desk Mat,SMB,7,24.19,6.37,169.33,44.59,124.74,,Delivered,0
10019,2023-04-04,C1126,AMER,Mexico,Accessories,Cable Set,Mid-Market,11,14.27,4.52,156.97,49.72,107.25,,Delivered,0
10764,2023-04-04,C1182,EMEA,Germany,Accessories,Cable Set,Enterprise,18,13.68,4.38,221.62,78.84,142.78,0.10,Delivered,0
10895,2023-04-04,C1162,EMEA,Sweden,Software,VPN Annual,Mid-Market,4,39.87,3.02,143.53,12.08,131.45,0.10,Delivered,0
11206,2023-04-04,C1155,AMER,Canada,Software,Analytics Platform,Mid-Market,5,419.38,37.10,1782.37,185.50,1596.87,0.15,Delivered,0
12244,2023-04-04,C1114,AMER,Canada,Software,Editor Pro License,SMB,8,101.09,10.34,808.72,82.72,726.00,0.00,Delivered,0
12400,2023-04-04,C1089,APAC,Australia,Hardware,"27"" Monitor",SMB,3,315.16,136.18,945.48,408.54,536.94,0.00,Delivered,0
10971,2023-04-05,C1195,APAC,South Korea,Software,Editor Pro License,Enterprise,14,96.91,9.93,1356.74,139.02,1217.72,,Delivered,0
10151,2023-04-06,C1204,EMEA,France,Hardware,"27"" Monitor",Enterprise,3,331.89,136.79,746.75,410.37,336.38,0.25,Delivered,0
10995,2023-04-06,C1033,AMER,Mexico,Accessories,Cable Set,SMB,8,15.15,4.45,121.20,35.60,85.60,0.00,Delivered,0
11099,2023-04-07,C1182,AMER,United States,Services,Custom Integration,Enterprise,9,1181.10,405.77,10629.90,3651.93,6977.97,0.00,Delivered,0
11571,2023-04-07,C1255,AMER,United States,Hardware,Mechanical Keyboard,Consumer,3,123.67,47.43,371.01,142.29,228.72,0.00,Delivered,0
11901,2023-04-07,C1118,AMER,Canada,Hardware,Webcam HD,SMB,3,75.76,31.91,227.28,95.73,131.55,0.00,Delivered,0
12457,2023-04-07,C1228,APAC,Singapore,Software,VPN Annual,Consumer,1,37.21,3.19,37.21,3.19,34.02,0.00,Delivered,0
10406,2023-04-08,C1270,AMER,Canada,Accessories,Carry Sleeve,Consumer,2,28.84,8.50,57.68,17.00,40.68,0.00,Cancelled,0
11078,2023-04-08,C1186,AMER,Brazil,Accessories,Monitor Arm,Enterprise,15,87.74,34.16,1316.10,512.40,803.70,,Delivered,0
11110,2023-04-08,C1178,EMEA,Spain,Software,Design Suite,Mid-Market,7,243.11,26.17,1701.77,183.19,1518.58,0.00,Cancelled,0
12311,2023-04-08,C1140,APAC,Japan,Services,Custom Integration,Mid-Market,11,1257.35,432.07,13830.85,4752.77,9078.08,0.00,Delivered,0
10633,2023-04-09,C1294,AMER,Mexico,Accessories,Monitor Arm,Consumer,3,87.25,35.11,261.75,105.33,156.42,,Delivered,0
11382,2023-04-09,C1143,EMEA,United Kingdom,Services,Priority Support,Mid-Market,6,177.96,35.13,1067.76,210.78,856.98,0.00,Delivered,0
11923,2023-04-09,C1204,APAC,South Korea,Accessories,Carry Sleeve,Enterprise,11,29.82,7.99,328.02,87.89,240.13,0.00,Delivered,0
12503,2023-04-09,C1126,APAC,Japan,Software,Cloud Backup 1TB,Mid-Market,8,60.68,7.00,485.44,56.00,429.44,0.00,Delivered,0
12554,2023-04-09,C1209,APAC,Singapore,Accessories,Desk Mat,Enterprise,20,23.53,6.11,470.60,122.20,348.40,0.00,Delivered,0
12650,2023-04-09,C1174,AMER,Brazil,Software,Cloud Backup 1TB,Mid-Market,12,56.57,7.04,678.84,84.48,594.36,0.00,Delivered,0
10250,2023-04-10,C1192,EMEA,Finland,Software,Editor Pro License,Enterprise,3,94.37,10.06,283.11,30.18,252.93,0.00,Delivered,0
10638,2023-04-10,C1194,AMER,Brazil,Accessories,Cable Set,Enterprise,9,13.73,4.44,123.57,39.96,83.61,0.00,Delivered,0
10715,2023-04-10,C1049,AMER,Brazil,Hardware,USB-C Hub,SMB,3,50.62,21.61,151.86,64.83,87.03,0.00,Delivered,0
11137,2023-04-10,C1124,EMEA,Spain,Software,VPN Annual,Mid-Market,12,40.37,3.11,484.44,37.32,447.12,0.00,Shipped,0
11001,2023-04-11,C1117,EMEA,Spain,Software,Design Suite,SMB,7,244.44,27.66,1711.08,193.62,1517.46,0.00,Delivered,0
11956,2023-04-11,C1197,AMER,Canada,Software,Cloud Backup 1TB,Enterprise,17,62.25,7.40,1058.25,125.80,932.45,0.00,Delivered,0
12797,2023-04-11,C1228,EMEA,United Kingdom,Software,VPN Annual,Consumer,2,37.18,3.15,74.36,6.30,68.06,,Delivered,0
11057,2023-04-12,C1172,EMEA,Spain,Accessories,Carry Sleeve,Mid-Market,7,30.68,7.88,214.76,55.16,159.60,0.00,Delivered,0
12385,2023-04-13,C1085,AMER,Canada,Hardware,Webcam HD,SMB,1,78.35,32.36,70.52,32.36,38.16,0.10,Delivered,0
12406,2023-04-13,C1165,APAC,Singapore,Software,Design Suite,Mid-Market,4,238.70,27.05,954.80,108.20,846.60,0.00,Delivered,0
12527,2023-04-13,C1198,APAC,South Korea,Services,Onboarding Workshop,Enterprise,18,496.18,148.43,8931.24,2671.74,6259.50,0.00,Cancelled,0
10522,2023-04-14,C1207,AMER,Brazil,Hardware,Webcam HD,Enterprise,18,83.56,32.99,1504.08,593.82,910.26,0.00,Delivered,0
10607,2023-04-14,C1118,EMEA,France,Accessories,Cable Set,SMB,1,14.49,4.32,11.59,4.32,7.27,0.20,Pending,0
11773,2023-04-14,C1110,AMER,Mexico,Hardware,Webcam HD,SMB,8,77.31,31.35,618.48,250.80,367.68,0.00,Delivered,0
12105,2023-04-14,C1154,APAC,Singapore,Services,Custom Integration,Mid-Market,11,1163.54,433.29,12798.94,4766.19,8032.75,0.00,Delivered,0
10051,2023-04-15,C1241,AMER,Canada,Accessories,Carry Sleeve,Consumer,4,30.55,8.34,122.20,33.36,88.84,0.00,Delivered,0
12193,2023-04-15,C1178,APAC,South Korea,Services,Onboarding Workshop,Mid-Market,12,481.31,151.88,5775.72,1822.56,3953.16,0.00,Delivered,0
11269,2023-04-16,C1151,EMEA,Finland,Services,Onboarding Workshop,Mid-Market,12,512.03,149.58,5222.71,1794.96,3427.75,0.15,Delivered,0
11336,2023-04-16,C1051,AMER,Mexico,Hardware,"27"" Monitor",SMB,7,312.01,141.67,2184.07,991.69,1192.38,0.00,Shipped,0
12922,2023-04-16,C1107,EMEA,France,Accessories,Cable Set,SMB,4,15.09,4.34,51.31,17.36,33.95,0.15,Delivered,1
10946,2023-04-17,C1068,APAC,Australia,Software,VPN Annual,SMB,6,37.19,3.20,223.14,19.20,203.94,0.00,Delivered,0
11614,2023-04-17,C1033,EMEA,Germany,Accessories,Desk Mat,SMB,3,22.60,6.24,67.80,18.72,49.08,0.00,Delivered,0
12021,2023-04-17,C1074,EMEA,United Kingdom,Software,VPN Annual,SMB,5,37.26,3.25,186.30,16.25,170.05,0.00,Delivered,0
11043,2023-04-18,C1154,APAC,South Korea,Hardware,Webcam HD,Mid-Market,10,78.28,31.86,782.80,318.60,464.20,0.00,Delivered,1
10629,2023-04-19,C1159,EMEA,France,Services,Training Course,Mid-Market,7,367.11,90.64,2569.77,634.48,1935.29,0.00,Shipped,0
11032,2023-04-19,C1147,AMER,Brazil,Software,VPN Annual,Mid-Market,12,36.80,3.14,441.60,37.68,403.92,0.00,Delivered,0
11356,2023-04-19,C1174,APAC,India,Accessories,Monitor Arm,Mid-Market,2,89.49,33.12,178.98,66.24,112.74,0.00,Shipped,0
12141,2023-04-19,C1152,EMEA,Netherlands,Services,Custom Integration,Mid-Market,3,1152.21,405.56,3110.97,1216.68,1894.29,0.10,Cancelled,0
10270,2023-04-20,C1205,AMER,Brazil,Services,Priority Support,Enterprise,14,177.97,37.50,2491.58,525.00,1966.58,0.00,Cancelled,0
10930,2023-04-20,C1142,APAC,India,Hardware,Webcam HD,Mid-Market,2,83.68,30.84,142.26,61.68,80.58,0.15,Delivered,0
11084,2023-04-20,C1187,APAC,South Korea,Services,Custom Integration,Enterprise,3,1214.75,431.20,3644.25,1293.60,2350.65,0.00,Delivered,0
11375,2023-04-20,C1016,AMER,Mexico,Software,VPN Annual,SMB,2,37.00,3.16,74.00,6.32,67.68,0.00,Delivered,0
11413,2023-04-20,C1206,AMER,Brazil,Hardware,USB-C Hub,Enterprise,20,50.57,20.31,1011.40,406.20,605.20,0.00,Delivered,0
12886,2023-04-20,C1169,AMER,United States,Services,Onboarding Workshop,Mid-Market,10,483.06,147.83,4830.60,1478.30,3352.30,0.00,Cancelled,0
11316,2023-04-21,C1194,AMER,Canada,Accessories,Cable Set,Enterprise,17,13.76,4.28,233.92,72.76,161.16,,Delivered,0
12295,2023-04-21,C1042,AMER,Mexico,Accessories,Desk Mat,SMB,2,23.22,6.22,46.44,12.44,34.00,0.00,Delivered,0
12355,2023-04-21,C1143,APAC,Japan,Hardware,Docking Station,Mid-Market,12,203.98,92.26,2325.37,1107.12,1218.25,0.05,Delivered,0
12570,2023-04-21,C1268,EMEA,Sweden,Services,Training Course,Consumer,1,330.86,85.47,330.86,85.47,245.39,0.00,Cancelled,0
10289,2023-04-22,C1138,EMEA,Germany,Software,Editor Pro License,Mid-Market,8,93.24,10.33,745.92,82.64,663.28,0.00,Shipped,0
10697,2023-04-22,C1087,EMEA,France,Services,Training Course,SMB,8,347.70,86.62,2781.60,692.96,2088.64,0.00,Delivered,0
12017,2023-04-22,C1006,EMEA,United Kingdom,Accessories,Cable Set,SMB,4,14.53,4.36,58.12,17.44,40.68,0.00,Delivered,0
10068,2023-04-23,C1069,AMER,Brazil,Hardware,Mechanical Keyboard,SMB,8,135.09,49.15,1080.72,393.20,687.52,0.00,Delivered,0
10088,2023-04-23,C1186,AMER,Brazil,Hardware,Mechanical Keyboard,Enterprise,5,122.50,51.31,612.50,256.55,355.95,0.00,Delivered,0
11086,2023-04-23,C1233,APAC,Singapore,Software,Analytics Platform,Consumer,2,399.85,36.99,799.70,73.98,725.72,,Delivered,0
11974,2023-04-23,C1275,EMEA,Netherlands,Software,Cloud Backup 1TB,Consumer,4,61.29,7.14,245.16,28.56,216.60,0.00,Delivered,0
12214,2023-04-23,C1026,AMER,Brazil,Software,Editor Pro License,SMB,2,99.19,9.60,198.38,19.20,179.18,0.00,Delivered,0
12218,2023-04-24,C1131,EMEA,Germany,Hardware,USB-C Hub,Mid-Market,8,51.38,20.87,411.04,166.96,244.08,0.00,Delivered,0
12662,2023-04-24,C1195,EMEA,France,Accessories,Cable Set,Enterprise,4,14.16,4.49,56.64,17.96,38.68,0.00,Delivered,0
13000,2023-04-24,C1081,EMEA,France,Accessories,Carry Sleeve,SMB,1,27.71,8.11,27.71,8.11,19.60,,Delivered,0
11167,2023-04-25,C1210,APAC,South Korea,Accessories,Monitor Arm,Enterprise,4,86.92,35.07,347.68,140.28,207.40,0.00,Delivered,0
11273,2023-04-25,C1307,AMER,United States,Services,Training Course,Consumer,4,334.91,86.31,1339.64,345.24,994.40,0.00,Pending,0
12675,2023-04-26,C1208,APAC,India,Software,VPN Annual,Enterprise,8,40.14,3.14,321.12,25.12,296.00,,Delivered,0
11362,2023-04-27,C1194,APAC,Australia,Accessories,Cable Set,Enterprise,8,14.46,4.44,115.68,35.52,80.16,0.00,Delivered,0
12228,2023-04-27,C1183,APAC,South Korea,Accessories,Monitor Arm,Enterprise,4,83.77,32.73,335.08,130.92,204.16,0.00,Pending,0
11275,2023-04-28,C1191,APAC,Singapore,Hardware,Laptop Stand,Enterprise,12,45.18,15.22,542.16,182.64,359.52,0.00,Pending,0
11981,2023-04-28,C1285,AMER,United States,Accessories,Cable Set,Consumer,4,14.51,4.27,52.24,17.08,35.16,0.10,Delivered,0
12581,2023-04-28,C1193,AMER,Brazil,Software,VPN Annual,Enterprise,9,37.66,3.06,338.94,27.54,311.40,0.00,Delivered,0
12896,2023-04-28,C1076,EMEA,United Kingdom,Accessories,Monitor Arm,SMB,7,92.24,33.63,645.68,235.41,410.27,0.00,Delivered,0
11991,2023-04-29,C1195,APAC,Japan,Services,Training Course,Enterprise,9,339.07,86.52,3051.63,778.68,2272.95,0.00,Delivered,0
12452,2023-04-29,C1204,EMEA,United Kingdom,Hardware,Mechanical Keyboard,Enterprise,14,131.58,46.91,1842.12,656.74,1185.38,,Delivered,0
10489,2023-04-30,C1181,EMEA,France,Accessories,Monitor Arm,Enterprise,5,83.78,33.11,418.90,165.55,253.35,0.00,Delivered,0
10801,2023-04-30,C1112,APAC,Japan,Accessories,Cable Set,SMB,8,13.82,4.17,110.56,33.36,77.20,0.00,Delivered,0
12365,2023-04-30,C1303,APAC,South Korea,Software,Editor Pro License,Consumer,3,100.18,9.53,300.54,28.59,271.95,0.00,Shipped,0
12393,2023-05-01,C1165,AMER,United States,Software,Analytics Platform,Mid-Market,10,393.49,35.59,3147.92,355.90,2792.02,0.20,Delivered,0
12593,2023-05-01,C1294,EMEA,Sweden,Services,Onboarding Workshop,Consumer,1,518.44,151.80,518.44,151.80,366.64,0.00,Delivered,0
10137,2023-05-02,C1285,APAC,India,Hardware,"27"" Monitor",Consumer,1,316.21,133.91,252.97,133.91,119.06,0.20,Delivered,0
10998,2023-05-02,C1194,APAC,Japan,Software,VPN Annual,Enterprise,17,39.00,3.12,663.00,53.04,609.96,0.00,Delivered,0
12395,2023-05-02,C1162,AMER,United States,Accessories,Monitor Arm,Mid-Market,2,88.08,34.34,176.16,68.68,107.48,0.00,Delivered,0
10277,2023-05-03,C1237,AMER,Brazil,Hardware,USB-C Hub,Consumer,1,48.81,20.73,43.93,20.73,23.20,0.10,Delivered,0
10937,2023-05-03,C1099,APAC,Australia,Services,Custom Integration,SMB,1,1226.90,422.69,1226.90,422.69,804.21,0.00,Pending,0
11016,2023-05-03,C1210,APAC,Singapore,Accessories,Monitor Arm,Enterprise,16,88.64,32.98,1134.59,527.68,606.91,0.20,Delivered,0
11791,2023-05-03,C1168,EMEA,Finland,Accessories,Carry Sleeve,Mid-Market,2,27.73,7.96,55.46,15.92,39.54,0.00,Delivered,1
11948,2023-05-03,C1195,APAC,Singapore,Accessories,Desk Mat,Enterprise,4,23.62,6.29,94.48,25.16,69.32,,Delivered,0
12028,2023-05-03,C1196,APAC,India,Software,Cloud Backup 1TB,Enterprise,10,58.75,7.43,587.50,74.30,513.20,0.00,Delivered,0
12980,2023-05-03,C1024,APAC,Singapore,Accessories,Carry Sleeve,SMB,7,27.72,8.15,194.04,57.05,136.99,0.00,Pending,0
11063,2023-05-04,C1178,APAC,South Korea,Accessories,Monitor Arm,Mid-Market,3,86.01,34.61,258.03,103.83,154.20,0.00,Shipped,0
12210,2023-05-04,C1194,EMEA,United Kingdom,Hardware,Laptop Stand,Enterprise,3,44.24,15.17,132.72,45.51,87.21,0.00,Delivered,0
10296,2023-05-06,C1108,APAC,Australia,Hardware,Laptop Stand,SMB,4,45.76,14.82,183.04,59.28,123.76,0.00,Delivered,0
11687,2023-05-06,C1158,AMER,Canada,Accessories,Monitor Arm,Mid-Market,2,88.83,35.33,177.66,70.66,107.00,0.00,Delivered,0
12989,2023-05-06,C1172,EMEA,United Kingdom,Services,Onboarding Workshop,Mid-Market,10,528.84,144.36,5288.40,1443.60,3844.80,0.00,Delivered,0
10162,2023-05-07,C1142,EMEA,United Kingdom,Hardware,"27"" Monitor",Mid-Market,7,320.00,143.62,2240.00,1005.34,1234.66,0.00,Delivered,0
11504,2023-05-07,C1198,APAC,Singapore,Software,VPN Annual,Enterprise,9,39.44,3.27,354.96,29.43,325.53,0.00,Delivered,0
11647,2023-05-07,C1104,AMER,Canada,Hardware,Docking Station,SMB,4,202.94,95.62,811.76,382.48,429.28,0.00,Delivered,0
11871,2023-05-08,C1191,EMEA,Germany,Software,VPN Annual,Enterprise,7,38.46,2.99,269.22,20.93,248.29,,Delivered,0
11873,2023-05-08,C1183,APAC,Japan,Services,Priority Support,Enterprise,13,175.10,35.35,2276.30,459.55,1816.75,0.00,Delivered,0
12077,2023-05-08,C1191,EMEA,Sweden,Accessories,Desk Mat,Enterprise,11,22.88,5.99,251.68,65.89,185.79,0.00,Delivered,0
12835,2023-05-08,C1086,AMER,Canada,Hardware,Laptop Stand,SMB,2,43.07,16.04,86.14,32.08,54.06,0.00,Delivered,0
10146,2023-05-09,C1180,EMEA,Sweden,Accessories,Cable Set,Mid-Market,3,14.58,4.37,43.74,13.11,30.63,0.00,Delivered,0
10630,2023-05-09,C1195,APAC,Australia,Hardware,Mechanical Keyboard,Enterprise,4,135.25,48.08,541.00,192.32,348.68,0.00,Delivered,0
10813,2023-05-09,C1202,EMEA,Spain,Hardware,Docking Station,Enterprise,19,188.94,89.78,3589.86,1705.82,1884.04,0.00,Delivered,0
11154,2023-05-09,C1153,EMEA,Germany,Software,Design Suite,Mid-Market,3,236.89,27.87,710.67,83.61,627.06,0.00,Delivered,0
11221,2023-05-09,C1061,EMEA,Germany,Accessories,Desk Mat,SMB,3,23.40,6.46,70.20,19.38,50.82,0.00,Delivered,0
11649,2023-05-09,C1112,AMER,Mexico,Hardware,Laptop Stand,SMB,5,42.64,15.85,202.54,79.25,123.29,0.05,Delivered,0
12043,2023-05-09,C1209,EMEA,Germany,Services,Onboarding Workshop,Enterprise,7,502.94,151.24,3520.58,1058.68,2461.90,0.00,Cancelled,0
12271,2023-05-09,C1096,AMER,United States,Hardware,USB-C Hub,SMB,1,52.80,20.59,52.80,20.59,32.21,0.00,Delivered,0
10104,2023-05-10,C1067,AMER,Mexico,Hardware,Mechanical Keyboard,SMB,4,129.59,49.90,518.36,199.60,318.76,0.00,Delivered,0
10882,2023-05-10,C1178,EMEA,Spain,Hardware,Mechanical Keyboard,Mid-Market,5,124.20,50.73,621.00,253.65,367.35,0.00,Pending,0
11166,2023-05-10,C1041,EMEA,Sweden,Hardware,Webcam HD,SMB,2,74.80,31.22,142.12,62.44,79.68,0.05,Delivered,0
12331,2023-05-10,C1050,AMER,Brazil,Services,Onboarding Workshop,SMB,4,511.56,153.57,1739.30,614.28,1125.02,0.15,Delivered,0
12391,2023-05-10,C1021,AMER,Brazil,Accessories,Desk Mat,SMB,4,24.47,5.93,88.09,23.72,64.37,0.10,Shipped,0
12568,2023-05-10,C1088,AMER,Brazil,Services,Priority Support,SMB,3,171.33,34.96,513.99,104.88,409.11,0.00,Delivered,0
10235,2023-05-11,C1181,AMER,Mexico,Hardware,"27"" Monitor",Enterprise,19,322.19,133.79,4897.29,2542.01,2355.28,0.20,Delivered,0
11380,2023-05-11,C1191,AMER,United States,Hardware,Docking Station,Enterprise,4,188.94,94.38,755.76,377.52,378.24,0.00,Delivered,0
11739,2023-05-11,C1132,APAC,Japan,Hardware,Docking Station,Mid-Market,9,196.13,94.19,1765.17,847.71,917.46,0.00,Delivered,0
10179,2023-05-12,C1072,APAC,India,Hardware,Docking Station,SMB,7,209.63,89.95,1467.41,629.65,837.76,0.00,Delivered,0
11177,2023-05-12,C1189,EMEA,Finland,Accessories,Desk Mat,Enterprise,10,23.64,6.18,236.40,61.80,174.60,,Delivered,0
11288,2023-05-12,C1235,EMEA,Germany,Software,Editor Pro License,Consumer,4,100.57,9.45,341.94,37.80,304.14,0.15,Pending,0
11815,2023-05-12,C1065,AMER,Mexico,Services,Onboarding Workshop,SMB,7,513.73,156.61,3596.11,1096.27,2499.84,0.00,Delivered,0
12651,2023-05-12,C1167,AMER,Canada,Software,Design Suite,Mid-Market,5,235.04,28.13,1175.20,140.65,1034.55,0.00,Cancelled,0
10305,2023-05-13,C1108,EMEA,Germany,Hardware,USB-C Hub,SMB,6,51.39,21.59,308.34,129.54,178.80,,Delivered,0
11264,2023-05-13,C1293,AMER,Canada,Services,Custom Integration,Consumer,1,1145.79,423.28,1145.79,423.28,722.51,,Delivered,0
11540,2023-05-13,C1195,APAC,Japan,Hardware,Webcam HD,Enterprise,12,81.16,31.24,973.92,374.88,599.04,0.00,Delivered,0
12201,2023-05-13,C1046,EMEA,United Kingdom,Software,Editor Pro License,SMB,3,98.41,9.45,295.23,28.35,266.88,0.00,Delivered,0
12266,2023-05-13,C1226,AMER,Mexico,Software,VPN Annual,Consumer,4,38.75,2.99,155.00,11.96,143.04,0.00,Delivered,0
12384,2023-05-13,C1186,EMEA,Netherlands,Software,Analytics Platform,Enterprise,13,417.09,35.61,5422.17,462.93,4959.24,0.00,Pending,0
12681,2023-05-14,C1133,APAC,Japan,Services,Priority Support,Mid-Market,11,183.30,36.15,2016.30,397.65,1618.65,0.00,Delivered,0
10887,2023-05-15,C1098,AMER,Canada,Services,Onboarding Workshop,SMB,3,506.95,148.00,1520.85,444.00,1076.85,0.00,Delivered,0
11253,2023-05-15,C1136,APAC,Singapore,Accessories,Carry Sleeve,Mid-Market,9,28.39,8.32,255.51,74.88,180.63,0.00,Delivered,0
11651,2023-05-15,C1072,EMEA,Spain,Software,Design Suite,SMB,8,255.78,26.70,2046.24,213.60,1832.64,0.00,Delivered,0
10577,2023-05-16,C1266,EMEA,Germany,Accessories,Cable Set,Consumer,2,14.45,4.17,28.90,8.34,20.56,0.00,Delivered,0
10588,2023-05-16,C1285,AMER,Canada,Accessories,Desk Mat,Consumer,2,23.16,6.08,46.32,12.16,34.16,0.00,Shipped,0
10806,2023-05-16,C1103,AMER,Canada,Software,Editor Pro License,SMB,8,101.56,9.57,609.36,76.56,532.80,0.25,Delivered,0
12451,2023-05-16,C1049,AMER,Brazil,Software,VPN Annual,SMB,8,37.20,3.06,297.60,24.48,273.12,0.00,Delivered,0
12844,2023-05-16,C1132,EMEA,Netherlands,Hardware,USB-C Hub,Mid-Market,7,51.90,21.54,363.30,150.78,212.52,0.00,Shipped,0
12926,2023-05-16,C1163,EMEA,Sweden,Services,Onboarding Workshop,Mid-Market,3,481.57,150.02,1444.71,450.06,994.65,0.00,Delivered,0
10301,2023-05-17,C1205,APAC,Japan,Hardware,"27"" Monitor",Enterprise,10,331.37,146.61,3313.70,1466.10,1847.60,0.00,Delivered,0
10472,2023-05-17,C1017,AMER,Mexico,Hardware,Mechanical Keyboard,SMB,5,122.56,49.17,612.80,245.85,366.95,0.00,Delivered,0
10538,2023-05-17,C1179,EMEA,United Kingdom,Hardware,"27"" Monitor",Mid-Market,12,313.82,141.27,3765.84,1695.24,2070.60,0.00,Shipped,0
11494,2023-05-17,C1054,EMEA,France,Software,Cloud Backup 1TB,SMB,7,55.74,7.40,390.18,51.80,338.38,0.00,Delivered,0
11502,2023-05-17,C1193,AMER,United States,Accessories,Cable Set,Enterprise,18,14.87,4.22,267.66,75.96,191.70,0.00,Delivered,0
12807,2023-05-17,C1213,APAC,Japan,Services,Priority Support,Consumer,1,180.99,35.68,180.99,35.68,145.31,0.00,Delivered,0
12424,2023-05-18,C1175,EMEA,Germany,Hardware,Laptop Stand,Mid-Market,9,43.20,15.03,330.48,135.27,195.21,0.15,Delivered,0
12591,2023-05-18,C1258,EMEA,Finland,Hardware,USB-C Hub,Consumer,2,47.39,21.60,90.04,43.20,46.84,0.05,Delivered,0
12667,2023-05-18,C1058,EMEA,United Kingdom,Accessories,Cable Set,SMB,5,13.68,4.15,58.14,20.75,37.39,0.15,Cancelled,0
10229,2023-05-19,C1197,AMER,Mexico,Software,Design Suite,Enterprise,16,251.51,27.69,4024.16,443.04,3581.12,0.00,Delivered,0
10686,2023-05-19,C1207,APAC,Australia,Services,Training Course,Enterprise,11,337.61,83.46,3713.71,918.06,2795.65,0.00,Shipped,0
10877,2023-05-19,C1148,EMEA,Sweden,Accessories,Cable Set,Mid-Market,2,14.73,4.28,29.46,8.56,20.90,,Delivered,0
10942,2023-05-19,C1098,EMEA,Sweden,Accessories,Desk Mat,SMB,8,23.79,6.48,152.26,51.84,100.42,0.20,Delivered,1
11405,2023-05-19,C1156,APAC,Japan,Software,VPN Annual,Mid-Market,12,37.68,3.23,452.16,38.76,413.40,0.00,Delivered,0
10690,2023-05-20,C1250,AMER,Brazil,Software,Analytics Platform,Consumer,1,410.36,35.40,410.36,35.40,374.96,,Delivered,0
12220,2023-05-20,C1061,EMEA,Germany,Hardware,Laptop Stand,SMB,4,44.80,16.04,170.24,64.16,106.08,0.05,Delivered,0
12648,2023-05-20,C1151,EMEA,United Kingdom,Accessories,Desk Mat,Mid-Market,2,22.69,6.02,45.38,12.04,33.34,0.00,Delivered,0
12700,2023-05-20,C1289,APAC,India,Software,Analytics Platform,Consumer,4,386.51,36.77,1546.04,147.08,1398.96,0.00,Pending,0
12866,2023-05-20,C1032,APAC,India,Hardware,USB-C Hub,SMB,2,52.07,21.47,104.14,42.94,61.20,0.00,Delivered,0
11397,2023-05-21,C1184,EMEA,United Kingdom,Services,Custom Integration,Enterprise,11,1162.21,422.68,12784.31,4649.48,8134.83,0.00,Delivered,0
12035,2023-05-21,C1188,APAC,India,Software,Analytics Platform,Enterprise,3,414.52,35.22,1243.56,105.66,1137.90,0.00,Shipped,0
10073,2023-05-22,C1044,EMEA,Sweden,Software,Analytics Platform,SMB,2,409.68,36.85,655.49,73.70,581.79,0.20,Delivered,0
10943,2023-05-22,C1236,EMEA,Netherlands,Services,Priority Support,Consumer,3,173.80,34.36,521.40,103.08,418.32,0.00,Pending,0
11295,2023-05-22,C1079,EMEA,Spain,Hardware,"27"" Monitor",SMB,1,329.71,139.85,329.71,139.85,189.86,,Delivered,0
11589,2023-05-22,C1024,EMEA,Sweden,Accessories,Carry Sleeve,SMB,5,28.56,8.34,128.52,41.70,86.82,0.10,Delivered,0
11798,2023-05-22,C1287,AMER,United States,Hardware,Laptop Stand,Consumer,2,45.43,14.83,90.86,29.66,61.20,0.00,Delivered,0
12031,2023-05-22,C1210,AMER,Mexico,Hardware,Laptop Stand,Enterprise,5,41.73,16.07,208.65,80.35,128.30,,Delivered,0
12259,2023-05-22,C1118,EMEA,France,Hardware,"27"" Monitor",SMB,6,317.84,143.21,1811.69,859.26,952.43,0.05,Delivered,0
10192,2023-05-23,C1206,AMER,United States,Software,Analytics Platform,Enterprise,12,399.07,35.54,4788.84,426.48,4362.36,0.00,Cancelled,0
10313,2023-05-23,C1016,EMEA,United Kingdom,Services,Training Course,SMB,4,347.10,90.33,1388.40,361.32,1027.08,0.00,Delivered,0
11719,2023-05-23,C1049,APAC,Australia,Services,Onboarding Workshop,SMB,6,516.28,155.33,3097.68,931.98,2165.70,0.00,Delivered,0
12826,2023-05-23,C1204,AMER,United States,Hardware,Docking Station,Enterprise,17,205.41,95.55,3491.97,1624.35,1867.62,0.00,Delivered,0
11522,2023-05-24,C1164,EMEA,Finland,Services,Training Course,Mid-Market,8,339.63,85.42,2717.04,683.36,2033.68,0.00,Pending,0
11861,2023-05-24,C1224,AMER,Canada,Accessories,Monitor Arm,Consumer,2,83.80,33.48,167.60,66.96,100.64,0.00,Delivered,0
10513,2023-05-25,C1153,APAC,India,Software,Editor Pro License,Mid-Market,7,103.52,10.29,724.64,72.03,652.61,0.00,Delivered,0
11999,2023-05-25,C1140,EMEA,United Kingdom,Hardware,Mechanical Keyboard,Mid-Market,5,123.14,48.56,615.70,242.80,372.90,0.00,Delivered,0
10532,2023-05-26,C1173,EMEA,France,Hardware,"27"" Monitor",Mid-Market,11,315.29,138.08,3468.19,1518.88,1949.31,0.00,Delivered,0
11440,2023-05-26,C1026,EMEA,United Kingdom,Services,Custom Integration,SMB,5,1213.25,428.95,6066.25,2144.75,3921.50,0.00,Delivered,0
10067,2023-05-27,C1074,EMEA,United Kingdom,Hardware,Mechanical Keyboard,SMB,8,126.12,51.05,1008.96,408.40,600.56,0.00,Pending,0
10391,2023-05-27,C1135,APAC,Singapore,Services,Onboarding Workshop,Mid-Market,7,488.94,147.55,3422.58,1032.85,2389.73,0.00,Delivered,0
10749,2023-05-27,C1145,EMEA,Germany,Hardware,Mechanical Keyboard,Mid-Market,6,127.43,47.79,764.58,286.74,477.84,0.00,Delivered,0
11401,2023-05-27,C1305,EMEA,France,Services,Onboarding Workshop,Consumer,4,487.05,155.30,1948.20,621.20,1327.00,0.00,Pending,0
11968,2023-05-27,C1185,AMER,United States,Accessories,Cable Set,Enterprise,10,15.07,4.43,150.70,44.30,106.40,0.00,Delivered,0
12854,2023-05-27,C1170,APAC,South Korea,Software,VPN Annual,Mid-Market,9,36.93,3.17,332.37,28.53,303.84,0.00,Delivered,0
10172,2023-05-28,C1184,AMER,United States,Software,Design Suite,Enterprise,17,239.24,26.86,4067.08,456.62,3610.46,0.00,Delivered,0
11100,2023-05-28,C1147,EMEA,Sweden,Accessories,Cable Set,Mid-Market,3,15.00,4.21,45.00,12.63,32.37,,Delivered,0
11212,2023-05-28,C1220,AMER,Brazil,Hardware,Laptop Stand,Consumer,1,42.91,14.72,42.91,14.72,28.19,0.00,Delivered,0
11461,2023-05-28,C1184,APAC,South Korea,Accessories,Monitor Arm,Enterprise,9,85.78,33.72,772.02,303.48,468.54,0.00,Delivered,0
11576,2023-05-28,C1202,EMEA,France,Accessories,Cable Set,Enterprise,15,14.25,4.29,213.75,64.35,149.40,0.00,Delivered,0
12150,2023-05-28,C1145,APAC,India,Hardware,Mechanical Keyboard,Mid-Market,2,130.47,46.83,260.94,93.66,167.28,0.00,Pending,0
12255,2023-05-28,C1206,APAC,Australia,Accessories,Desk Mat,Enterprise,18,23.76,6.20,427.68,111.60,316.08,0.00,Delivered,0
10023,2023-05-29,C1113,EMEA,Germany,Accessories,Monitor Arm,SMB,3,85.77,34.16,231.58,102.48,129.10,0.10,Delivered,0
10170,2023-05-29,C1227,APAC,Australia,Software,VPN Annual,Consumer,2,41.00,3.14,82.00,6.28,75.72,0.00,Delivered,0
10193,2023-05-29,C1122,APAC,India,Accessories,Carry Sleeve,Mid-Market,10,27.27,7.96,204.52,79.60,124.92,0.25,Delivered,0
10303,2023-05-29,C1106,EMEA,Germany,Software,Design Suite,SMB,3,263.10,27.09,789.30,81.27,708.03,0.00,Delivered,0
12968,2023-05-29,C1143,EMEA,Sweden,Software,Design Suite,Mid-Market,9,246.99,27.32,2222.91,245.88,1977.03,0.00,Delivered,0
10427,2023-05-30,C1249,AMER,Mexico,Software,VPN Annual,Consumer,3,39.52,3.26,118.56,9.78,108.78,0.00,Delivered,0
10640,2023-05-30,C1200,EMEA,France,Software,Analytics Platform,Enterprise,19,407.96,37.68,7751.24,715.92,7035.32,0.00,Delivered,0
10913,2023-05-30,C1152,APAC,Singapore,Hardware,Webcam HD,Mid-Market,5,79.66,32.54,398.30,162.70,235.60,0.00,Delivered,1
11225,2023-05-30,C1140,EMEA,France,Software,Editor Pro License,Mid-Market,4,102.59,9.88,410.36,39.52,370.84,0.00,Delivered,0
11895,2023-05-30,C1014,EMEA,Germany,Hardware,Laptop Stand,SMB,7,44.54,16.02,311.78,112.14,199.64,0.00,Delivered,0
12374,2023-05-30,C1205,APAC,Japan,Hardware,Docking Station,Enterprise,9,201.19,95.69,1720.17,861.21,858.96,0.05,Delivered,0
12654,2023-05-30,C1101,AMER,Brazil,Services,Custom Integration,SMB,5,1135.25,400.62,5676.25,2003.10,3673.15,,Delivered,0
11087,2023-05-31,C1060,APAC,Singapore,Services,Onboarding Workshop,SMB,4,482.08,150.49,1928.32,601.96,1326.36,0.00,Delivered,0
11455,2023-05-31,C1112,AMER,Brazil,Hardware,Laptop Stand,SMB,3,41.75,15.06,118.99,45.18,73.81,0.05,Delivered,0
12362,2023-05-31,C1048,AMER,Canada,Accessories,Monitor Arm,SMB,1,88.40,34.81,88.40,34.81,53.59,0.00,Shipped,0
11340,2023-06-01,C1208,EMEA,France,Hardware,"27"" Monitor",Enterprise,5,330.95,140.35,1489.28,701.75,787.53,0.10,Delivered,0
11532,2023-06-01,C1259,AMER,Brazil,Hardware,Webcam HD,Consumer,1,77.15,30.56,77.15,30.56,46.59,,Delivered,0
11704,2023-06-01,C1195,AMER,Canada,Accessories,Desk Mat,Enterprise,17,23.16,6.15,295.29,104.55,190.74,0.25,Delivered,0
12328,2023-06-01,C1301,APAC,Japan,Hardware,Webcam HD,Consumer,4,77.05,33.27,308.20,133.08,175.12,0.00,Delivered,0
12462,2023-06-01,C1270,AMER,United States,Services,Custom Integration,Consumer,1,1204.16,431.24,1204.16,431.24,772.92,0.00,Delivered,0
10735,2023-06-02,C1112,AMER,Canada,Hardware,Webcam HD,SMB,3,83.58,31.80,250.74,95.40,155.34,0.00,Delivered,0
11216,2023-06-02,C1304,EMEA,Netherlands,Software,Design Suite,Consumer,3,236.67,26.40,710.01,79.20,630.81,0.00,Delivered,0
11462,2023-06-02,C1152,AMER,Canada,Accessories,Desk Mat,Mid-Market,12,23.10,6.30,277.20,75.60,201.60,0.00,Delivered,0
12756,2023-06-02,C1158,EMEA,Spain,Accessories,Monitor Arm,Mid-Market,12,86.52,33.20,1038.24,398.40,639.84,0.00,Delivered,0
10254,2023-06-03,C1060,AMER,United States,Accessories,Monitor Arm,SMB,3,86.59,34.18,259.77,102.54,157.23,0.00,Delivered,0
12566,2023-06-03,C1212,EMEA,United Kingdom,Hardware,Mechanical Keyboard,Consumer,2,127.71,48.82,255.42,97.64,157.78,0.00,Shipped,0
10795,2023-06-04,C1162,APAC,South Korea,Software,Cloud Backup 1TB,Mid-Market,11,59.54,6.81,654.94,74.91,580.03,0.00,Delivered,0
12875,2023-06-05,C1079,AMER,Mexico,Hardware,Webcam HD,SMB,4,76.47,30.62,305.88,122.48,183.40,0.00,Delivered,0
10361,2023-06-06,C1164,EMEA,Finland,Accessories,Carry Sleeve,Mid-Market,9,29.98,7.83,269.82,70.47,199.35,0.00,Pending,0
11215,2023-06-06,C1197,APAC,Singapore,Hardware,"27"" Monitor",Enterprise,17,310.27,143.64,5274.59,2441.88,2832.71,,Delivered,0
11691,2023-06-06,C1129,EMEA,Netherlands,Services,Custom Integration,Mid-Market,12,1253.79,422.01,12036.38,5064.12,6972.26,0.20,Delivered,0
12056,2023-06-06,C1204,EMEA,Spain,Services,Custom Integration,Enterprise,13,1267.07,440.10,16471.91,5721.30,10750.61,0.00,Delivered,0
12022,2023-06-07,C1155,APAC,South Korea,Hardware,USB-C Hub,Mid-Market,8,49.27,21.73,295.62,173.84,121.78,0.25,Delivered,0
12711,2023-06-07,C1095,APAC,India,Software,Design Suite,SMB,2,258.60,27.86,517.20,55.72,461.48,0.00,Delivered,0
12841,2023-06-07,C1106,EMEA,France,Hardware,USB-C Hub,SMB,6,52.34,21.87,314.04,131.22,182.82,0.00,Delivered,1
11601,2023-06-08,C1179,EMEA,Netherlands,Hardware,Mechanical Keyboard,Mid-Market,4,135.71,51.24,542.84,204.96,337.88,0.00,Delivered,0
11788,2023-06-08,C1003,EMEA,Germany,Hardware,USB-C Hub,SMB,3,52.43,21.70,157.29,65.10,92.19,,Delivered,0
10125,2023-06-09,C1262,EMEA,Netherlands,Software,Editor Pro License,Consumer,4,95.13,9.69,380.52,38.76,341.76,0.00,Delivered,0
10788,2023-06-09,C1196,EMEA,Netherlands,Accessories,Cable Set,Enterprise,11,13.85,4.32,152.35,47.52,104.83,0.00,Delivered,0
11595,2023-06-09,C1205,APAC,South Korea,Software,VPN Annual,Enterprise,16,36.72,3.26,587.52,52.16,535.36,0.00,Delivered,0
12444,2023-06-09,C1304,EMEA,Netherlands,Accessories,Desk Mat,Consumer,2,24.39,6.40,48.78,12.80,35.98,,Delivered,0
12608,2023-06-09,C1254,AMER,Canada,Software,Analytics Platform,Consumer,3,410.23,34.54,1230.69,103.62,1127.07,0.00,Delivered,0
11006,2023-06-10,C1018,EMEA,Germany,Services,Onboarding Workshop,SMB,2,503.67,148.74,956.97,297.48,659.49,0.05,Delivered,0
11441,2023-06-10,C1155,APAC,Australia,Software,Design Suite,Mid-Market,7,245.77,27.96,1720.39,195.72,1524.67,0.00,Delivered,0
12612,2023-06-10,C1139,EMEA,Finland,Hardware,Docking Station,Mid-Market,3,194.34,89.99,583.02,269.97,313.05,0.00,Delivered,0
10124,2023-06-11,C1301,AMER,United States,Services,Custom Integration,Consumer,1,1147.33,435.98,1147.33,435.98,711.35,0.00,Delivered,0
10854,2023-06-11,C1202,AMER,Canada,Hardware,Webcam HD,Enterprise,13,77.40,30.65,1006.20,398.45,607.75,0.00,Delivered,0
11987,2023-06-12,C1231,EMEA,Netherlands,Services,Onboarding Workshop,Consumer,4,526.71,156.65,2106.84,626.60,1480.24,0.00,Delivered,0
12330,2023-06-12,C1032,APAC,Singapore,Accessories,Cable Set,SMB,8,14.09,4.27,112.72,34.16,78.56,0.00,Delivered,0
12693,2023-06-12,C1059,APAC,Australia,Software,Editor Pro License,SMB,7,96.64,9.82,676.48,68.74,607.74,0.00,Delivered,0
12888,2023-06-12,C1207,APAC,Japan,Accessories,Monitor Arm,Enterprise,5,86.96,34.55,434.80,172.75,262.05,0.00,Delivered,0
12910,2023-06-12,C1144,AMER,Canada,Hardware,Webcam HD,Mid-Market,6,82.64,30.37,495.84,182.22,313.62,0.00,Delivered,1
10213,2023-06-13,C1121,EMEA,Finland,Hardware,Laptop Stand,Mid-Market,2,42.12,15.19,84.24,30.38,53.86,0.00,Delivered,0
12369,2023-06-13,C1081,APAC,Australia,Services,Onboarding Workshop,SMB,3,517.50,143.26,1552.50,429.78,1122.72,,Delivered,0
12627,2023-06-13,C1048,AMER,Canada,Accessories,Cable Set,SMB,2,14.99,4.35,25.48,8.70,16.78,0.15,Delivered,0
10712,2023-06-14,C1182,EMEA,Finland,Software,Design Suite,Enterprise,4,252.93,26.16,1011.72,104.64,907.08,0.00,Delivered,0
10975,2023-06-14,C1294,EMEA,United Kingdom,Hardware,Mechanical Keyboard,Consumer,1,131.82,49.95,131.82,49.95,81.87,,Delivered,0
11294,2023-06-14,C1262,EMEA,Sweden,Hardware,USB-C Hub,Consumer,1,48.33,21.80,48.33,21.80,26.53,0.00,Delivered,0
12209,2023-06-14,C1274,EMEA,Finland,Services,Training Course,Consumer,1,369.15,84.08,350.69,84.08,266.61,0.05,Delivered,0
10281,2023-06-15,C1081,AMER,Canada,Hardware,"27"" Monitor",SMB,6,313.26,147.24,1785.58,883.44,902.14,0.05,Delivered,0
10903,2023-06-15,C1208,APAC,Singapore,Services,Priority Support,Enterprise,16,171.80,35.08,2748.80,561.28,2187.52,0.00,Delivered,0
11417,2023-06-15,C1295,AMER,United States,Accessories,Monitor Arm,Consumer,4,90.74,33.98,362.96,135.92,227.04,0.00,Delivered,0
12160,2023-06-15,C1158,AMER,United States,Hardware,Laptop Stand,Mid-Market,12,45.56,14.74,546.72,176.88,369.84,,Shipped,0
10074,2023-06-16,C1192,EMEA,Sweden,Services,Priority Support,Enterprise,16,186.09,36.71,2977.44,587.36,2390.08,0.00,Delivered,0
10112,2023-06-16,C1151,AMER,Brazil,Accessories,Cable Set,Mid-Market,3,13.87,4.39,41.61,13.17,28.44,0.00,Pending,0
10797,2023-06-16,C1258,AMER,Mexico,Services,Onboarding Workshop,Consumer,3,507.57,154.51,1218.17,463.53,754.64,0.20,Delivered,0
11633,2023-06-16,C1139,AMER,Brazil,Software,VPN Annual,Mid-Market,10,38.32,3.20,383.20,32.00,351.20,0.00,Delivered,0
11690,2023-06-16,C1104,APAC,Singapore,Hardware,Docking Station,SMB,6,206.11,93.96,1051.16,563.76,487.40,0.15,Delivered,0
12459,2023-06-16,C1174,EMEA,Germany,Services,Custom Integration,Mid-Market,7,1188.08,424.88,8316.56,2974.16,5342.40,0.00,Delivered,0
10260,2023-06-17,C1185,EMEA,France,Accessories,Monitor Arm,Enterprise,18,88.05,33.14,1584.90,596.52,988.38,0.00,Delivered,0
12084,2023-06-17,C1172,APAC,South Korea,Services,Priority Support,Mid-Market,7,186.04,36.32,1302.28,254.24,1048.04,0.00,Delivered,0
11250,2023-06-18,C1162,EMEA,Netherlands,Hardware,Laptop Stand,Mid-Market,4,46.23,14.72,184.92,58.88,126.04,0.00,Shipped,0
11856,2023-06-18,C1026,APAC,India,Software,Analytics Platform,SMB,8,407.78,35.94,2936.02,287.52,2648.50,0.10,Delivered,0
12044,2023-06-18,C1183,APAC,Australia,Services,Custom Integration,Enterprise,19,1169.01,420.86,22211.19,7996.34,14214.85,,Delivered,0
12413,2023-06-18,C1162,APAC,Singapore,Software,Design Suite,Mid-Market,11,247.69,27.48,2724.59,302.28,2422.31,,Delivered,0
10013,2023-06-19,C1140,EMEA,Netherlands,Services,Onboarding Workshop,Mid-Market,6,510.64,143.97,3063.84,863.82,2200.02,0.00,Delivered,0
12496,2023-06-19,C1221,APAC,Japan,Hardware,USB-C Hub,Consumer,1,49.70,21.94,49.70,21.94,27.76,0.00,Delivered,0
12083,2023-06-20,C1181,AMER,United States,Services,Onboarding Workshop,Enterprise,16,469.32,145.32,7509.12,2325.12,5184.00,0.00,Cancelled,0
12714,2023-06-20,C1085,AMER,Mexico,Services,Training Course,SMB,8,341.95,86.52,2325.26,692.16,1633.10,0.15,Cancelled,0
12225,2023-06-21,C1283,APAC,Singapore,Software,Cloud Backup 1TB,Consumer,1,61.53,7.03,61.53,7.03,54.50,0.00,Delivered,0
10420,2023-06-22,C1031,EMEA,Finland,Accessories,Desk Mat,SMB,5,23.02,6.52,109.34,32.60,76.74,0.05,Delivered,0
11303,2023-06-22,C1176,EMEA,Germany,Services,Training Course,Mid-Market,9,352.94,86.26,3176.46,776.34,2400.12,,Delivered,0
12969,2023-06-22,C1192,APAC,Singapore,Software,Cloud Backup 1TB,Enterprise,16,60.02,7.09,960.32,113.44,846.88,0.00,Delivered,0
10541,2023-06-23,C1064,EMEA,United Kingdom,Hardware,"27"" Monitor",SMB,4,302.17,139.19,1208.68,556.76,651.92,,Delivered,0
12092,2023-06-23,C1180,APAC,South Korea,Accessories,Carry Sleeve,Mid-Market,7,29.55,7.74,206.85,54.18,152.67,0.00,Delivered,0
10525,2023-06-24,C1089,APAC,Japan,Software,Editor Pro License,SMB,3,98.60,9.45,295.80,28.35,267.45,0.00,Delivered,0
10586,2023-06-24,C1162,AMER,Canada,Hardware,Webcam HD,Mid-Market,9,77.09,31.69,693.81,285.21,408.60,0.00,Delivered,0
11403,2023-06-24,C1205,EMEA,Sweden,Software,Cloud Backup 1TB,Enterprise,19,59.39,7.34,1071.99,139.46,932.53,0.05,Delivered,0
11566,2023-06-24,C1145,APAC,India,Services,Onboarding Workshop,Mid-Market,2,511.80,151.40,818.88,302.80,516.08,0.20,Delivered,0
11694,2023-06-24,C1116,AMER,United States,Services,Training Course,SMB,1,353.65,85.81,353.65,85.81,267.84,,Delivered,0
12347,2023-06-24,C1090,AMER,Mexico,Services,Custom Integration,SMB,2,1216.49,413.38,2432.98,826.76,1606.22,0.00,Delivered,0
12852,2023-06-24,C1183,EMEA,Sweden,Hardware,"27"" Monitor",Enterprise,16,332.51,142.18,5320.16,2274.88,3045.28,,Delivered,0
11505,2023-06-25,C1218,EMEA,Sweden,Services,Priority Support,Consumer,2,182.97,35.35,365.94,70.70,295.24,0.00,Delivered,0
11622,2023-06-25,C1122,EMEA,Netherlands,Hardware,Docking Station,Mid-Market,3,190.05,91.86,570.15,275.58,294.57,0.00,Delivered,0
10673,2023-06-26,C1140,AMER,United States,Software,Editor Pro License,Mid-Market,12,93.75,10.10,1125.00,121.20,1003.80,0.00,Delivered,0
10982,2023-06-26,C1129,EMEA,Netherlands,Services,Training Course,Mid-Market,8,366.20,83.70,2929.60,669.60,2260.00,0.00,Delivered,0
11094,2023-06-26,C1155,EMEA,Finland,Software,Design Suite,Mid-Market,4,241.10,26.61,964.40,106.44,857.96,0.00,Delivered,0
11830,2023-06-26,C1147,AMER,Brazil,Hardware,Webcam HD,Mid-Market,5,77.63,31.51,349.33,157.55,191.78,0.10,Delivered,0
12011,2023-06-26,C1003,EMEA,United Kingdom,Hardware,USB-C Hub,SMB,1,50.46,20.02,50.46,20.02,30.44,0.00,Delivered,0
12510,2023-06-26,C1221,EMEA,United Kingdom,Software,Cloud Backup 1TB,Consumer,4,60.86,6.93,243.44,27.72,215.72,0.00,Delivered,0
12609,2023-06-26,C1279,APAC,South Korea,Software,Editor Pro License,Consumer,1,94.98,9.48,94.98,9.48,85.50,0.00,Delivered,0
10859,2023-06-27,C1032,EMEA,Netherlands,Hardware,Docking Station,SMB,2,199.40,92.86,398.80,185.72,213.08,0.00,Delivered,0
11567,2023-06-27,C1199,APAC,Japan,Services,Onboarding Workshop,Enterprise,18,514.72,144.49,9264.96,2600.82,6664.14,0.00,Delivered,0
12304,2023-06-27,C1122,APAC,Japan,Services,Custom Integration,Mid-Market,2,1198.71,407.88,2397.42,815.76,1581.66,0.00,Delivered,0
12683,2023-06-28,C1043,AMER,United States,Accessories,Cable Set,SMB,1,15.15,4.37,15.15,4.37,10.78,0.00,Delivered,0
10521,2023-06-29,C1064,EMEA,United Kingdom,Services,Training Course,SMB,2,333.43,88.89,666.86,177.78,489.08,0.00,Delivered,0
12664,2023-06-29,C1302,AMER,Canada,Hardware,Docking Station,Consumer,4,200.69,92.57,802.76,370.28,432.48,0.00,Delivered,0
11344,2023-06-30,C1208,APAC,India,Hardware,Mechanical Keyboard,Enterprise,13,123.28,49.34,1602.64,641.42,961.22,0.00,Delivered,0
12080,2023-06-30,C1121,APAC,India,Hardware,Docking Station,Mid-Market,5,195.85,95.10,979.25,475.50,503.75,0.00,Delivered,0
12351,2023-06-30,C1208,EMEA,France,Software,Design Suite,Enterprise,18,258.85,26.19,4659.30,471.42,4187.88,0.00,Delivered,0
12731,2023-06-30,C1195,AMER,Brazil,Hardware,Webcam HD,Enterprise,9,79.46,30.27,715.14,272.43,442.71,0.00,Delivered,0
10668,2023-07-01,C1084,EMEA,France,Accessories,Monitor Arm,SMB,5,84.96,32.67,424.80,163.35,261.45,0.00,Pending,0
12853,2023-07-01,C1155,EMEA,United Kingdom,Hardware,Webcam HD,Mid-Market,3,83.83,32.69,251.49,98.07,153.42,0.00,Delivered,0
10851,2023-07-02,C1185,AMER,Brazil,Software,Design Suite,Enterprise,8,253.87,27.37,2030.96,218.96,1812.00,,Delivered,0
11020,2023-07-02,C1265,AMER,Canada,Hardware,"27"" Monitor",Consumer,4,325.80,139.70,1042.56,558.80,483.76,0.20,Delivered,0
11418,2023-07-02,C1207,EMEA,Sweden,Software,Cloud Backup 1TB,Enterprise,19,61.17,6.73,1046.01,127.87,918.14,0.10,Delivered,0
11431,2023-07-02,C1028,AMER,Canada,Software,Cloud Backup 1TB,SMB,6,59.78,7.21,358.68,43.26,315.42,0.00,Delivered,0
12360,2023-07-02,C1291,APAC,Australia,Accessories,Monitor Arm,Consumer,4,84.77,33.22,254.31,132.88,121.43,0.25,Delivered,0
12528,2023-07-02,C1086,AMER,Canada,Hardware,Docking Station,SMB,7,196.65,89.65,1101.24,627.55,473.69,0.20,Pending,0
10352,2023-07-03,C1271,AMER,Canada,Software,VPN Annual,Consumer,2,37.64,3.24,60.22,6.48,53.74,0.20,Delivered,0
11499,2023-07-03,C1096,EMEA,France,Software,VPN Annual,SMB,3,38.22,3.03,114.66,9.09,105.57,0.00,Pending,0
11634,2023-07-03,C1199,EMEA,United Kingdom,Services,Training Course,Enterprise,8,370.36,85.80,2962.88,686.40,2276.48,0.00,Delivered,0
11994,2023-07-03,C1310,AMER,United States,Hardware,Mechanical Keyboard,Consumer,1,129.35,49.47,129.35,49.47,79.88,0.00,Cancelled,0
12715,2023-07-03,C1244,APAC,South Korea,Software,Design Suite,Consumer,1,243.28,27.00,243.28,27.00,216.28,0.00,Delivered,0
10384,2023-07-05,C1189,APAC,Singapore,Services,Onboarding Workshop,Enterprise,5,510.92,152.77,2554.60,763.85,1790.75,0.00,Cancelled,0
11104,2023-07-05,C1209,EMEA,Germany,Software,Design Suite,Enterprise,11,261.17,27.38,2872.87,301.18,2571.69,0.00,Delivered,0
11255,2023-07-05,C1173,AMER,Mexico,Accessories,Desk Mat,Mid-Market,8,25.19,6.17,201.52,49.36,152.16,0.00,Delivered,0
11588,2023-07-05,C1210,EMEA,Sweden,Hardware,USB-C Hub,Enterprise,3,52.40,21.93,117.90,65.79,52.11,0.25,Cancelled,0
11882,2023-07-05,C1102,AMER,Brazil,Hardware,Docking Station,SMB,7,195.62,87.29,1369.34,611.03,758.31,0.00,Delivered,0
11982,2023-07-05,C1147,AMER,Brazil,Accessories,Cable Set,Mid-Market,3,13.92,4.39,41.76,13.17,28.59,0.00,Delivered,0
12245,2023-07-05,C1149,APAC,South Korea,Accessories,Monitor Arm,Mid-Market,3,92.75,32.92,278.25,98.76,179.49,0.00,Delivered,0
12890,2023-07-05,C1154,APAC,Singapore,Software,VPN Annual,Mid-Market,4,37.66,3.10,150.64,12.40,138.24,,Delivered,0
10569,2023-07-06,C1108,EMEA,Sweden,Hardware,Webcam HD,SMB,1,77.98,32.32,77.98,32.32,45.66,0.00,Delivered,0
11568,2023-07-06,C1239,APAC,South Korea,Hardware,Mechanical Keyboard,Consumer,4,131.39,51.01,525.56,204.04,321.52,0.00,Delivered,0
12312,2023-07-06,C1197,AMER,Mexico,Software,VPN Annual,Enterprise,18,37.53,3.22,675.54,57.96,617.58,0.00,Delivered,0
10065,2023-07-07,C1159,APAC,South Korea,Accessories,Carry Sleeve,Mid-Market,2,28.79,7.84,54.70,15.68,39.02,0.05,Delivered,0
10932,2023-07-07,C1053,AMER,Canada,Services,Priority Support,SMB,1,174.26,36.38,174.26,36.38,137.88,0.00,Delivered,0
12613,2023-07-08,C1064,EMEA,United Kingdom,Hardware,"27"" Monitor",SMB,5,332.88,143.42,1664.40,717.10,947.30,0.00,Pending,0
12904,2023-07-08,C1130,AMER,United States,Hardware,"27"" Monitor",Mid-Market,6,312.78,136.24,1876.68,817.44,1059.24,0.00,Delivered,0
10623,2023-07-09,C1155,EMEA,Spain,Accessories,Desk Mat,Mid-Market,10,25.28,6.00,252.80,60.00,192.80,0.00,Delivered,0
10183,2023-07-10,C1064,AMER,United States,Accessories,Carry Sleeve,SMB,4,29.38,8.51,117.52,34.04,83.48,0.00,Delivered,0
10558,2023-07-10,C1203,AMER,Brazil,Accessories,Desk Mat,Enterprise,19,24.00,6.27,433.20,119.13,314.07,0.05,Delivered,0
10739,2023-07-10,C1137,AMER,Brazil,Software,Design Suite,Mid-Market,12,240.95,26.81,2891.40,321.72,2569.68,0.00,Delivered,0
11416,2023-07-10,C1203,APAC,Japan,Services,Custom Integration,Enterprise,3,1221.34,440.19,3664.02,1320.57,2343.45,,Delivered,0
11765,2023-07-10,C1035,EMEA,United Kingdom,Hardware,USB-C Hub,SMB,5,50.11,21.34,250.55,106.70,143.85,0.00,Delivered,0
12023,2023-07-10,C1002,AMER,Brazil,Services,Priority Support,SMB,6,181.29,35.70,1087.74,214.20,873.54,0.00,Delivered,0
10358,2023-07-11,C1144,EMEA,Spain,Software,Cloud Backup 1TB,Mid-Market,11,58.14,7.21,511.63,79.31,432.32,0.20,Delivered,0
12530,2023-07-11,C1269,EMEA,Finland,Software,Editor Pro License,Consumer,2,99.01,9.79,198.02,19.58,178.44,0.00,Delivered,0
12586,2023-07-11,C1010,APAC,Singapore,Software,Design Suite,SMB,3,254.01,26.91,762.03,80.73,681.30,0.00,Delivered,0
11178,2023-07-12,C1283,EMEA,United Kingdom,Software,Analytics Platform,Consumer,4,376.22,37.53,1504.88,150.12,1354.76,0.00,Delivered,0
10350,2023-07-13,C1140,APAC,India,Software,Editor Pro License,Mid-Market,2,101.60,10.32,203.20,20.64,182.56,0.00,Delivered,0
11616,2023-07-13,C1207,AMER,Canada,Services,Custom Integration,Enterprise,15,1210.02,440.31,13612.72,6604.65,7008.07,0.25,Delivered,0
11631,2023-07-13,C1197,AMER,Brazil,Software,Design Suite,Enterprise,5,252.55,26.29,1262.75,131.45,1131.30,0.00,Delivered,0
10447,2023-07-14,C1104,AMER,Mexico,Hardware,Docking Station,SMB,7,208.28,90.75,1457.96,635.25,822.71,0.00,Delivered,0
10530,2023-07-14,C1140,APAC,Australia,Services,Training Course,Mid-Market,9,358.19,91.49,3223.71,823.41,2400.30,0.00,Delivered,0
11247,2023-07-14,C1185,AMER,Canada,Hardware,USB-C Hub,Enterprise,13,52.30,21.95,679.90,285.35,394.55,0.00,Delivered,0
12551,2023-07-14,C1208,AMER,United States,Hardware,"27"" Monitor",Enterprise,12,322.11,143.65,3865.32,1723.80,2141.52,0.00,Delivered,1
10873,2023-07-15,C1086,AMER,Canada,Software,Design Suite,SMB,6,261.80,26.31,1570.80,157.86,1412.94,0.00,Delivered,0
11197,2023-07-16,C1166,AMER,Mexico,Hardware,Laptop Stand,Mid-Market,12,42.72,15.14,512.64,181.68,330.96,0.00,Pending,0
11415,2023-07-16,C1141,EMEA,France,Services,Custom Integration,Mid-Market,7,1131.56,399.69,7920.92,2797.83,5123.09,0.00,Delivered,0
11516,2023-07-16,C1064,EMEA,Sweden,Software,Cloud Backup 1TB,SMB,7,56.61,7.06,396.27,49.42,346.85,0.00,Delivered,0
12741,2023-07-16,C1077,EMEA,Spain,Accessories,Desk Mat,SMB,2,22.75,6.36,45.50,12.72,32.78,,Delivered,0
11811,2023-07-17,C1193,EMEA,France,Hardware,Webcam HD,Enterprise,14,76.70,31.45,1073.80,440.30,633.50,0.00,Pending,0
12076,2023-07-17,C1134,EMEA,Sweden,Hardware,Laptop Stand,Mid-Market,10,45.55,15.90,455.50,159.00,296.50,,Delivered,0
12679,2023-07-17,C1147,APAC,India,Accessories,Monitor Arm,Mid-Market,8,86.18,35.49,551.55,283.92,267.63,0.20,Delivered,0
12766,2023-07-17,C1154,AMER,Brazil,Services,Onboarding Workshop,Mid-Market,11,477.37,149.83,5251.07,1648.13,3602.94,0.00,Delivered,0
11366,2023-07-18,C1191,AMER,Mexico,Services,Onboarding Workshop,Enterprise,16,491.05,144.99,7856.80,2319.84,5536.96,0.00,Delivered,0
12009,2023-07-18,C1052,EMEA,United Kingdom,Services,Custom Integration,SMB,8,1250.36,415.13,10002.88,3321.04,6681.84,0.00,Delivered,0
12386,2023-07-18,C1083,APAC,Japan,Hardware,USB-C Hub,SMB,5,50.92,21.32,254.60,106.60,148.00,0.00,Delivered,0
10670,2023-07-19,C1200,EMEA,Netherlands,Hardware,Laptop Stand,Enterprise,7,44.47,15.65,311.29,109.55,201.74,0.00,Delivered,0
11753,2023-07-19,C1076,EMEA,France,Hardware,Webcam HD,SMB,1,80.80,32.60,80.80,32.60,48.20,0.00,Delivered,0
12778,2023-07-19,C1191,EMEA,United Kingdom,Software,Cloud Backup 1TB,Enterprise,16,61.50,7.27,984.00,116.32,867.68,0.00,Delivered,0
10038,2023-07-20,C1135,APAC,Singapore,Services,Onboarding Workshop,Mid-Market,3,526.59,145.75,1579.77,437.25,1142.52,0.00,Delivered,0
12186,2023-07-20,C1184,EMEA,France,Accessories,Cable Set,Enterprise,18,14.11,4.29,253.98,77.22,176.76,0.00,Delivered,0
12477,2023-07-20,C1103,AMER,Canada,Hardware,USB-C Hub,SMB,2,47.76,21.94,95.52,43.88,51.64,,Delivered,0
12522,2023-07-20,C1075,AMER,United States,Hardware,Webcam HD,SMB,2,83.36,31.61,166.72,63.22,103.50,0.00,Delivered,1
11731,2023-07-21,C1140,EMEA,Germany,Software,Editor Pro License,Mid-Market,7,100.86,10.00,706.02,70.00,636.02,0.00,Delivered,0
11870,2023-07-21,C1182,EMEA,Sweden,Accessories,Cable Set,Enterprise,8,13.80,4.46,110.40,35.68,74.72,0.00,Delivered,0
10059,2023-07-22,C1188,AMER,United States,Hardware,Mechanical Keyboard,Enterprise,9,136.20,46.90,1225.80,422.10,803.70,0.00,Delivered,0
12162,2023-07-22,C1175,EMEA,Sweden,Hardware,Mechanical Keyboard,Mid-Market,6,134.51,47.41,807.06,284.46,522.60,0.00,Delivered,0
12705,2023-07-22,C1191,EMEA,France,Hardware,Laptop Stand,Enterprise,14,46.04,15.98,644.56,223.72,420.84,0.00,Pending,0
12837,2023-07-22,C1125,EMEA,Spain,Accessories,Monitor Arm,Mid-Market,11,83.75,34.12,783.06,375.32,407.74,0.15,Shipped,0
10889,2023-07-23,C1175,APAC,India,Accessories,Monitor Arm,Mid-Market,4,91.99,35.33,367.96,141.32,226.64,0.00,Delivered,0
11377,2023-07-23,C1307,APAC,Australia,Hardware,"27"" Monitor",Consumer,4,320.90,133.47,1283.60,533.88,749.72,0.00,Delivered,0
11425,2023-07-24,C1188,EMEA,Sweden,Services,Onboarding Workshop,Enterprise,4,527.87,148.15,2111.48,592.60,1518.88,0.00,Delivered,0
10226,2023-07-25,C1250,EMEA,Germany,Hardware,Docking Station,Consumer,2,209.62,89.71,419.24,179.42,239.82,0.00,Delivered,0
12935,2023-07-25,C1178,APAC,Japan,Services,Priority Support,Mid-Market,10,184.53,35.45,1845.30,354.50,1490.80,0.00,Delivered,0
11858,2023-07-26,C1265,APAC,India,Services,Onboarding Workshop,Consumer,4,519.46,154.81,1662.27,619.24,1043.03,0.20,Delivered,0
12032,2023-07-26,C1105,AMER,Mexico,Services,Priority Support,SMB,3,178.73,37.22,536.19,111.66,424.53,0.00,Delivered,0
12112,2023-07-26,C1304,APAC,India,Software,Design Suite,Consumer,1,252.87,27.52,252.87,27.52,225.35,0.00,Shipped,0
12799,2023-07-26,C1242,APAC,Australia,Services,Priority Support,Consumer,4,188.04,36.82,752.16,147.28,604.88,0.00,Delivered,0
11606,2023-07-27,C1039,EMEA,United Kingdom,Accessories,Carry Sleeve,SMB,3,28.57,7.99,85.71,23.97,61.74,0.00,Delivered,0
11640,2023-07-27,C1166,EMEA,United Kingdom,Hardware,Docking Station,Mid-Market,4,189.32,94.64,757.28,378.56,378.72,0.00,Delivered,0
10205,2023-07-28,C1079,EMEA,Sweden,Software,Design Suite,SMB,4,258.53,28.47,1034.12,113.88,920.24,0.00,Delivered,0
11238,2023-07-28,C1114,EMEA,Germany,Services,Onboarding Workshop,SMB,6,497.71,155.99,2986.26,935.94,2050.32,0.00,Delivered,0
10589,2023-07-29,C1101,AMER,Mexico,Services,Custom Integration,SMB,2,1269.08,412.66,2538.16,825.32,1712.84,,Delivered,0
11127,2023-07-29,C1284,EMEA,France,Software,Cloud Backup 1TB,Consumer,1,62.22,7.15,62.22,7.15,55.07,0.00,Delivered,0
10462,2023-07-30,C1185,AMER,Mexico,Services,Onboarding Workshop,Enterprise,6,472.45,153.64,2409.49,921.84,1487.65,0.15,Delivered,0
12876,2023-07-30,C1012,AMER,Brazil,Services,Onboarding Workshop,SMB,4,483.43,146.27,1933.72,585.08,1348.64,0.00,Delivered,0
12893,2023-07-30,C1099,AMER,Canada,Software,Editor Pro License,SMB,4,100.55,9.42,402.20,37.68,364.52,0.00,Delivered,0
10626,2023-07-31,C1166,APAC,India,Accessories,Desk Mat,Mid-Market,12,25.02,6.12,300.24,73.44,226.80,0.00,Delivered,0
11473,2023-07-31,C1149,EMEA,United Kingdom,Accessories,Monitor Arm,Mid-Market,11,87.30,34.26,960.30,376.86,583.44,0.00,Delivered,0
11708,2023-07-31,C1184,EMEA,United Kingdom,Accessories,Desk Mat,Enterprise,17,24.71,6.44,420.07,109.48,310.59,0.00,Delivered,0
11776,2023-07-31,C1088,APAC,Singapore,Hardware,Docking Station,SMB,6,200.35,92.59,1202.10,555.54,646.56,0.00,Delivered,0
11372,2023-08-01,C1188,EMEA,Netherlands,Software,Analytics Platform,Enterprise,15,418.06,37.54,6270.90,563.10,5707.80,,Shipped,0
12947,2023-08-01,C1256,AMER,United States,Hardware,Docking Station,Consumer,4,207.71,96.09,830.84,384.36,446.48,0.00,Delivered,0
10733,2023-08-02,C1125,AMER,United States,Software,Cloud Backup 1TB,Mid-Market,11,55.50,6.79,610.50,74.69,535.81,0.00,Delivered,0
10796,2023-08-02,C1133,AMER,Canada,Services,Onboarding Workshop,Mid-Market,11,513.29,142.99,5646.19,1572.89,4073.30,0.00,Pending,0
11619,2023-08-02,C1148,APAC,India,Services,Onboarding Workshop,Mid-Market,2,524.56,156.62,1049.12,313.24,735.88,0.00,Delivered,0
12764,2023-08-02,C1137,EMEA,France,Hardware,Laptop Stand,Mid-Market,11,43.73,15.87,481.03,174.57,306.46,0.00,Delivered,0
11769,2023-08-03,C1218,AMER,Canada,Services,Training Course,Consumer,2,360.07,83.37,720.14,166.74,553.40,0.00,Pending,0
11153,2023-08-04,C1223,AMER,United States,Hardware,USB-C Hub,Consumer,4,51.28,20.53,205.12,82.12,123.00,,Pending,0
11322,2023-08-04,C1055,AMER,Mexico,Software,Analytics Platform,SMB,3,420.31,37.29,1260.93,111.87,1149.06,0.00,Pending,0
11777,2023-08-04,C1068,EMEA,France,Accessories,Cable Set,SMB,1,14.23,4.33,14.23,4.33,9.90,0.00,Delivered,0
10078,2023-08-05,C1191,EMEA,France,Services,Custom Integration,Enterprise,8,1193.23,429.65,9545.84,3437.20,6108.64,0.00,Delivered,0
10228,2023-08-05,C1163,EMEA,United Kingdom,Software,Cloud Backup 1TB,Mid-Market,10,58.12,7.01,464.96,70.10,394.86,0.20,Delivered,0
10495,2023-08-05,C1129,AMER,United States,Hardware,Webcam HD,Mid-Market,10,75.73,30.38,719.44,303.80,415.64,0.05,Delivered,0
11190,2023-08-05,C1144,AMER,United States,Software,Editor Pro License,Mid-Market,8,94.89,10.31,759.12,82.48,676.64,0.00,Delivered,0
11240,2023-08-05,C1180,APAC,South Korea,Accessories,Cable Set,Mid-Market,7,15.11,4.34,105.77,30.38,75.39,0.00,Delivered,0
11878,2023-08-05,C1009,AMER,United States,Accessories,Cable Set,SMB,7,14.56,4.43,91.73,31.01,60.72,0.10,Delivered,0
12649,2023-08-05,C1187,APAC,Singapore,Accessories,Desk Mat,Enterprise,6,25.05,6.53,150.30,39.18,111.12,0.00,Delivered,0
10490,2023-08-06,C1135,APAC,Japan,Accessories,Desk Mat,Mid-Market,10,25.27,6.00,252.70,60.00,192.70,0.00,Delivered,1
11358,2023-08-06,C1221,AMER,Canada,Software,Editor Pro License,Consumer,1,103.39,9.83,103.39,9.83,93.56,0.00,Delivered,0
12363,2023-08-06,C1257,EMEA,Germany,Hardware,Docking Station,Consumer,3,210.86,89.58,632.58,268.74,363.84,0.00,Delivered,0
12616,2023-08-06,C1226,EMEA,Spain,Accessories,Carry Sleeve,Consumer,4,30.59,8.52,122.36,34.08,88.28,0.00,Shipped,0
12685,2023-08-06,C1227,APAC,South Korea,Accessories,Desk Mat,Consumer,3,24.13,6.32,72.39,18.96,53.43,0.00,Delivered,0
11026,2023-08-07,C1182,APAC,South Korea,Hardware,Laptop Stand,Enterprise,15,41.71,15.05,625.65,225.75,399.90,0.00,Delivered,0
11847,2023-08-07,C1075,APAC,South Korea,Software,Editor Pro License,SMB,2,95.71,10.23,191.42,20.46,170.96,0.00,Delivered,0
11889,2023-08-07,C1194,AMER,Canada,Services,Custom Integration,Enterprise,17,1214.65,431.26,20649.05,7331.42,13317.63,0.00,Shipped,0
12857,2023-08-07,C1205,EMEA,United Kingdom,Hardware,Laptop Stand,Enterprise,15,45.87,15.31,688.05,229.65,458.40,0.00,Shipped,0
10419,2023-08-08,C1147,APAC,Australia,Software,VPN Annual,Mid-Market,8,40.90,3.20,327.20,25.60,301.60,0.00,Delivered,0
11367,2023-08-08,C1197,APAC,India,Hardware,Webcam HD,Enterprise,20,78.72,32.59,1574.40,651.80,922.60,0.00,Delivered,0
10321,2023-08-09,C1228,AMER,Canada,Hardware,USB-C Hub,Consumer,3,50.04,20.28,150.12,60.84,89.28,,Delivered,0
10677,2023-08-09,C1046,EMEA,Germany,Software,Analytics Platform,SMB,2,378.68,35.21,757.36,70.42,686.94,0.00,Delivered,0
12903,2023-08-09,C1185,APAC,South Korea,Hardware,Webcam HD,Enterprise,6,76.58,33.29,459.48,199.74,259.74,0.00,Delivered,0
12942,2023-08-09,C1138,AMER,United States,Hardware,"27"" Monitor",Mid-Market,7,303.54,138.82,2124.78,971.74,1153.04,0.00,Delivered,0
10781,2023-08-10,C1177,EMEA,France,Software,Design Suite,Mid-Market,8,261.30,28.51,2090.40,228.08,1862.32,,Delivered,0
11767,2023-08-10,C1201,APAC,Australia,Services,Training Course,Enterprise,13,366.36,85.86,4762.68,1116.18,3646.50,0.00,Delivered,0
12169,2023-08-10,C1229,AMER,Brazil,Services,Custom Integration,Consumer,2,1186.05,401.61,1897.68,803.22,1094.46,0.20,Delivered,0
12181,2023-08-10,C1136,APAC,Singapore,Accessories,Desk Mat,Mid-Market,6,24.05,6.02,144.30,36.12,108.18,0.00,Delivered,0
12358,2023-08-10,C1184,APAC,Australia,Hardware,"27"" Monitor",Enterprise,12,326.12,140.51,3717.77,1686.12,2031.65,0.05,Pending,0
11684,2023-08-11,C1120,EMEA,Netherlands,Accessories,Carry Sleeve,SMB,5,27.76,8.00,138.80,40.00,98.80,0.00,Delivered,0
11944,2023-08-11,C1126,EMEA,United Kingdom,Software,Editor Pro License,Mid-Market,10,96.36,10.30,963.60,103.00,860.60,0.00,Delivered,0
11950,2023-08-12,C1067,AMER,Brazil,Accessories,Carry Sleeve,SMB,4,28.44,7.91,113.76,31.64,82.12,0.00,Delivered,0
12825,2023-08-12,C1079,APAC,South Korea,Services,Onboarding Workshop,SMB,4,496.62,151.08,1986.48,604.32,1382.16,,Pending,0
12118,2023-08-13,C1195,EMEA,Spain,Software,Analytics Platform,Enterprise,19,384.24,37.62,7300.56,714.78,6585.78,0.00,Delivered,0
12199,2023-08-13,C1162,EMEA,France,Accessories,Cable Set,Mid-Market,6,14.71,4.40,88.26,26.40,61.86,0.00,Delivered,0
12936,2023-08-14,C1209,AMER,United States,Services,Training Course,Enterprise,18,344.60,84.50,6202.80,1521.00,4681.80,0.00,Delivered,0
11738,2023-08-15,C1069,EMEA,Netherlands,Hardware,Mechanical Keyboard,SMB,1,134.64,47.50,134.64,47.50,87.14,0.00,Delivered,0
11925,2023-08-15,C1187,AMER,Mexico,Software,Analytics Platform,Enterprise,16,386.20,35.09,5252.32,561.44,4690.88,0.15,Delivered,0
12049,2023-08-15,C1194,EMEA,Finland,Software,Analytics Platform,Enterprise,14,378.53,34.54,5299.42,483.56,4815.86,0.00,Delivered,0
10002,2023-08-16,C1025,APAC,Australia,Software,Cloud Backup 1TB,SMB,8,55.75,6.80,446.00,54.40,391.60,0.00,Delivered,0
10306,2023-08-16,C1116,AMER,United States,Software,Design Suite,SMB,5,246.49,27.31,1232.45,136.55,1095.90,0.00,Delivered,0
10940,2023-08-16,C1179,AMER,United States,Hardware,Mechanical Keyboard,Mid-Market,6,136.38,47.37,818.28,284.22,534.06,0.00,Delivered,0
12732,2023-08-16,C1273,EMEA,Sweden,Services,Training Course,Consumer,4,335.58,85.18,1342.32,340.72,1001.60,0.00,Delivered,0
12235,2023-08-17,C1190,APAC,Japan,Software,Analytics Platform,Enterprise,14,396.69,37.66,5553.66,527.24,5026.42,0.00,Delivered,0
12238,2023-08-17,C1188,APAC,India,Accessories,Carry Sleeve,Enterprise,10,29.90,8.31,299.00,83.10,215.90,0.00,Delivered,0
12535,2023-08-17,C1200,EMEA,Germany,Software,Cloud Backup 1TB,Enterprise,14,58.35,7.09,816.90,99.26,717.64,0.00,Delivered,0
10396,2023-08-18,C1164,EMEA,Finland,Services,Onboarding Workshop,Mid-Market,8,493.42,146.55,3947.36,1172.40,2774.96,0.00,Delivered,0
12476,2023-08-18,C1203,EMEA,Spain,Accessories,Cable Set,Enterprise,17,14.45,4.29,245.65,72.93,172.72,0.00,Delivered,1
12785,2023-08-18,C1143,AMER,Canada,Services,Priority Support,Mid-Market,2,173.14,34.21,346.28,68.42,277.86,0.00,Delivered,0
10844,2023-08-19,C1060,APAC,Singapore,Services,Custom Integration,SMB,4,1247.56,419.44,4990.24,1677.76,3312.48,0.00,Delivered,0
12134,2023-08-19,C1186,APAC,Singapore,Services,Priority Support,Enterprise,12,180.29,35.73,2163.48,428.76,1734.72,0.00,Delivered,1
11721,2023-08-20,C1018,AMER,Canada,Software,Editor Pro License,SMB,3,102.01,9.71,306.03,29.13,276.90,0.00,Delivered,0
12332,2023-08-20,C1168,EMEA,United Kingdom,Hardware,Webcam HD,Mid-Market,12,82.43,32.98,989.16,395.76,593.40,0.00,Delivered,0
11011,2023-08-22,C1144,EMEA,France,Services,Onboarding Workshop,Mid-Market,10,469.69,154.07,4462.05,1540.70,2921.35,0.05,Delivered,0
11013,2023-08-22,C1030,EMEA,Netherlands,Services,Onboarding Workshop,SMB,1,483.14,147.74,410.67,147.74,262.93,0.15,Delivered,0
11235,2023-08-22,C1172,EMEA,United Kingdom,Hardware,Docking Station,Mid-Market,11,190.47,93.40,2095.17,1027.40,1067.77,0.00,Shipped,0
11241,2023-08-22,C1143,EMEA,France,Accessories,Cable Set,Mid-Market,9,13.68,4.27,123.12,38.43,84.69,0.00,Cancelled,0
11774,2023-08-22,C1132,APAC,India,Software,Editor Pro License,Mid-Market,2,96.19,10.25,192.38,20.50,171.88,,Delivered,0
12065,2023-08-22,C1014,AMER,Mexico,Services,Priority Support,SMB,5,172.29,37.26,861.45,186.30,675.15,0.00,Delivered,0
12598,2023-08-22,C1195,APAC,India,Services,Training Course,Enterprise,10,342.00,84.53,3420.00,845.30,2574.70,0.00,Delivered,0
10791,2023-08-23,C1169,EMEA,Finland,Accessories,Carry Sleeve,Mid-Market,7,28.72,8.33,201.04,58.31,142.73,0.00,Delivered,0
10811,2023-08-23,C1192,EMEA,Finland,Accessories,Carry Sleeve,Enterprise,12,29.23,8.13,298.15,97.56,200.59,0.15,Delivered,0
11355,2023-08-23,C1129,AMER,United States,Software,Cloud Backup 1TB,Mid-Market,11,57.34,7.00,630.74,77.00,553.74,0.00,Delivered,0
11389,2023-08-23,C1190,EMEA,Spain,Software,Editor Pro License,Enterprise,8,96.51,9.78,772.08,78.24,693.84,0.00,Delivered,0
11421,2023-08-23,C1049,AMER,Canada,Hardware,Docking Station,SMB,3,197.06,92.33,591.18,276.99,314.19,0.00,Delivered,0
11551,2023-08-23,C1050,APAC,South Korea,Hardware,Docking Station,SMB,1,193.23,94.39,193.23,94.39,98.84,0.00,Delivered,0
10920,2023-08-24,C1161,EMEA,Netherlands,Hardware,Webcam HD,Mid-Market,8,75.86,32.84,606.88,262.72,344.16,0.00,Delivered,0
11555,2023-08-24,C1034,AMER,United States,Hardware,USB-C Hub,SMB,3,48.37,20.75,145.11,62.25,82.86,0.00,Delivered,0
11484,2023-08-25,C1144,APAC,Japan,Services,Custom Integration,Mid-Market,5,1254.67,416.06,6273.35,2080.30,4193.05,0.00,Delivered,0
11604,2023-08-25,C1187,APAC,Singapore,Software,Analytics Platform,Enterprise,20,402.68,36.17,6845.56,723.40,6122.16,0.15,Delivered,0
11959,2023-08-25,C1026,AMER,Canada,Hardware,Docking Station,SMB,5,210.05,94.80,1050.25,474.00,576.25,0.00,Shipped,0
12205,2023-08-25,C1076,EMEA,Spain,Hardware,Webcam HD,SMB,5,75.22,33.25,376.10,166.25,209.85,0.00,Delivered,1
12717,2023-08-25,C1159,EMEA,Netherlands,Accessories,Carry Sleeve,Mid-Market,4,28.61,7.88,114.44,31.52,82.92,0.00,Delivered,0
10339,2023-08-26,C1088,EMEA,Spain,Hardware,"27"" Monitor",SMB,7,307.86,146.30,1939.52,1024.10,915.42,0.10,Delivered,0
10374,2023-08-26,C1293,AMER,Mexico,Software,Cloud Backup 1TB,Consumer,2,56.69,7.14,90.70,14.28,76.42,0.20,Delivered,0
11371,2023-08-26,C1278,APAC,Japan,Software,Analytics Platform,Consumer,1,412.14,36.77,412.14,36.77,375.37,0.00,Delivered,0
11896,2023-08-26,C1139,EMEA,Germany,Hardware,"27"" Monitor",Mid-Market,7,307.29,138.28,2151.03,967.96,1183.07,0.00,Delivered,0
10097,2023-08-27,C1005,EMEA,France,Hardware,"27"" Monitor",SMB,8,306.54,140.28,2452.32,1122.24,1330.08,0.00,Delivered,1
10140,2023-08-27,C1062,EMEA,Finland,Software,Cloud Backup 1TB,SMB,2,60.72,6.93,121.44,13.86,107.58,0.00,Delivered,0
10417,2023-08-27,C1068,AMER,Mexico,Services,Custom Integration,SMB,3,1132.86,414.41,3398.58,1243.23,2155.35,,Delivered,0
10978,2023-08-27,C1197,EMEA,Sweden,Accessories,Monitor Arm,Enterprise,20,85.03,33.26,1275.45,665.20,610.25,0.25,Delivered,0
11181,2023-08-27,C1267,APAC,Japan,Software,Editor Pro License,Consumer,2,100.09,9.61,200.18,19.22,180.96,0.00,Delivered,0
11062,2023-08-28,C1098,APAC,Australia,Software,Design Suite,SMB,1,248.13,26.06,248.13,26.06,222.07,0.00,Delivered,0
12309,2023-08-28,C1044,AMER,United States,Services,Custom Integration,SMB,7,1145.90,399.25,8021.30,2794.75,5226.55,,Delivered,0
10247,2023-08-29,C1136,EMEA,France,Hardware,Laptop Stand,Mid-Market,7,44.56,15.40,311.92,107.80,204.12,0.00,Pending,0
10431,2023-08-29,C1242,AMER,United States,Software,Design Suite,Consumer,4,235.54,26.31,942.16,105.24,836.92,0.00,Delivered,0
10602,2023-08-29,C1182,EMEA,Finland,Hardware,"27"" Monitor",Enterprise,19,305.75,138.53,5809.25,2632.07,3177.18,0.00,Delivered,0
11655,2023-08-29,C1269,APAC,India,Hardware,Webcam HD,Consumer,2,78.15,31.42,156.30,62.84,93.46,0.00,Delivered,0
12127,2023-08-29,C1090,AMER,United States,Accessories,Cable Set,SMB,6,14.17,4.46,68.02,26.76,41.26,0.20,Delivered,0
12346,2023-08-29,C1162,APAC,Japan,Accessories,Carry Sleeve,Mid-Market,12,30.41,7.71,364.92,92.52,272.40,0.00,Delivered,0
12722,2023-08-29,C1207,AMER,Mexico,Software,Cloud Backup 1TB,Enterprise,11,58.03,6.93,638.33,76.23,562.10,0.00,Delivered,0
10203,2023-08-30,C1200,APAC,South Korea,Hardware,Webcam HD,Enterprise,7,79.84,31.64,558.88,221.48,337.40,0.00,Delivered,0
10905,2023-08-30,C1101,APAC,Singapore,Accessories,Monitor Arm,SMB,8,86.24,34.27,689.92,274.16,415.76,,Delivered,0
10926,2023-08-30,C1207,AMER,Mexico,Software,Analytics Platform,Enterprise,17,418.32,34.61,7111.44,588.37,6523.07,,Delivered,0
11140,2023-08-30,C1193,APAC,Japan,Accessories,Monitor Arm,Enterprise,10,90.49,34.39,904.90,343.90,561.00,0.00,Pending,0
11636,2023-08-30,C1088,AMER,Canada,Accessories,Desk Mat,SMB,1,23.40,6.36,23.40,6.36,17.04,0.00,Delivered,0
11672,2023-08-30,C1037,AMER,Brazil,Software,Editor Pro License,SMB,6,95.84,10.14,575.04,60.84,514.20,0.00,Delivered,0
12070,2023-08-30,C1200,AMER,Mexico,Accessories,Carry Sleeve,Enterprise,15,28.35,7.74,425.25,116.10,309.15,0.00,Delivered,0
10985,2023-08-31,C1001,AMER,Brazil,Accessories,Cable Set,SMB,1,15.24,4.41,15.24,4.41,10.83,0.00,Delivered,0
11280,2023-08-31,C1052,EMEA,France,Software,Editor Pro License,SMB,7,96.70,10.21,541.52,71.47,470.05,0.20,Delivered,0
11903,2023-08-31,C1086,EMEA,Finland,Accessories,Carry Sleeve,SMB,3,27.33,7.88,81.99,23.64,58.35,0.00,Delivered,0
12014,2023-08-31,C1287,APAC,Singapore,Services,Priority Support,Consumer,4,176.54,34.95,706.16,139.80,566.36,0.00,Delivered,0
11113,2023-09-01,C1068,EMEA,Netherlands,Software,Design Suite,SMB,8,243.68,27.05,1949.44,216.40,1733.04,0.00,Delivered,0
12498,2023-09-01,C1215,APAC,South Korea,Software,Design Suite,Consumer,4,258.35,26.67,1033.40,106.68,926.72,0.00,Delivered,0
12986,2023-09-01,C1186,AMER,United States,Hardware,USB-C Hub,Enterprise,10,51.42,21.01,514.20,210.10,304.10,0.00,Delivered,0
10551,2023-09-02,C1001,AMER,Canada,Services,Custom Integration,SMB,7,1134.67,404.88,7942.69,2834.16,5108.53,0.00,Delivered,0
10729,2023-09-02,C1155,APAC,India,Accessories,Monitor Arm,Mid-Market,5,93.52,34.49,467.60,172.45,295.15,0.00,Shipped,0
12262,2023-09-02,C1132,EMEA,Netherlands,Hardware,Laptop Stand,Mid-Market,8,42.23,15.84,337.84,126.72,211.12,0.00,Delivered,0
12297,2023-09-02,C1273,APAC,Australia,Services,Training Course,Consumer,4,350.63,87.95,1402.52,351.80,1050.72,0.00,Delivered,0
12578,2023-09-02,C1088,EMEA,Finland,Software,Cloud Backup 1TB,SMB,4,58.69,7.42,234.76,29.68,205.08,,Delivered,0
10355,2023-09-03,C1202,APAC,Australia,Hardware,Laptop Stand,Enterprise,18,42.88,15.04,771.84,270.72,501.12,0.00,Delivered,0
11306,2023-09-03,C1146,AMER,Canada,Hardware,USB-C Hub,Mid-Market,4,50.31,21.19,181.12,84.76,96.36,0.10,Delivered,0
11924,2023-09-03,C1200,AMER,Canada,Accessories,Carry Sleeve,Enterprise,11,28.04,8.31,262.17,91.41,170.76,0.15,Delivered,1
11983,2023-09-03,C1298,EMEA,Finland,Accessories,Monitor Arm,Consumer,2,92.67,34.13,157.54,68.26,89.28,0.15,Delivered,0
12008,2023-09-03,C1205,EMEA,France,Software,Analytics Platform,Enterprise,9,406.99,36.68,3662.91,330.12,3332.79,0.00,Delivered,0
10312,2023-09-04,C1014,AMER,Canada,Services,Priority Support,SMB,7,188.41,36.46,1318.87,255.22,1063.65,0.00,Delivered,0
11518,2023-09-04,C1139,EMEA,United Kingdom,Software,Design Suite,Mid-Market,6,257.70,27.32,1391.58,163.92,1227.66,0.10,Delivered,0
11665,2023-09-04,C1085,EMEA,Germany,Software,Design Suite,SMB,2,262.32,28.12,524.64,56.24,468.40,0.00,Delivered,0
10085,2023-09-05,C1195,APAC,South Korea,Software,VPN Annual,Enterprise,4,39.05,3.04,156.20,12.16,144.04,0.00,Delivered,0
10598,2023-09-05,C1059,EMEA,Spain,Accessories,Cable Set,SMB,8,15.26,4.45,122.08,35.60,86.48,0.00,Delivered,1
12461,2023-09-05,C1141,AMER,United States,Hardware,"27"" Monitor",Mid-Market,9,330.56,144.73,2975.04,1302.57,1672.47,0.00,Delivered,0
12474,2023-09-05,C1235,APAC,Japan,Hardware,"27"" Monitor",Consumer,2,300.98,137.98,601.96,275.96,326.00,0.00,Delivered,1
10130,2023-09-06,C1139,AMER,United States,Software,Design Suite,Mid-Market,3,246.76,26.77,740.28,80.31,659.97,0.00,Delivered,0
10624,2023-09-06,C1030,AMER,Canada,Hardware,"27"" Monitor",SMB,7,315.03,133.75,2205.21,936.25,1268.96,0.00,Delivered,0
11131,2023-09-06,C1140,AMER,Canada,Hardware,"27"" Monitor",Mid-Market,11,319.63,138.29,3515.93,1521.19,1994.74,,Delivered,0
11283,2023-09-06,C1145,EMEA,France,Accessories,Desk Mat,Mid-Market,7,22.61,5.99,158.27,41.93,116.34,0.00,Shipped,0
11343,2023-09-06,C1086,AMER,Brazil,Hardware,USB-C Hub,SMB,4,49.43,20.99,197.72,83.96,113.76,0.00,Delivered,0
10005,2023-09-07,C1157,AMER,Canada,Hardware,Laptop Stand,Mid-Market,8,41.61,15.62,332.88,124.96,207.92,0.00,Delivered,0
10793,2023-09-07,C1136,APAC,South Korea,Accessories,Cable Set,Mid-Market,5,13.92,4.23,69.60,21.15,48.45,0.00,Delivered,0
10886,2023-09-07,C1145,APAC,South Korea,Services,Priority Support,Mid-Market,4,188.81,34.46,755.24,137.84,617.40,0.00,Delivered,0
12832,2023-09-07,C1113,AMER,United States,Hardware,Mechanical Keyboard,SMB,7,128.05,49.19,896.35,344.33,552.02,0.00,Delivered,0
10325,2023-09-08,C1096,AMER,Mexico,Software,Editor Pro License,SMB,4,95.17,10.35,380.68,41.40,339.28,0.00,Delivered,0
11328,2023-09-08,C1147,APAC,Japan,Hardware,USB-C Hub,Mid-Market,11,49.32,21.58,542.52,237.38,305.14,0.00,Delivered,0
12145,2023-09-08,C1179,AMER,Canada,Software,Cloud Backup 1TB,Mid-Market,2,61.98,7.24,123.96,14.48,109.48,0.00,Cancelled,0
12674,2023-09-08,C1177,AMER,Canada,Hardware,Webcam HD,Mid-Market,9,79.67,32.86,681.18,295.74,385.44,0.05,Delivered,0
10116,2023-09-09,C1147,AMER,Mexico,Software,Cloud Backup 1TB,Mid-Market,9,61.99,6.74,557.91,60.66,497.25,0.00,Delivered,0
11835,2023-09-09,C1198,APAC,India,Hardware,Laptop Stand,Enterprise,11,41.95,15.41,461.45,169.51,291.94,0.00,Delivered,0
12115,2023-09-09,C1123,AMER,Mexico,Hardware,Docking Station,Mid-Market,6,202.74,90.14,1216.44,540.84,675.60,0.00,Delivered,0
12251,2023-09-09,C1034,AMER,Brazil,Services,Training Course,SMB,1,335.38,84.08,335.38,84.08,251.30,0.00,Delivered,0
12941,2023-09-09,C1206,EMEA,Netherlands,Hardware,USB-C Hub,Enterprise,8,51.72,21.29,413.76,170.32,243.44,0.00,Delivered,0
10063,2023-09-10,C1164,EMEA,France,Hardware,Docking Station,Mid-Market,12,200.06,90.82,2400.72,1089.84,1310.88,0.00,Delivered,0
10657,2023-09-10,C1127,EMEA,France,Services,Custom Integration,Mid-Market,9,1219.85,436.45,10978.65,3928.05,7050.60,0.00,Delivered,0
10663,2023-09-10,C1205,EMEA,France,Hardware,Mechanical Keyboard,Enterprise,14,135.19,47.80,1892.66,669.20,1223.46,0.00,Delivered,0
12718,2023-09-10,C1306,AMER,Canada,Software,Design Suite,Consumer,4,254.41,28.40,1017.64,113.60,904.04,0.00,Delivered,0
10139,2023-09-11,C1063,EMEA,Sweden,Hardware,Webcam HD,SMB,5,77.22,31.14,386.10,155.70,230.40,,Shipped,0
10236,2023-09-11,C1122,APAC,Japan,Hardware,Webcam HD,Mid-Market,3,79.88,32.88,203.69,98.64,105.05,0.15,Delivered,1
10941,2023-09-11,C1193,EMEA,Netherlands,Hardware,Mechanical Keyboard,Enterprise,19,136.40,49.52,2591.60,940.88,1650.72,0.00,Delivered,1
10997,2023-09-11,C1153,EMEA,Finland,Accessories,Cable Set,Mid-Market,10,15.04,4.29,150.40,42.90,107.50,0.00,Shipped,0
10683,2023-09-12,C1165,EMEA,Netherlands,Hardware,Mechanical Keyboard,Mid-Market,7,129.20,49.72,904.40,348.04,556.36,0.00,Delivered,0
10863,2023-09-12,C1046,EMEA,France,Software,Design Suite,SMB,7,236.49,27.50,1655.43,192.50,1462.93,0.00,Shipped,0
12553,2023-09-12,C1205,APAC,Japan,Services,Training Course,Enterprise,16,347.87,91.44,5565.92,1463.04,4102.88,0.00,Delivered,0
10914,2023-09-13,C1099,APAC,South Korea,Services,Custom Integration,SMB,4,1261.53,429.03,5046.12,1716.12,3330.00,0.00,Delivered,0
11596,2023-09-13,C1183,AMER,Mexico,Accessories,Desk Mat,Enterprise,20,23.62,6.11,472.40,122.20,350.20,0.00,Delivered,0
10439,2023-09-14,C1030,APAC,Australia,Hardware,Mechanical Keyboard,SMB,2,126.17,48.78,189.25,97.56,91.69,0.25,Pending,0
10910,2023-09-14,C1134,EMEA,France,Accessories,Cable Set,Mid-Market,12,15.14,4.54,181.68,54.48,127.20,0.00,Delivered,0
12315,2023-09-14,C1023,EMEA,Finland,Hardware,Docking Station,SMB,8,190.75,90.35,1526.00,722.80,803.20,0.00,Delivered,0
10679,2023-09-16,C1203,AMER,Canada,Services,Custom Integration,Enterprise,10,1259.19,407.50,12591.90,4075.00,8516.90,0.00,Shipped,0
10974,2023-09-16,C1171,AMER,United States,Hardware,"27"" Monitor",Mid-Market,7,310.54,142.25,1630.34,995.75,634.59,0.25,Delivered,0
11126,2023-09-16,C1226,AMER,United States,Accessories,Carry Sleeve,Consumer,1,27.42,8.27,27.42,8.27,19.15,0.00,Delivered,0
12519,2023-09-16,C1042,AMER,Canada,Hardware,Docking Station,SMB,5,198.34,91.82,991.70,459.10,532.60,0.00,Delivered,0
10201,2023-09-17,C1014,AMER,United States,Hardware,"27"" Monitor",SMB,6,331.72,143.30,1990.32,859.80,1130.52,0.00,Delivered,0
10471,2023-09-17,C1157,APAC,Singapore,Accessories,Carry Sleeve,Mid-Market,12,29.47,8.40,353.64,100.80,252.84,0.00,Delivered,0
10651,2023-09-17,C1192,EMEA,Germany,Services,Training Course,Enterprise,9,333.08,88.80,2997.72,799.20,2198.52,0.00,Delivered,0
10915,2023-09-17,C1295,AMER,Mexico,Accessories,Monitor Arm,Consumer,2,87.76,32.41,175.52,64.82,110.70,0.00,Delivered,0
11259,2023-09-17,C1057,EMEA,Germany,Accessories,Cable Set,SMB,1,14.89,4.37,14.89,4.37,10.52,0.00,Delivered,0
12306,2023-09-17,C1186,APAC,India,Software,VPN Annual,Enterprise,6,36.94,3.11,221.64,18.66,202.98,0.00,Delivered,0
12763,2023-09-17,C1182,APAC,Australia,Hardware,"27"" Monitor",Enterprise,13,333.35,140.55,4333.55,1827.15,2506.40,0.00,Delivered,0
10028,2023-09-18,C1076,EMEA,Sweden,Services,Onboarding Workshop,SMB,3,491.49,150.08,1474.47,450.24,1024.23,0.00,Delivered,0
10173,2023-09-18,C1140,EMEA,United Kingdom,Software,Editor Pro License,Mid-Market,5,101.25,10.17,480.94,50.85,430.09,0.05,Delivered,0
10388,2023-09-18,C1156,AMER,Mexico,Software,Editor Pro License,Mid-Market,4,97.94,9.80,391.76,39.20,352.56,0.00,Delivered,0
11423,2023-09-18,C1141,APAC,Singapore,Hardware,Laptop Stand,Mid-Market,12,43.15,16.11,517.80,193.32,324.48,,Delivered,0
12217,2023-09-18,C1204,AMER,Mexico,Services,Custom Integration,Enterprise,17,1248.73,426.87,21228.41,7256.79,13971.62,0.00,Delivered,0
10987,2023-09-19,C1062,AMER,Canada,Services,Custom Integration,SMB,8,1186.82,399.86,7120.92,3198.88,3922.04,0.25,Delivered,0
11742,2023-09-19,C1220,EMEA,Sweden,Software,Design Suite,Consumer,2,240.05,26.61,480.10,53.22,426.88,0.00,Delivered,0
12991,2023-09-19,C1043,AMER,Brazil,Services,Custom Integration,SMB,2,1251.29,440.32,2502.58,880.64,1621.94,0.00,Delivered,0
10090,2023-09-20,C1139,APAC,Japan,Services,Priority Support,Mid-Market,6,172.12,34.93,1032.72,209.58,823.14,0.00,Delivered,0
10209,2023-09-20,C1204,APAC,South Korea,Hardware,"27"" Monitor",Enterprise,7,299.92,137.36,2099.44,961.52,1137.92,0.00,Delivered,0
10825,2023-09-20,C1284,AMER,Brazil,Hardware,Docking Station,Consumer,1,192.76,95.02,192.76,95.02,97.74,,Delivered,0
11162,2023-09-20,C1299,AMER,Canada,Accessories,Monitor Arm,Consumer,3,83.81,33.37,251.43,100.11,151.32,0.00,Delivered,0
11625,2023-09-20,C1193,EMEA,Sweden,Services,Custom Integration,Enterprise,17,1205.45,427.81,20492.65,7272.77,13219.88,0.00,Delivered,0
11949,2023-09-20,C1144,EMEA,France,Accessories,Monitor Arm,Mid-Market,5,87.90,34.78,439.50,173.90,265.60,0.00,Shipped,0
10069,2023-09-21,C1187,EMEA,Netherlands,Software,Cloud Backup 1TB,Enterprise,6,62.43,7.07,374.58,42.42,332.16,0.00,Delivered,0
10612,2023-09-21,C1078,EMEA,France,Software,Cloud Backup 1TB,SMB,4,57.60,6.82,230.40,27.28,203.12,0.00,Delivered,0
12589,2023-09-21,C1171,APAC,Australia,Hardware,"27"" Monitor",Mid-Market,9,304.30,143.02,2738.70,1287.18,1451.52,0.00,Delivered,0
11017,2023-09-22,C1093,APAC,Australia,Services,Training Course,SMB,6,358.02,89.66,2148.12,537.96,1610.16,0.00,Delivered,0
12001,2023-09-22,C1074,EMEA,Spain,Accessories,Carry Sleeve,SMB,7,29.36,8.09,205.52,56.63,148.89,0.00,Delivered,0
12191,2023-09-22,C1184,APAC,Australia,Hardware,Mechanical Keyboard,Enterprise,3,127.75,49.88,383.25,149.64,233.61,0.00,Delivered,0
12445,2023-09-22,C1055,AMER,Mexico,Software,Cloud Backup 1TB,SMB,5,56.86,7.15,284.30,35.75,248.55,0.00,Delivered,0
11058,2023-09-23,C1202,AMER,Mexico,Hardware,"27"" Monitor",Enterprise,3,318.58,133.71,955.74,401.13,554.61,0.00,Pending,0
11342,2023-09-23,C1160,APAC,Japan,Hardware,Webcam HD,Mid-Market,8,82.57,31.18,660.56,249.44,411.12,0.00,Delivered,0
12187,2023-09-23,C1188,EMEA,United Kingdom,Hardware,Webcam HD,Enterprise,17,77.22,31.19,1312.74,530.23,782.51,0.00,Delivered,0
10047,2023-09-24,C1199,EMEA,Spain,Services,Custom Integration,Enterprise,8,1255.15,418.00,10041.20,3344.00,6697.20,,Delivered,0
10204,2023-09-24,C1176,EMEA,Netherlands,Hardware,Laptop Stand,Mid-Market,2,46.22,15.64,92.44,31.28,61.16,0.00,Delivered,0
11737,2023-09-24,C1082,AMER,Mexico,Hardware,Mechanical Keyboard,SMB,2,130.43,46.64,247.82,93.28,154.54,0.05,Delivered,0
12131,2023-09-24,C1145,APAC,India,Software,Cloud Backup 1TB,Mid-Market,10,62.21,7.09,622.10,70.90,551.20,0.00,Delivered,0
10537,2023-09-25,C1072,AMER,Canada,Hardware,Docking Station,SMB,1,194.64,92.07,194.64,92.07,102.57,0.00,Delivered,0
11193,2023-09-25,C1179,APAC,Singapore,Software,Editor Pro License,Mid-Market,12,100.93,10.16,1211.16,121.92,1089.24,0.00,Delivered,0
11783,2023-09-25,C1049,APAC,South Korea,Hardware,Docking Station,SMB,8,202.31,92.19,1618.48,737.52,880.96,0.00,Delivered,0
12335,2023-09-25,C1207,EMEA,Spain,Hardware,Docking Station,Enterprise,12,208.01,93.83,2496.12,1125.96,1370.16,0.00,Delivered,0
12748,2023-09-25,C1129,APAC,Singapore,Software,Design Suite,Mid-Market,4,239.65,26.48,958.60,105.92,852.68,0.00,Delivered,0
10102,2023-09-27,C1233,AMER,United States,Services,Onboarding Workshop,Consumer,3,487.36,146.76,1462.08,440.28,1021.80,0.00,Delivered,1
10557,2023-09-27,C1013,EMEA,Spain,Hardware,Webcam HD,SMB,3,78.89,32.78,224.84,98.34,126.50,0.05,Delivered,0
10594,2023-09-27,C1199,AMER,Brazil,Hardware,Docking Station,Enterprise,7,191.33,90.62,1339.31,634.34,704.97,0.00,Delivered,1
12287,2023-09-27,C1266,EMEA,Spain,Hardware,Docking Station,Consumer,2,193.81,89.91,387.62,179.82,207.80,,Shipped,0
12388,2023-09-27,C1086,AMER,Brazil,Software,Editor Pro License,SMB,7,101.79,9.72,712.53,68.04,644.49,,Delivered,0
10221,2023-09-28,C1118,EMEA,United Kingdom,Software,VPN Annual,SMB,8,40.69,3.02,325.52,24.16,301.36,0.00,Shipped,0
11697,2023-09-28,C1184,AMER,United States,Services,Priority Support,Enterprise,8,180.32,37.73,1442.56,301.84,1140.72,0.00,Delivered,0
12699,2023-09-28,C1264,APAC,Australia,Hardware,USB-C Hub,Consumer,2,49.66,20.55,99.32,41.10,58.22,0.00,Delivered,0
11859,2023-09-29,C1096,AMER,Canada,Software,Cloud Backup 1TB,SMB,2,58.35,7.15,116.70,14.30,102.40,0.00,Delivered,0
12343,2023-09-29,C1208,EMEA,Spain,Software,Cloud Backup 1TB,Enterprise,16,58.63,7.40,938.08,118.40,819.68,0.00,Delivered,0
12720,2023-09-29,C1142,AMER,United States,Hardware,USB-C Hub,Mid-Market,5,52.61,20.96,263.05,104.80,158.25,0.00,Delivered,0
10080,2023-09-30,C1062,EMEA,United Kingdom,Accessories,Cable Set,SMB,5,14.19,4.47,70.95,22.35,48.60,0.00,Delivered,0
10837,2023-09-30,C1189,EMEA,Finland,Software,Design Suite,Enterprise,16,248.18,27.25,3970.88,436.00,3534.88,0.00,Delivered,0
11256,2023-09-30,C1115,AMER,United States,Accessories,Cable Set,SMB,6,13.91,4.46,83.46,26.76,56.70,0.00,Delivered,0
12000,2023-09-30,C1134,AMER,Mexico,Accessories,Cable Set,Mid-Market,10,14.77,4.50,147.70,45.00,102.70,0.00,Delivered,0
10238,2023-10-01,C1108,EMEA,Netherlands,Software,Cloud Backup 1TB,SMB,5,56.62,6.91,283.10,34.55,248.55,0.00,Delivered,0
11315,2023-10-01,C1157,APAC,Japan,Software,Design Suite,Mid-Market,4,248.34,27.68,993.36,110.72,882.64,0.00,Pending,0
11561,2023-10-01,C1039,EMEA,Germany,Software,Design Suite,SMB,1,258.86,28.43,258.86,28.43,230.43,0.00,Pending,0
11988,2023-10-01,C1299,AMER,Mexico,Software,Analytics Platform,Consumer,4,398.51,36.52,1594.04,146.08,1447.96,,Shipped,0
10210,2023-10-02,C1183,AMER,Canada,Services,Custom Integration,Enterprise,14,1250.87,431.53,17512.18,6041.42,11470.76,0.00,Delivered,0
11635,2023-10-02,C1131,EMEA,United Kingdom,Software,Editor Pro License,Mid-Market,3,101.16,9.59,303.48,28.77,274.71,0.00,Delivered,0
11955,2023-10-02,C1169,EMEA,Germany,Accessories,Desk Mat,Mid-Market,8,23.94,6.36,191.52,50.88,140.64,,Delivered,0
10410,2023-10-03,C1041,EMEA,United Kingdom,Software,Editor Pro License,SMB,8,99.96,10.27,799.68,82.16,717.52,,Pending,0
11254,2023-10-03,C1180,EMEA,Spain,Hardware,Docking Station,Mid-Market,10,191.98,90.13,1919.80,901.30,1018.50,0.00,Delivered,0
11008,2023-10-04,C1246,EMEA,Spain,Services,Custom Integration,Consumer,2,1245.90,437.86,2491.80,875.72,1616.08,0.00,Delivered,0
12254,2023-10-04,C1161,EMEA,Finland,Software,Analytics Platform,Mid-Market,11,399.95,37.67,4399.45,414.37,3985.08,0.00,Delivered,0
10365,2023-10-05,C1131,AMER,Mexico,Accessories,Desk Mat,Mid-Market,5,24.27,6.49,121.35,32.45,88.90,0.00,Delivered,0
10790,2023-10-05,C1074,APAC,Australia,Software,Editor Pro License,SMB,7,102.26,10.04,715.82,70.28,645.54,0.00,Delivered,0
11590,2023-10-05,C1174,APAC,South Korea,Software,Analytics Platform,Mid-Market,8,389.46,37.54,3115.68,300.32,2815.36,0.00,Delivered,0
12957,2023-10-05,C1195,APAC,India,Software,Editor Pro License,Enterprise,5,97.69,10.18,488.45,50.90,437.55,0.00,Delivered,0
10815,2023-10-06,C1087,EMEA,France,Software,Editor Pro License,SMB,2,99.64,10.13,199.28,20.26,179.02,0.00,Cancelled,0
10150,2023-10-07,C1181,EMEA,United Kingdom,Accessories,Desk Mat,Enterprise,14,22.97,6.48,273.34,90.72,182.62,0.15,Delivered,0
10956,2023-10-07,C1155,APAC,India,Hardware,USB-C Hub,Mid-Market,10,50.09,21.38,500.90,213.80,287.10,0.00,Delivered,0
11730,2023-10-07,C1064,AMER,Canada,Software,Editor Pro License,SMB,4,101.99,10.03,407.96,40.12,367.84,0.00,Delivered,0
11855,2023-10-07,C1165,EMEA,Netherlands,Software,Design Suite,Mid-Market,8,242.87,26.52,1845.81,212.16,1633.65,0.05,Delivered,0
12467,2023-10-07,C1051,EMEA,France,Software,Analytics Platform,SMB,4,421.04,34.85,1684.16,139.40,1544.76,0.00,Delivered,0
12815,2023-10-07,C1107,AMER,Brazil,Services,Priority Support,SMB,4,172.00,37.25,688.00,149.00,539.00,0.00,Delivered,0
10008,2023-10-08,C1119,AMER,Brazil,Software,Design Suite,SMB,5,245.59,26.29,1227.95,131.45,1096.50,0.00,Delivered,0
11564,2023-10-08,C1121,EMEA,Germany,Hardware,"27"" Monitor",Mid-Market,7,336.73,137.58,2357.11,963.06,1394.05,0.00,Delivered,0
11711,2023-10-08,C1186,AMER,United States,Software,Editor Pro License,Enterprise,17,93.20,9.43,1188.30,160.31,1027.99,0.25,Shipped,0
11712,2023-10-08,C1058,APAC,India,Services,Onboarding Workshop,SMB,1,480.06,150.13,384.05,150.13,233.92,0.20,Delivered,0
10009,2023-10-09,C1158,EMEA,United Kingdom,Hardware,Webcam HD,Mid-Market,11,81.34,32.58,894.74,358.38,536.36,0.00,Delivered,0
11174,2023-10-09,C1308,AMER,Canada,Hardware,"27"" Monitor",Consumer,1,301.82,134.53,301.82,134.53,167.29,0.00,Delivered,0
11287,2023-10-09,C1140,EMEA,France,Software,Editor Pro License,Mid-Market,3,95.13,9.90,285.39,29.70,255.69,0.00,Delivered,0
12182,2023-10-09,C1002,EMEA,Finland,Hardware,Docking Station,SMB,7,210.10,91.27,1470.70,638.89,831.81,0.00,Delivered,0
12927,2023-10-09,C1162,APAC,South Korea,Software,Editor Pro License,Mid-Market,11,98.62,10.38,1084.82,114.18,970.64,0.00,Delivered,0
10694,2023-10-10,C1162,AMER,Mexico,Services,Priority Support,Mid-Market,4,171.81,37.69,687.24,150.76,536.48,0.00,Delivered,0
10716,2023-10-10,C1190,APAC,Singapore,Hardware,Laptop Stand,Enterprise,9,43.85,14.97,394.65,134.73,259.92,0.00,Delivered,0
10953,2023-10-10,C1129,APAC,Australia,Accessories,Monitor Arm,Mid-Market,5,87.70,34.20,438.50,171.00,267.50,0.00,Delivered,0
11272,2023-10-10,C1202,APAC,Japan,Hardware,"27"" Monitor",Enterprise,12,302.33,138.89,3627.96,1666.68,1961.28,,Delivered,0
11632,2023-10-10,C1187,APAC,South Korea,Software,Cloud Backup 1TB,Enterprise,17,61.39,7.31,1043.63,124.27,919.36,0.00,Delivered,0
12697,2023-10-11,C1279,EMEA,United Kingdom,Software,Cloud Backup 1TB,Consumer,2,56.86,6.81,113.72,13.62,100.10,0.00,Delivered,0
12706,2023-10-11,C1056,AMER,Canada,Software,Cloud Backup 1TB,SMB,2,56.24,7.29,112.48,14.58,97.90,0.00,Delivered,1
10728,2023-10-12,C1055,EMEA,Sweden,Hardware,Webcam HD,SMB,6,81.55,31.90,464.83,191.40,273.43,0.05,Pending,0
11092,2023-10-12,C1070,APAC,Japan,Services,Custom Integration,SMB,7,1203.18,401.36,8422.26,2809.52,5612.74,0.00,Delivered,0
12448,2023-10-12,C1199,AMER,Brazil,Services,Training Course,Enterprise,20,368.29,89.67,7365.80,1793.40,5572.40,0.00,Delivered,0
12698,2023-10-12,C1188,EMEA,Netherlands,Accessories,Monitor Arm,Enterprise,13,90.94,35.37,1182.22,459.81,722.41,0.00,Delivered,0
12963,2023-10-12,C1044,AMER,Brazil,Hardware,"27"" Monitor",SMB,8,331.41,140.17,2651.28,1121.36,1529.92,0.00,Delivered,0
10699,2023-10-13,C1287,EMEA,United Kingdom,Software,VPN Annual,Consumer,3,41.14,3.06,123.42,9.18,114.24,0.00,Delivered,0
10184,2023-10-14,C1204,EMEA,France,Software,Analytics Platform,Enterprise,3,415.25,37.14,1245.75,111.42,1134.33,0.00,Delivered,0
10198,2023-10-14,C1254,AMER,Brazil,Software,Design Suite,Consumer,3,252.26,28.38,756.78,85.14,671.64,0.00,Delivered,0
10457,2023-10-14,C1204,APAC,Singapore,Accessories,Cable Set,Enterprise,18,13.91,4.38,250.38,78.84,171.54,0.00,Delivered,0
10609,2023-10-14,C1205,APAC,Singapore,Hardware,Webcam HD,Enterprise,15,84.24,32.82,1263.60,492.30,771.30,0.00,Delivered,0
11723,2023-10-14,C1108,EMEA,Netherlands,Hardware,Webcam HD,SMB,8,78.99,30.75,631.92,246.00,385.92,,Pending,0
11917,2023-10-14,C1306,AMER,Brazil,Services,Priority Support,Consumer,4,185.70,35.05,742.80,140.20,602.60,0.00,Delivered,0
11938,2023-10-14,C1179,APAC,Singapore,Accessories,Desk Mat,Mid-Market,5,24.18,6.53,120.90,32.65,88.25,0.00,Delivered,0
12596,2023-10-14,C1007,AMER,Brazil,Software,VPN Annual,SMB,3,38.53,3.16,115.59,9.48,106.11,0.00,Delivered,0
11009,2023-10-15,C1167,AMER,Canada,Accessories,Cable Set,Mid-Market,2,14.95,4.56,29.90,9.12,20.78,0.00,Delivered,0
11832,2023-10-15,C1122,APAC,Japan,Accessories,Monitor Arm,Mid-Market,8,93.26,32.91,746.08,263.28,482.80,0.00,Delivered,0
12052,2023-10-15,C1299,AMER,Brazil,Hardware,Mechanical Keyboard,Consumer,3,122.46,47.35,367.38,142.05,225.33,0.00,Cancelled,0
12774,2023-10-15,C1184,APAC,South Korea,Accessories,Carry Sleeve,Enterprise,6,28.27,7.77,169.62,46.62,123.00,0.00,Delivered,0
10407,2023-10-16,C1149,APAC,Singapore,Software,Design Suite,Mid-Market,2,254.35,26.81,457.83,53.62,404.21,0.10,Delivered,0
11089,2023-10-16,C1187,APAC,India,Software,VPN Annual,Enterprise,20,37.23,3.26,744.60,65.20,679.40,0.00,Delivered,0
11549,2023-10-16,C1076,AMER,Canada,Software,Cloud Backup 1TB,SMB,4,59.64,7.28,238.56,29.12,209.44,0.00,Delivered,0
12042,2023-10-16,C1081,AMER,Mexico,Software,Analytics Platform,SMB,8,375.17,35.87,3001.36,286.96,2714.40,,Delivered,0
12724,2023-10-16,C1060,EMEA,Sweden,Hardware,"27"" Monitor",SMB,1,323.73,137.10,323.73,137.10,186.63,0.00,Delivered,0
12738,2023-10-16,C1152,APAC,Japan,Services,Custom Integration,Mid-Market,2,1167.67,439.60,2335.34,879.20,1456.14,0.00,Delivered,0
12569,2023-10-17,C1219,AMER,United States,Services,Training Course,Consumer,1,348.33,88.00,330.91,88.00,242.91,0.05,Delivered,0
10473,2023-10-18,C1167,EMEA,Sweden,Hardware,USB-C Hub,Mid-Market,7,49.71,19.93,347.97,139.51,208.46,0.00,Delivered,0
11108,2023-10-18,C1104,EMEA,Germany,Software,Cloud Backup 1TB,SMB,6,61.84,6.97,371.04,41.82,329.22,0.00,Delivered,0
11437,2023-10-18,C1265,EMEA,Finland,Services,Custom Integration,Consumer,3,1230.16,402.43,3690.48,1207.29,2483.19,0.00,Delivered,0
12951,2023-10-18,C1161,APAC,South Korea,Services,Custom Integration,Mid-Market,6,1204.53,424.28,7227.18,2545.68,4681.50,0.00,Delivered,0
10098,2023-10-19,C1310,APAC,Japan,Accessories,Carry Sleeve,Consumer,2,30.07,8.35,60.14,16.70,43.44,0.00,Delivered,0
10479,2023-10-19,C1035,AMER,Canada,Services,Training Course,SMB,3,339.03,83.15,1017.09,249.45,767.64,0.00,Pending,0
10742,2023-10-19,C1257,EMEA,Spain,Hardware,Mechanical Keyboard,Consumer,3,127.60,48.63,382.80,145.89,236.91,0.00,Delivered,0
10754,2023-10-19,C1200,APAC,Australia,Accessories,Carry Sleeve,Enterprise,9,29.58,8.35,266.22,75.15,191.07,0.00,Delivered,0
11234,2023-10-19,C1286,AMER,Brazil,Hardware,"27"" Monitor",Consumer,4,324.65,136.23,1298.60,544.92,753.68,0.00,Delivered,0
10177,2023-10-20,C1177,APAC,South Korea,Accessories,Carry Sleeve,Mid-Market,6,29.52,7.73,177.12,46.38,130.74,,Delivered,0
11326,2023-10-20,C1024,EMEA,France,Accessories,Desk Mat,SMB,2,25.09,6.21,50.18,12.42,37.76,0.00,Delivered,0
11756,2023-10-20,C1040,AMER,Canada,Accessories,Carry Sleeve,SMB,7,29.91,8.29,209.37,58.03,151.34,0.00,Delivered,0
12004,2023-10-20,C1204,AMER,Brazil,Accessories,Carry Sleeve,Enterprise,8,29.77,8.15,214.34,65.20,149.14,0.10,Delivered,0
12618,2023-10-20,C1308,EMEA,Germany,Software,Analytics Platform,Consumer,1,394.78,34.29,394.78,34.29,360.49,0.00,Delivered,0
10253,2023-10-21,C1161,AMER,Mexico,Software,Analytics Platform,Mid-Market,6,386.39,34.23,2318.34,205.38,2112.96,0.00,Delivered,0
10617,2023-10-21,C1198,EMEA,France,Software,Cloud Backup 1TB,Enterprise,4,61.70,6.96,197.44,27.84,169.60,0.20,Delivered,0
10950,2023-10-21,C1198,APAC,Australia,Software,Analytics Platform,Enterprise,5,390.15,36.86,1950.75,184.30,1766.45,0.00,Delivered,0
11107,2023-10-22,C1181,AMER,United States,Software,Analytics Platform,Enterprise,6,399.61,35.72,1918.13,214.32,1703.81,0.20,Delivered,0
11161,2023-10-22,C1145,EMEA,United Kingdom,Hardware,USB-C Hub,Mid-Market,9,49.71,19.91,447.39,179.19,268.20,0.00,Delivered,0
11599,2023-10-22,C1150,AMER,Canada,Hardware,Docking Station,Mid-Market,12,199.56,95.71,2155.25,1148.52,1006.73,0.10,Delivered,0
11664,2023-10-22,C1201,APAC,Australia,Software,Cloud Backup 1TB,Enterprise,17,58.44,7.02,993.48,119.34,874.14,0.00,Shipped,0
12514,2023-10-22,C1292,EMEA,Spain,Hardware,Docking Station,Consumer,1,194.06,89.34,194.06,89.34,104.72,0.00,Delivered,0
11478,2023-10-23,C1225,EMEA,France,Software,VPN Annual,Consumer,4,39.43,3.22,157.72,12.88,144.84,0.00,Delivered,0
11941,2023-10-23,C1108,APAC,South Korea,Software,Editor Pro License,SMB,2,103.76,9.53,207.52,19.06,188.46,0.00,Delivered,0
12710,2023-10-23,C1272,APAC,Japan,Hardware,USB-C Hub,Consumer,4,47.68,21.49,152.58,85.96,66.62,0.20,Delivered,0
10326,2023-10-24,C1296,EMEA,United Kingdom,Hardware,"27"" Monitor",Consumer,2,302.67,139.48,605.34,278.96,326.38,0.00,Delivered,0
10415,2023-10-24,C1190,APAC,Singapore,Software,Design Suite,Enterprise,11,236.01,28.24,2336.50,310.64,2025.86,0.10,Delivered,0
10459,2023-10-24,C1133,APAC,Singapore,Hardware,Mechanical Keyboard,Mid-Market,8,129.77,49.33,1038.16,394.64,643.52,0.00,Delivered,1
11506,2023-10-24,C1204,APAC,Japan,Services,Onboarding Workshop,Enterprise,18,470.53,148.05,8469.54,2664.90,5804.64,0.00,Delivered,0
12206,2023-10-24,C1158,APAC,India,Software,Editor Pro License,Mid-Market,5,95.92,10.39,479.60,51.95,427.65,0.00,Delivered,0
12953,2023-10-24,C1190,EMEA,Sweden,Software,Analytics Platform,Enterprise,4,396.17,35.95,1584.68,143.80,1440.88,0.00,Delivered,0
11189,2023-10-25,C1217,AMER,Mexico,Accessories,Desk Mat,Consumer,4,24.90,6.41,99.60,25.64,73.96,0.00,Delivered,0
11249,2023-10-25,C1267,APAC,South Korea,Hardware,Webcam HD,Consumer,4,76.79,30.82,291.80,123.28,168.52,0.05,Delivered,0
11281,2023-10-25,C1149,AMER,United States,Services,Onboarding Workshop,Mid-Market,11,519.87,150.89,5718.57,1659.79,4058.78,0.00,Shipped,0
11519,2023-10-25,C1206,AMER,Canada,Hardware,Mechanical Keyboard,Enterprise,6,130.43,48.95,782.58,293.70,488.88,0.00,Delivered,0
12175,2023-10-25,C1151,AMER,Canada,Software,Analytics Platform,Mid-Market,12,410.66,34.51,4927.92,414.12,4513.80,0.00,Delivered,0
11496,2023-10-27,C1194,APAC,Singapore,Services,Custom Integration,Enterprise,7,1132.50,400.50,7927.50,2803.50,5124.00,0.00,Delivered,0
12786,2023-10-27,C1163,EMEA,Spain,Hardware,Webcam HD,Mid-Market,4,83.29,32.65,333.16,130.60,202.56,0.00,Delivered,0
11790,2023-10-28,C1049,AMER,Canada,Hardware,Webcam HD,SMB,5,77.44,31.76,387.20,158.80,228.40,0.00,Delivered,0
12216,2023-10-28,C1142,APAC,South Korea,Services,Custom Integration,Mid-Market,6,1262.32,425.16,6437.83,2550.96,3886.87,0.15,Delivered,0
10923,2023-10-29,C1099,AMER,Canada,Hardware,Webcam HD,SMB,7,79.74,30.64,558.18,214.48,343.70,,Delivered,1
11387,2023-10-29,C1117,AMER,United States,Hardware,Laptop Stand,SMB,5,45.90,15.89,229.50,79.45,150.05,0.00,Delivered,0
12342,2023-10-29,C1109,AMER,United States,Software,Editor Pro License,SMB,8,103.31,10.06,826.48,80.48,746.00,0.00,Delivered,0
12441,2023-10-29,C1100,AMER,United States,Hardware,Docking Station,SMB,8,205.68,87.51,1645.44,700.08,945.36,0.00,Delivered,0
10017,2023-10-30,C1175,AMER,United States,Hardware,Docking Station,Mid-Market,7,196.11,94.52,1372.77,661.64,711.13,0.00,Delivered,0
10062,2023-10-30,C1251,EMEA,France,Software,Design Suite,Consumer,3,247.05,27.52,741.15,82.56,658.59,0.00,Delivered,0
10100,2023-10-30,C1191,EMEA,France,Software,Editor Pro License,Enterprise,19,98.97,10.02,1880.43,190.38,1690.05,0.00,Delivered,0
10223,2023-10-30,C1139,EMEA,Spain,Services,Priority Support,Mid-Market,3,188.79,34.45,453.10,103.35,349.75,0.20,Delivered,0
11325,2023-10-30,C1298,APAC,India,Software,VPN Annual,Consumer,4,39.05,3.12,132.77,12.48,120.29,0.15,Cancelled,0
12775,2023-10-30,C1016,AMER,Canada,Services,Custom Integration,SMB,5,1222.35,408.41,6111.75,2042.05,4069.70,0.00,Delivered,0
12895,2023-10-30,C1112,EMEA,Germany,Software,Cloud Backup 1TB,SMB,6,59.29,6.77,355.74,40.62,315.12,0.00,Delivered,0
10157,2023-10-31,C1151,EMEA,France,Hardware,Laptop Stand,Mid-Market,5,46.40,14.83,232.00,74.15,157.85,0.00,Delivered,1
10273,2023-10-31,C1225,EMEA,France,Accessories,Monitor Arm,Consumer,2,87.65,33.46,175.30,66.92,108.38,0.00,Delivered,0
10862,2023-10-31,C1260,AMER,Canada,Services,Onboarding Workshop,Consumer,3,508.71,147.94,1526.13,443.82,1082.31,0.00,Delivered,0
12869,2023-10-31,C1101,APAC,India,Hardware,USB-C Hub,SMB,8,48.32,21.83,386.56,174.64,211.92,0.00,Delivered,1
11324,2023-11-01,C1209,EMEA,Netherlands,Services,Priority Support,Enterprise,4,185.87,37.38,743.48,149.52,593.96,0.00,Delivered,0
11394,2023-11-01,C1185,EMEA,Finland,Hardware,Laptop Stand,Enterprise,8,44.73,16.07,357.84,128.56,229.28,,Delivered,0
11643,2023-11-01,C1126,AMER,Mexico,Accessories,Monitor Arm,Mid-Market,7,88.77,34.96,621.39,244.72,376.67,0.00,Delivered,0
11792,2023-11-01,C1162,APAC,India,Software,Editor Pro License,Mid-Market,11,94.28,9.67,1037.08,106.37,930.71,0.00,Delivered,0
12943,2023-11-01,C1126,EMEA,Finland,Accessories,Carry Sleeve,Mid-Market,8,29.95,8.21,191.68,65.68,126.00,0.20,Delivered,0
10077,2023-11-02,C1045,EMEA,Netherlands,Services,Training Course,SMB,4,355.32,84.13,1350.22,336.52,1013.70,0.05,Delivered,0
10860,2023-11-02,C1126,EMEA,Spain,Accessories,Monitor Arm,Mid-Market,4,92.24,35.37,368.96,141.48,227.48,0.00,Delivered,0
11042,2023-11-02,C1042,AMER,Brazil,Services,Training Course,SMB,1,365.23,89.63,365.23,89.63,275.60,0.00,Delivered,0
11390,2023-11-02,C1248,AMER,Brazil,Services,Training Course,Consumer,2,348.90,83.44,697.80,166.88,530.92,0.00,Delivered,0
11842,2023-11-02,C1018,EMEA,Finland,Software,Cloud Backup 1TB,SMB,2,57.57,7.33,103.63,14.66,88.97,0.10,Cancelled,0
10368,2023-11-03,C1205,EMEA,Germany,Hardware,"27"" Monitor",Enterprise,15,334.34,139.92,5015.10,2098.80,2916.30,0.00,Delivered,0
11820,2023-11-03,C1198,APAC,South Korea,Hardware,Mechanical Keyboard,Enterprise,12,126.68,51.33,1520.16,615.96,904.20,0.00,Delivered,0
12318,2023-11-03,C1086,EMEA,France,Accessories,Carry Sleeve,SMB,4,29.54,7.97,118.16,31.88,86.28,0.00,Delivered,0
12964,2023-11-03,C1250,EMEA,United Kingdom,Software,Editor Pro License,Consumer,1,102.79,9.93,102.79,9.93,92.86,,Delivered,0
10599,2023-11-04,C1138,EMEA,United Kingdom,Accessories,Monitor Arm,Mid-Market,5,84.98,34.40,424.90,172.00,252.90,0.00,Delivered,0
11040,2023-11-04,C1080,AMER,United States,Services,Custom Integration,SMB,8,1154.04,421.07,9232.32,3368.56,5863.76,0.00,Delivered,0
11727,2023-11-04,C1157,EMEA,Germany,Services,Priority Support,Mid-Market,3,174.08,35.67,522.24,107.01,415.23,0.00,Delivered,0
12135,2023-11-04,C1182,AMER,Mexico,Software,VPN Annual,Enterprise,4,40.50,3.26,162.00,13.04,148.96,0.00,Delivered,0
12288,2023-11-04,C1034,AMER,United States,Accessories,Desk Mat,SMB,7,23.64,6.52,165.48,45.64,119.84,0.00,Cancelled,0
12587,2023-11-04,C1071,EMEA,Netherlands,Software,VPN Annual,SMB,6,37.64,3.12,225.84,18.72,207.12,0.00,Delivered,0
10399,2023-11-05,C1210,AMER,United States,Software,Design Suite,Enterprise,4,236.19,26.95,944.76,107.80,836.96,,Shipped,0
11224,2023-11-05,C1298,EMEA,Finland,Accessories,Desk Mat,Consumer,1,23.02,6.48,23.02,6.48,16.54,0.00,Delivered,0
12157,2023-11-05,C1106,EMEA,Spain,Accessories,Cable Set,SMB,1,15.30,4.39,15.30,4.39,10.91,0.00,Delivered,0
12760,2023-11-05,C1125,APAC,Japan,Hardware,"27"" Monitor",Mid-Market,9,327.55,138.22,2947.95,1243.98,1703.97,0.00,Cancelled,0
12954,2023-11-05,C1200,AMER,Brazil,Hardware,Mechanical Keyboard,Enterprise,18,136.69,50.95,2460.42,917.10,1543.32,0.00,Delivered,0
10405,2023-11-06,C1199,APAC,Singapore,Accessories,Carry Sleeve,Enterprise,17,28.63,8.43,486.71,143.31,343.40,0.00,Delivered,0
11239,2023-11-06,C1193,APAC,Singapore,Software,VPN Annual,Enterprise,12,36.90,3.13,442.80,37.56,405.24,0.00,Delivered,0
11470,2023-11-06,C1049,EMEA,Spain,Services,Custom Integration,SMB,5,1184.67,439.37,5923.35,2196.85,3726.50,0.00,Delivered,0
11745,2023-11-06,C1061,EMEA,Sweden,Services,Onboarding Workshop,SMB,4,497.44,150.46,1989.76,601.84,1387.92,,Delivered,0
10397,2023-11-07,C1009,EMEA,United Kingdom,Hardware,Webcam HD,SMB,4,77.63,32.37,310.52,129.48,181.04,0.00,Delivered,0
10485,2023-11-07,C1208,AMER,Brazil,Services,Onboarding Workshop,Enterprise,9,496.82,144.30,4471.38,1298.70,3172.68,0.00,Delivered,0
11327,2023-11-07,C1060,AMER,United States,Software,Cloud Backup 1TB,SMB,8,57.95,7.40,463.60,59.20,404.40,0.00,Delivered,0
11899,2023-11-07,C1140,AMER,Canada,Software,Design Suite,Mid-Market,8,252.51,26.20,2020.08,209.60,1810.48,0.00,Delivered,0
10123,2023-11-08,C1164,APAC,South Korea,Software,VPN Annual,Mid-Market,11,38.83,3.25,427.13,35.75,391.38,0.00,Delivered,0
12561,2023-11-08,C1269,APAC,India,Hardware,Docking Station,Consumer,1,205.63,95.68,205.63,95.68,109.95,0.00,Pending,0
10381,2023-11-09,C1021,EMEA,Germany,Software,Design Suite,SMB,5,255.18,27.98,1275.90,139.90,1136.00,0.00,Delivered,0
10389,2023-11-09,C1223,APAC,Australia,Hardware,USB-C Hub,Consumer,1,47.81,21.95,43.03,21.95,21.08,0.10,Delivered,0
10468,2023-11-09,C1070,AMER,Brazil,Software,VPN Annual,SMB,2,41.07,3.04,82.14,6.08,76.06,0.00,Delivered,0
10964,2023-11-09,C1054,EMEA,Germany,Services,Custom Integration,SMB,1,1216.19,437.17,1216.19,437.17,779.02,0.00,Delivered,0
11319,2023-11-09,C1124,AMER,Brazil,Services,Training Course,Mid-Market,7,359.54,90.17,2516.78,631.19,1885.59,0.00,Delivered,0
11379,2023-11-09,C1170,APAC,Singapore,Hardware,Laptop Stand,Mid-Market,11,45.43,14.74,499.73,162.14,337.59,0.00,Delivered,0
11476,2023-11-09,C1068,AMER,Canada,Accessories,Desk Mat,SMB,7,23.09,6.09,161.63,42.63,119.00,,Delivered,0
11707,2023-11-09,C1104,EMEA,Finland,Hardware,"27"" Monitor",SMB,3,329.48,139.55,988.44,418.65,569.79,0.00,Delivered,0
12455,2023-11-09,C1226,EMEA,Spain,Software,Cloud Backup 1TB,Consumer,1,60.10,7.07,54.09,7.07,47.02,0.10,Delivered,0
12843,2023-11-09,C1184,EMEA,France,Accessories,Monitor Arm,Enterprise,9,89.14,34.12,802.26,307.08,495.18,0.00,Delivered,1
10044,2023-11-10,C1070,EMEA,Spain,Services,Priority Support,SMB,4,177.98,36.91,711.92,147.64,564.28,0.00,Shipped,0
11370,2023-11-10,C1073,EMEA,Netherlands,Hardware,Docking Station,SMB,6,203.61,88.86,916.25,533.16,383.09,0.25,Pending,0
10843,2023-11-11,C1134,EMEA,United Kingdom,Software,Analytics Platform,Mid-Market,3,402.62,35.69,1026.68,107.07,919.61,0.15,Delivered,0
11307,2023-11-11,C1151,AMER,Canada,Hardware,Laptop Stand,Mid-Market,6,46.05,15.47,276.30,92.82,183.48,,Delivered,0
11524,2023-11-11,C1040,AMER,United States,Software,Design Suite,SMB,4,255.34,28.10,1021.36,112.40,908.96,0.00,Delivered,0
10171,2023-11-12,C1137,EMEA,United Kingdom,Software,Design Suite,Mid-Market,3,234.56,28.40,703.68,85.20,618.48,0.00,Delivered,0
10945,2023-11-12,C1199,APAC,India,Services,Onboarding Workshop,Enterprise,20,525.51,143.87,10510.20,2877.40,7632.80,,Delivered,0
11027,2023-11-12,C1232,APAC,South Korea,Software,Cloud Backup 1TB,Consumer,4,57.88,7.12,231.52,28.48,203.04,0.00,Delivered,0
12294,2023-11-12,C1185,EMEA,Sweden,Hardware,Webcam HD,Enterprise,14,76.63,30.33,1072.82,424.62,648.20,,Pending,0
12619,2023-11-12,C1108,AMER,Mexico,Services,Training Course,SMB,4,332.04,84.56,1328.16,338.24,989.92,0.00,Delivered,0
12695,2023-11-12,C1111,AMER,Canada,Hardware,"27"" Monitor",SMB,8,333.53,144.18,2668.24,1153.44,1514.80,0.00,Delivered,0
12744,2023-11-12,C1172,AMER,Brazil,Hardware,Webcam HD,Mid-Market,8,78.86,30.84,630.88,246.72,384.16,0.00,Delivered,0
10845,2023-11-13,C1213,APAC,Singapore,Hardware,Webcam HD,Consumer,4,83.57,33.18,334.28,132.72,201.56,0.00,Delivered,0
11973,2023-11-13,C1175,EMEA,United Kingdom,Software,Analytics Platform,Mid-Market,11,375.21,34.83,4127.31,383.13,3744.18,0.00,Cancelled,0
12111,2023-11-13,C1131,AMER,United States,Software,Editor Pro License,Mid-Market,10,94.45,9.83,944.50,98.30,846.20,0.00,Delivered,0
12518,2023-11-13,C1148,AMER,United States,Hardware,Mechanical Keyboard,Mid-Market,6,136.62,50.89,819.72,305.34,514.38,0.00,Shipped,0
12534,2023-11-13,C1123,APAC,Singapore,Software,Analytics Platform,Mid-Market,5,391.65,36.13,1958.25,180.65,1777.60,0.00,Delivered,0
12560,2023-11-13,C1142,APAC,Australia,Hardware,USB-C Hub,Mid-Market,4,52.16,20.63,208.64,82.52,126.12,0.00,Delivered,0
10108,2023-11-14,C1040,EMEA,Germany,Software,VPN Annual,SMB,6,39.98,3.15,239.88,18.90,220.98,0.00,Delivered,0
11191,2023-11-14,C1094,EMEA,Finland,Services,Custom Integration,SMB,5,1179.09,430.84,5895.45,2154.20,3741.25,0.00,Pending,0
11717,2023-11-14,C1102,APAC,Japan,Hardware,USB-C Hub,SMB,1,49.74,21.42,49.74,21.42,28.32,0.00,Delivered,0
12152,2023-11-14,C1122,AMER,Mexico,Hardware,USB-C Hub,Mid-Market,11,48.20,19.99,530.20,219.89,310.31,,Delivered,0
10293,2023-11-15,C1049,EMEA,United Kingdom,Software,Editor Pro License,SMB,1,93.77,10.26,93.77,10.26,83.51,0.00,Shipped,0
10359,2023-11-15,C1127,APAC,Singapore,Services,Custom Integration,Mid-Market,2,1256.65,419.21,2010.64,838.42,1172.22,0.20,Shipped,0
10386,2023-11-15,C1295,EMEA,Netherlands,Software,Cloud Backup 1TB,Consumer,1,61.61,7.18,61.61,7.18,54.43,0.00,Delivered,0
10724,2023-11-15,C1306,EMEA,Finland,Services,Priority Support,Consumer,2,175.16,34.71,350.32,69.42,280.90,0.00,Delivered,0
10804,2023-11-15,C1214,EMEA,Sweden,Software,Analytics Platform,Consumer,4,410.17,34.93,1394.58,139.72,1254.86,0.15,Delivered,0
10864,2023-11-15,C1224,EMEA,France,Accessories,Carry Sleeve,Consumer,4,29.77,8.04,119.08,32.16,86.92,0.00,Shipped,0
11600,2023-11-15,C1121,AMER,Brazil,Hardware,"27"" Monitor",Mid-Market,3,302.08,137.23,815.62,411.69,403.93,0.10,Delivered,1
12302,2023-11-15,C1155,EMEA,Finland,Hardware,Docking Station,Mid-Market,2,198.57,94.78,297.86,189.56,108.30,0.25,Delivered,0
10412,2023-11-16,C1090,EMEA,Finland,Accessories,Cable Set,SMB,2,15.20,4.20,30.40,8.40,22.00,0.00,Delivered,0
10543,2023-11-16,C1072,EMEA,Netherlands,Software,VPN Annual,SMB,3,39.98,3.17,119.94,9.51,110.43,0.00,Cancelled,0
11296,2023-11-16,C1210,AMER,United States,Accessories,Cable Set,Enterprise,11,14.26,4.46,156.86,49.06,107.80,0.00,Delivered,0
11345,2023-11-16,C1192,APAC,Singapore,Software,Analytics Platform,Enterprise,6,384.57,34.70,2307.42,208.20,2099.22,0.00,Delivered,0
11733,2023-11-16,C1159,APAC,India,Accessories,Cable Set,Mid-Market,5,13.83,4.41,69.15,22.05,47.10,0.00,Delivered,0
11869,2023-11-16,C1148,APAC,Australia,Software,VPN Annual,Mid-Market,11,39.76,3.23,437.36,35.53,401.83,0.00,Delivered,0
12241,2023-11-16,C1067,AMER,Brazil,Hardware,Laptop Stand,SMB,2,41.66,15.84,83.32,31.68,51.64,0.00,Cancelled,0
12577,2023-11-16,C1083,EMEA,Sweden,Accessories,Carry Sleeve,SMB,1,30.26,7.92,30.26,7.92,22.34,0.00,Delivered,0
12644,2023-11-16,C1179,APAC,Singapore,Software,Analytics Platform,Mid-Market,5,410.70,35.91,2053.50,179.55,1873.95,0.00,Delivered,0
10661,2023-11-17,C1264,EMEA,Netherlands,Accessories,Monitor Arm,Consumer,1,94.15,34.95,94.15,34.95,59.20,0.00,Delivered,0
10981,2023-11-17,C1195,AMER,Mexico,Services,Onboarding Workshop,Enterprise,19,485.51,142.85,9224.69,2714.15,6510.54,0.00,Delivered,0
11755,2023-11-17,C1013,EMEA,United Kingdom,Accessories,Monitor Arm,SMB,4,87.17,34.27,348.68,137.08,211.60,0.00,Shipped,0
12012,2023-11-17,C1097,EMEA,Netherlands,Hardware,Webcam HD,SMB,1,79.21,33.38,79.21,33.38,45.83,,Shipped,0
12018,2023-11-17,C1062,AMER,United States,Software,Design Suite,SMB,3,247.74,27.18,631.74,81.54,550.20,0.15,Delivered,0
12635,2023-11-17,C1119,AMER,Canada,Services,Priority Support,SMB,3,174.67,36.78,393.01,110.34,282.67,0.25,Delivered,0
10275,2023-11-18,C1058,EMEA,Netherlands,Accessories,Carry Sleeve,SMB,5,30.63,7.73,130.18,38.65,91.53,0.15,Delivered,0
10433,2023-11-18,C1046,AMER,United States,Software,Design Suite,SMB,5,240.88,26.96,1144.18,134.80,1009.38,0.05,Shipped,0
10907,2023-11-18,C1026,EMEA,Netherlands,Hardware,USB-C Hub,SMB,2,47.97,20.68,95.94,41.36,54.58,,Delivered,0
12030,2023-11-18,C1129,EMEA,Spain,Software,VPN Annual,Mid-Market,3,38.13,3.02,114.39,9.06,105.33,0.00,Delivered,0
10095,2023-11-19,C1209,AMER,Mexico,Software,Analytics Platform,Enterprise,10,413.68,36.76,4136.80,367.60,3769.20,0.00,Shipped,0
11332,2023-11-19,C1178,EMEA,France,Accessories,Carry Sleeve,Mid-Market,3,30.44,8.33,91.32,24.99,66.33,0.00,Delivered,1
11527,2023-11-19,C1142,EMEA,Finland,Services,Training Course,Mid-Market,3,344.69,90.01,1034.07,270.03,764.04,0.00,Delivered,0
11591,2023-11-19,C1250,AMER,United States,Hardware,Docking Station,Consumer,1,187.73,89.14,187.73,89.14,98.59,0.00,Delivered,0
11748,2023-11-19,C1201,EMEA,Netherlands,Services,Onboarding Workshop,Enterprise,5,518.26,153.94,2461.74,769.70,1692.04,0.05,Delivered,0
12770,2023-11-19,C1128,EMEA,Spain,Accessories,Monitor Arm,Mid-Market,11,84.51,34.56,929.61,380.16,549.45,0.00,Delivered,0
10858,2023-11-20,C1116,EMEA,United Kingdom,Software,Editor Pro License,SMB,2,101.87,10.39,203.74,20.78,182.96,0.00,Shipped,0
10969,2023-11-20,C1175,AMER,Mexico,Accessories,Desk Mat,Mid-Market,12,23.52,6.46,282.24,77.52,204.72,0.00,Delivered,0
12048,2023-11-20,C1071,APAC,Singapore,Services,Onboarding Workshop,SMB,2,524.78,151.55,1049.56,303.10,746.46,0.00,Delivered,0
12178,2023-11-20,C1161,AMER,United States,Software,Cloud Backup 1TB,Mid-Market,12,55.87,7.40,670.44,88.80,581.64,0.00,Delivered,0
12946,2023-11-20,C1209,EMEA,Netherlands,Hardware,Mechanical Keyboard,Enterprise,6,123.11,50.71,554.00,304.26,249.74,0.25,Pending,0
10570,2023-11-21,C1189,EMEA,Netherlands,Software,Design Suite,Enterprise,15,239.96,27.29,3599.40,409.35,3190.05,0.00,Shipped,0
11065,2023-11-21,C1131,APAC,Singapore,Accessories,Desk Mat,Mid-Market,4,22.79,6.18,91.16,24.72,66.44,0.00,Shipped,0
11585,2023-11-21,C1172,EMEA,Finland,Services,Onboarding Workshop,Mid-Market,3,506.12,147.14,1518.36,441.42,1076.94,0.00,Delivered,0
12278,2023-11-21,C1196,EMEA,Finland,Services,Priority Support,Enterprise,15,177.65,34.80,2664.75,522.00,2142.75,0.00,Delivered,0
12802,2023-11-21,C1090,EMEA,France,Services,Custom Integration,SMB,1,1199.71,437.66,1199.71,437.66,762.05,0.00,Delivered,0
10566,2023-11-22,C1080,AMER,Brazil,Accessories,Monitor Arm,SMB,3,93.36,33.34,280.08,100.02,180.06,0.00,Delivered,0
11292,2023-11-22,C1216,AMER,Canada,Services,Onboarding Workshop,Consumer,3,524.81,149.95,1574.43,449.85,1124.58,0.00,Delivered,0
12249,2023-11-22,C1139,EMEA,Spain,Hardware,Mechanical Keyboard,Mid-Market,2,122.76,49.62,245.52,99.24,146.28,0.00,Delivered,0
12646,2023-11-22,C1205,APAC,South Korea,Services,Training Course,Enterprise,9,362.06,83.16,3258.54,748.44,2510.10,0.00,Pending,0
10166,2023-11-23,C1183,APAC,South Korea,Services,Onboarding Workshop,Enterprise,9,507.29,144.95,4565.61,1304.55,3261.06,0.00,Delivered,0
10519,2023-11-23,C1039,EMEA,United Kingdom,Software,VPN Annual,SMB,4,37.84,3.19,128.66,12.76,115.90,0.15,Delivered,0
11438,2023-11-23,C1204,APAC,Japan,Hardware,Laptop Stand,Enterprise,8,44.39,14.76,355.12,118.08,237.04,0.00,Delivered,0
10245,2023-11-24,C1201,EMEA,Spain,Services,Priority Support,Enterprise,20,186.54,36.57,3730.80,731.40,2999.40,0.00,Delivered,0
10455,2023-11-24,C1070,EMEA,Sweden,Hardware,Docking Station,SMB,3,198.60,87.57,595.80,262.71,333.09,0.00,Delivered,1
11920,2023-11-24,C1026,AMER,Brazil,Software,Editor Pro License,SMB,2,98.39,9.85,147.59,19.70,127.89,0.25,Pending,0
12915,2023-11-24,C1090,AMER,Brazil,Software,VPN Annual,SMB,6,38.07,3.06,228.42,18.36,210.06,0.00,Delivered,0
10218,2023-11-25,C1283,EMEA,United Kingdom,Software,Cloud Backup 1TB,Consumer,2,60.11,7.20,120.22,14.40,105.82,0.00,Shipped,0
10324,2023-11-25,C1019,EMEA,Finland,Services,Priority Support,SMB,6,172.33,36.27,1033.98,217.62,816.36,0.00,Shipped,0
10650,2023-11-25,C1200,AMER,Canada,Software,Cloud Backup 1TB,Enterprise,7,60.39,7.41,422.73,51.87,370.86,0.00,Delivered,0
12543,2023-11-25,C1199,EMEA,Netherlands,Accessories,Desk Mat,Enterprise,10,23.23,6.10,232.30,61.00,171.30,0.00,Delivered,0
12670,2023-11-25,C1151,AMER,United States,Hardware,Mechanical Keyboard,Mid-Market,8,125.06,51.19,1000.48,409.52,590.96,0.00,Delivered,0
12776,2023-11-25,C1184,EMEA,Sweden,Accessories,Monitor Arm,Enterprise,9,88.30,33.84,794.70,304.56,490.14,0.00,Delivered,0
12795,2023-11-25,C1131,AMER,United States,Hardware,Laptop Stand,Mid-Market,9,42.50,15.13,286.88,136.17,150.71,0.25,Delivered,0
11119,2023-11-26,C1248,EMEA,Germany,Hardware,Laptop Stand,Consumer,4,45.64,15.12,182.56,60.48,122.08,0.00,Delivered,0
11365,2023-11-26,C1183,AMER,Canada,Accessories,Monitor Arm,Enterprise,9,89.15,33.92,802.35,305.28,497.07,,Delivered,0
12100,2023-11-26,C1138,APAC,Singapore,Hardware,Docking Station,Mid-Market,4,193.78,89.34,775.12,357.36,417.76,0.00,Shipped,0
10706,2023-11-27,C1026,AMER,Brazil,Hardware,Laptop Stand,SMB,8,45.01,15.36,360.08,122.88,237.20,0.00,Delivered,0
10717,2023-11-27,C1169,AMER,United States,Software,Analytics Platform,Mid-Market,12,404.94,34.43,4859.28,413.16,4446.12,0.00,Delivered,0
10732,2023-11-27,C1284,APAC,Japan,Hardware,Mechanical Keyboard,Consumer,1,129.87,49.87,129.87,49.87,80.00,0.00,Delivered,1
10278,2023-11-28,C1185,APAC,India,Software,VPN Annual,Enterprise,10,40.81,3.11,408.10,31.10,377.00,0.00,Delivered,1
10283,2023-11-28,C1117,APAC,Australia,Hardware,Laptop Stand,SMB,3,43.20,15.99,129.60,47.97,81.63,0.00,Delivered,0
10297,2023-11-28,C1108,AMER,Mexico,Services,Training Course,SMB,1,339.93,87.80,339.93,87.80,252.13,,Delivered,0
11115,2023-11-28,C1171,AMER,Canada,Services,Training Course,Mid-Market,5,336.96,84.32,1684.80,421.60,1263.20,0.00,Delivered,0
11598,2023-11-28,C1147,EMEA,United Kingdom,Accessories,Monitor Arm,Mid-Market,2,84.57,35.43,126.85,70.86,55.99,0.25,Delivered,0
11946,2023-11-28,C1042,EMEA,United Kingdom,Software,Cloud Backup 1TB,SMB,2,55.96,6.80,111.92,13.60,98.32,0.00,Delivered,0
12285,2023-11-28,C1155,APAC,India,Accessories,Carry Sleeve,Mid-Market,5,27.99,8.38,139.95,41.90,98.05,0.00,Shipped,0
12334,2023-11-28,C1131,EMEA,Netherlands,Services,Onboarding Workshop,Mid-Market,4,513.05,149.71,2052.20,598.84,1453.36,0.00,Pending,0
12911,2023-11-28,C1116,EMEA,United Kingdom,Software,Editor Pro License,SMB,2,103.75,10.23,207.50,20.46,187.04,0.00,Delivered,0
10951,2023-11-29,C1025,AMER,United States,Services,Onboarding Workshop,SMB,4,506.43,152.41,2025.72,609.64,1416.08,0.00,Pending,0
11278,2023-11-29,C1203,APAC,South Korea,Hardware,"27"" Monitor",Enterprise,7,316.36,143.62,2214.52,1005.34,1209.18,0.00,Delivered,0
11922,2023-11-29,C1133,EMEA,France,Software,VPN Annual,Mid-Market,9,37.98,3.24,341.82,29.16,312.66,0.00,Shipped,0
12289,2023-11-29,C1208,AMER,Canada,Software,Editor Pro License,Enterprise,9,101.65,10.19,914.85,91.71,823.14,0.00,Shipped,0
12661,2023-11-29,C1281,AMER,Canada,Services,Custom Integration,Consumer,4,1132.55,407.17,4530.20,1628.68,2901.52,0.00,Delivered,0
12868,2023-11-29,C1146,APAC,India,Software,VPN Annual,Mid-Market,11,37.14,3.00,367.69,33.00,334.69,0.10,Delivered,0
10101,2023-11-30,C1149,AMER,Brazil,Services,Priority Support,Mid-Market,4,189.12,34.22,756.48,136.88,619.60,0.00,Delivered,0
11594,2023-11-30,C1189,EMEA,France,Hardware,Mechanical Keyboard,Enterprise,5,123.10,49.03,615.50,245.15,370.35,0.00,Shipped,0
11710,2023-11-30,C1138,AMER,Brazil,Services,Priority Support,Mid-Market,4,189.77,35.04,759.08,140.16,618.92,0.00,Delivered,0
11751,2023-11-30,C1180,APAC,South Korea,Software,Editor Pro License,Mid-Market,8,102.16,9.56,817.28,76.48,740.80,0.00,Delivered,0
12867,2023-11-30,C1181,APAC,Japan,Services,Priority Support,Enterprise,4,171.04,34.43,684.16,137.72,546.44,0.00,Delivered,0
10025,2023-12-01,C1186,EMEA,Germany,Services,Onboarding Workshop,Enterprise,16,469.22,148.92,7507.52,2382.72,5124.80,0.00,Delivered,0
11570,2023-12-01,C1192,AMER,Canada,Software,Analytics Platform,Enterprise,6,386.50,35.18,2319.00,211.08,2107.92,0.00,Cancelled,0
11768,2023-12-01,C1031,EMEA,Germany,Accessories,Desk Mat,SMB,3,23.99,6.23,71.97,18.69,53.28,0.00,Delivered,0
12094,2023-12-01,C1148,EMEA,Finland,Software,VPN Annual,Mid-Market,6,40.07,3.08,240.42,18.48,221.94,0.00,Delivered,0
12917,2023-12-01,C1060,APAC,Japan,Software,Design Suite,SMB,2,236.81,26.36,473.62,52.72,420.90,0.00,Delivered,0
12967,2023-12-01,C1123,AMER,United States,Hardware,USB-C Hub,Mid-Market,6,48.69,20.46,292.14,122.76,169.38,0.00,Delivered,0
11297,2023-12-02,C1194,APAC,Japan,Software,Design Suite,Enterprise,15,255.43,27.50,3831.45,412.50,3418.95,0.00,Delivered,0
11557,2023-12-02,C1188,APAC,Japan,Accessories,Desk Mat,Enterprise,4,24.25,6.03,97.00,24.12,72.88,0.00,Delivered,0
12300,2023-12-02,C1087,AMER,United States,Software,Cloud Backup 1TB,SMB,8,62.30,6.81,498.40,54.48,443.92,0.00,Delivered,0
12480,2023-12-02,C1182,APAC,South Korea,Hardware,USB-C Hub,Enterprise,4,47.68,20.84,143.04,83.36,59.68,0.25,Delivered,1
10481,2023-12-03,C1179,EMEA,United Kingdom,Software,VPN Annual,Mid-Market,12,40.06,3.15,408.61,37.80,370.81,0.15,Delivered,0
11075,2023-12-03,C1081,AMER,United States,Software,Design Suite,SMB,2,236.22,28.34,425.20,56.68,368.52,0.10,Delivered,0
11112,2023-12-03,C1162,APAC,Australia,Hardware,"27"" Monitor",Mid-Market,2,322.38,138.27,644.76,276.54,368.22,0.00,Delivered,0
11771,2023-12-03,C1234,APAC,Australia,Hardware,Laptop Stand,Consumer,4,45.78,14.82,183.12,59.28,123.84,0.00,Delivered,0
12063,2023-12-03,C1190,APAC,Singapore,Accessories,Cable Set,Enterprise,13,13.80,4.52,179.40,58.76,120.64,0.00,Delivered,0
12572,2023-12-03,C1239,AMER,Brazil,Software,Analytics Platform,Consumer,3,375.28,34.60,956.96,103.80,853.16,0.15,Pending,0
12721,2023-12-03,C1163,EMEA,Spain,Services,Onboarding Workshop,Mid-Market,5,519.65,156.62,2598.25,783.10,1815.15,,Delivered,0
12987,2023-12-03,C1254,AMER,Canada,Hardware,USB-C Hub,Consumer,3,50.66,21.65,151.98,64.95,87.03,0.00,Cancelled,0
10311,2023-12-04,C1228,AMER,Brazil,Services,Custom Integration,Consumer,1,1208.65,424.79,1087.79,424.79,663.00,0.10,Delivered,0
10317,2023-12-04,C1064,EMEA,Finland,Accessories,Carry Sleeve,SMB,5,29.97,7.90,149.85,39.50,110.35,0.00,Delivered,0
10966,2023-12-04,C1202,APAC,Australia,Hardware,Webcam HD,Enterprise,11,76.37,31.60,840.07,347.60,492.47,0.00,Delivered,0
10983,2023-12-04,C1181,APAC,India,Software,Cloud Backup 1TB,Enterprise,17,62.19,7.08,1057.23,120.36,936.87,,Delivered,0
11449,2023-12-04,C1261,AMER,Mexico,Accessories,Monitor Arm,Consumer,4,85.63,34.70,342.52,138.80,203.72,0.00,Delivered,0
11881,2023-12-04,C1064,AMER,Canada,Software,Analytics Platform,SMB,1,388.11,36.49,388.11,36.49,351.62,0.00,Delivered,0
12716,2023-12-04,C1182,APAC,India,Hardware,"27"" Monitor",Enterprise,11,304.48,136.29,3349.28,1499.19,1850.09,0.00,Cancelled,0
10493,2023-12-05,C1142,AMER,Canada,Hardware,Docking Station,Mid-Market,6,206.67,87.37,1240.02,524.22,715.80,0.00,Shipped,0
10984,2023-12-05,C1307,APAC,Singapore,Software,Analytics Platform,Consumer,2,410.90,37.36,821.80,74.72,747.08,,Delivered,0
12163,2023-12-05,C1197,APAC,Japan,Services,Custom Integration,Enterprise,11,1154.08,436.13,12694.88,4797.43,7897.45,0.00,Delivered,0
10794,2023-12-06,C1090,APAC,South Korea,Software,Cloud Backup 1TB,SMB,4,56.48,6.76,225.92,27.04,198.88,0.00,Delivered,0
10798,2023-12-06,C1127,APAC,Australia,Software,Editor Pro License,Mid-Market,4,103.46,10.26,413.84,41.04,372.80,0.00,Delivered,0
12260,2023-12-06,C1192,AMER,United States,Hardware,USB-C Hub,Enterprise,16,47.48,20.56,759.68,328.96,430.72,0.00,Delivered,0
12517,2023-12-06,C1197,APAC,Singapore,Services,Training Course,Enterprise,10,343.16,89.29,3431.60,892.90,2538.70,,Delivered,0
12704,2023-12-06,C1115,EMEA,Netherlands,Hardware,Laptop Stand,SMB,7,46.43,15.21,243.76,106.47,137.29,0.25,Delivered,0
12809,2023-12-06,C1134,AMER,Canada,Accessories,Desk Mat,Mid-Market,2,24.70,6.08,49.40,12.16,37.24,0.00,Delivered,0
10004,2023-12-07,C1004,EMEA,Finland,Services,Onboarding Workshop,SMB,4,490.35,155.75,1961.40,623.00,1338.40,,Delivered,0
12813,2023-12-07,C1140,APAC,Singapore,Accessories,Carry Sleeve,Mid-Market,3,29.95,8.01,89.85,24.03,65.82,0.00,Delivered,0
10751,2023-12-08,C1130,EMEA,Sweden,Services,Priority Support,Mid-Market,8,180.43,37.27,1443.44,298.16,1145.28,0.00,Shipped,0
12434,2023-12-08,C1159,EMEA,Spain,Hardware,"27"" Monitor",Mid-Market,10,330.35,142.75,3303.50,1427.50,1876.00,0.00,Delivered,0
12537,2023-12-08,C1159,EMEA,Germany,Hardware,Laptop Stand,Mid-Market,10,44.47,14.96,444.70,149.60,295.10,0.00,Delivered,0
12552,2023-12-08,C1189,APAC,Japan,Services,Custom Integration,Enterprise,6,1165.66,399.96,5944.87,2399.76,3545.11,0.15,Delivered,0
10509,2023-12-09,C1176,AMER,United States,Hardware,Docking Station,Mid-Market,7,198.65,95.37,1390.55,667.59,722.96,0.00,Delivered,0
10416,2023-12-10,C1185,EMEA,Finland,Services,Custom Integration,Enterprise,10,1254.28,422.97,12542.80,4229.70,8313.10,0.00,Pending,0
10838,2023-12-10,C1157,EMEA,Finland,Hardware,Mechanical Keyboard,Mid-Market,10,123.71,50.28,1237.10,502.80,734.30,0.00,Delivered,0
11041,2023-12-10,C1201,EMEA,United Kingdom,Hardware,Laptop Stand,Enterprise,5,41.70,15.58,208.50,77.90,130.60,0.00,Delivered,0
11091,2023-12-10,C1190,EMEA,France,Services,Custom Integration,Enterprise,12,1186.21,438.76,14234.52,5265.12,8969.40,0.00,Delivered,0
11989,2023-12-10,C1220,AMER,Mexico,Accessories,Monitor Arm,Consumer,1,88.11,32.48,88.11,32.48,55.63,0.00,Delivered,0
12746,2023-12-10,C1108,AMER,Brazil,Accessories,Monitor Arm,SMB,1,93.58,35.16,93.58,35.16,58.42,0.00,Delivered,0
12780,2023-12-10,C1297,AMER,Canada,Services,Training Course,Consumer,1,333.01,84.21,266.41,84.21,182.20,0.20,Shipped,0
10274,2023-12-11,C1125,EMEA,Sweden,Services,Onboarding Workshop,Mid-Market,10,478.26,143.34,4782.60,1433.40,3349.20,,Shipped,0
10524,2023-12-11,C1053,AMER,Canada,Services,Onboarding Workshop,SMB,7,477.93,146.68,3345.51,1026.76,2318.75,0.00,Cancelled,0
10666,2023-12-11,C1097,EMEA,Spain,Hardware,Docking Station,SMB,3,199.55,88.73,598.65,266.19,332.46,0.00,Delivered,0
10784,2023-12-11,C1098,APAC,India,Accessories,Carry Sleeve,SMB,4,28.30,8.16,113.20,32.64,80.56,0.00,Delivered,0
11007,2023-12-11,C1152,EMEA,Netherlands,Software,Analytics Platform,Mid-Market,9,383.06,36.73,3275.16,330.57,2944.59,0.05,Delivered,0
11852,2023-12-11,C1260,EMEA,United Kingdom,Services,Training Course,Consumer,4,333.24,88.71,1332.96,354.84,978.12,0.00,Shipped,0
10057,2023-12-12,C1184,EMEA,Spain,Services,Priority Support,Enterprise,8,187.73,35.76,1126.38,286.08,840.30,0.25,Pending,0
11970,2023-12-12,C1260,EMEA,Spain,Hardware,Laptop Stand,Consumer,2,45.77,15.63,91.54,31.26,60.28,0.00,Delivered,0
12240,2023-12-12,C1064,EMEA,Spain,Accessories,Monitor Arm,SMB,5,91.44,33.81,457.20,169.05,288.15,0.00,Delivered,0
12382,2023-12-12,C1187,APAC,Singapore,Accessories,Cable Set,Enterprise,10,14.03,4.37,140.30,43.70,96.60,0.00,Delivered,0
12435,2023-12-12,C1162,EMEA,Spain,Hardware,Mechanical Keyboard,Mid-Market,4,123.19,50.00,492.76,200.00,292.76,0.00,Delivered,0
12525,2023-12-12,C1293,EMEA,Spain,Accessories,Carry Sleeve,Consumer,4,27.80,7.73,100.08,30.92,69.16,0.10,Delivered,0
10029,2023-12-13,C1148,AMER,Canada,Services,Custom Integration,Mid-Market,7,1255.57,399.14,8788.99,2793.98,5995.01,0.00,Delivered,0
10555,2023-12-13,C1195,EMEA,France,Software,Editor Pro License,Enterprise,13,104.46,10.32,1357.98,134.16,1223.82,0.00,Pending,0
11581,2023-12-13,C1181,AMER,Brazil,Hardware,Mechanical Keyboard,Enterprise,14,135.11,46.65,1891.54,653.10,1238.44,0.00,Delivered,0
12481,2023-12-13,C1093,APAC,India,Hardware,Laptop Stand,SMB,1,43.54,14.74,43.54,14.74,28.80,0.00,Delivered,0
12899,2023-12-13,C1021,EMEA,Sweden,Software,VPN Annual,SMB,1,40.70,3.04,40.70,3.04,37.66,0.00,Shipped,0
11432,2023-12-14,C1063,AMER,Canada,Hardware,USB-C Hub,SMB,4,51.39,20.81,205.56,83.24,122.32,0.00,Delivered,0
11448,2023-12-14,C1139,AMER,Canada,Software,Design Suite,Mid-Market,8,263.32,26.07,2106.56,208.56,1898.00,0.00,Delivered,0
11682,2023-12-14,C1244,EMEA,Spain,Accessories,Carry Sleeve,Consumer,3,30.05,8.52,67.61,25.56,42.05,0.25,Delivered,0
11806,2023-12-14,C1131,APAC,Australia,Services,Training Course,Mid-Market,8,331.92,90.69,1991.52,725.52,1266.00,0.25,Delivered,0
12694,2023-12-14,C1195,AMER,Canada,Software,Editor Pro License,Enterprise,3,103.08,10.08,309.24,30.24,279.00,0.00,Delivered,0
10583,2023-12-15,C1156,APAC,Singapore,Software,VPN Annual,Mid-Market,9,40.18,3.09,361.62,27.81,333.81,0.00,Delivered,0
10847,2023-12-15,C1150,AMER,Mexico,Services,Priority Support,Mid-Market,8,175.16,37.47,1401.28,299.76,1101.52,0.00,Delivered,0
12818,2023-12-15,C1233,APAC,South Korea,Services,Priority Support,Consumer,3,175.88,35.98,527.64,107.94,419.70,0.00,Delivered,0
10131,2023-12-16,C1055,APAC,Australia,Hardware,"27"" Monitor",SMB,6,328.13,139.13,1968.78,834.78,1134.00,0.00,Delivered,0
10856,2023-12-16,C1150,AMER,Brazil,Accessories,Desk Mat,Mid-Market,8,24.39,6.45,195.12,51.60,143.52,0.00,Delivered,0
11395,2023-12-16,C1168,APAC,South Korea,Software,Cloud Backup 1TB,Mid-Market,6,59.60,7.27,357.60,43.62,313.98,0.00,Delivered,0
11816,2023-12-16,C1203,EMEA,Sweden,Hardware,USB-C Hub,Enterprise,3,48.35,21.36,145.05,64.08,80.97,0.00,Delivered,0
11908,2023-12-16,C1174,EMEA,Netherlands,Services,Custom Integration,Mid-Market,9,1267.37,424.53,10836.01,3820.77,7015.24,0.05,Shipped,0
12516,2023-12-16,C1122,AMER,Brazil,Accessories,Carry Sleeve,Mid-Market,9,30.40,8.03,273.60,72.27,201.33,0.00,Delivered,0
12817,2023-12-16,C1036,AMER,United States,Hardware,Docking Station,SMB,4,202.28,88.07,606.84,352.28,254.56,0.25,Delivered,0
12862,2023-12-16,C1106,AMER,Canada,Hardware,Mechanical Keyboard,SMB,4,123.63,50.65,469.79,202.60,267.19,0.05,Delivered,0
12944,2023-12-16,C1060,EMEA,Germany,Software,VPN Annual,SMB,6,39.77,3.12,238.62,18.72,219.90,0.00,Delivered,0
10147,2023-12-17,C1039,APAC,Singapore,Services,Training Course,SMB,7,347.91,83.55,2435.37,584.85,1850.52,0.00,Delivered,0
10195,2023-12-17,C1164,EMEA,Finland,Hardware,Webcam HD,Mid-Market,10,77.81,33.24,778.10,332.40,445.70,0.00,Delivered,0
12168,2023-12-17,C1181,EMEA,United Kingdom,Hardware,Mechanical Keyboard,Enterprise,15,134.58,48.09,1917.77,721.35,1196.42,0.05,Delivered,0
12544,2023-12-17,C1004,EMEA,France,Accessories,Desk Mat,SMB,8,25.32,6.25,202.56,50.00,152.56,0.00,Pending,0
10400,2023-12-18,C1182,EMEA,Spain,Hardware,Mechanical Keyboard,Enterprise,6,130.09,47.13,702.49,282.78,419.71,0.10,Delivered,0
11456,2023-12-18,C1166,AMER,Canada,Accessories,Cable Set,Mid-Market,5,14.45,4.18,72.25,20.90,51.35,0.00,Delivered,0
12601,2023-12-18,C1249,EMEA,Netherlands,Services,Custom Integration,Consumer,3,1134.22,423.79,3402.66,1271.37,2131.29,0.00,Cancelled,0
12976,2023-12-18,C1179,APAC,Singapore,Software,VPN Annual,Mid-Market,3,40.82,3.07,122.46,9.21,113.25,0.00,Delivered,0
12978,2023-12-18,C1176,APAC,Japan,Hardware,Docking Station,Mid-Market,11,188.50,89.24,2073.50,981.64,1091.86,0.00,Delivered,0
12999,2023-12-18,C1204,APAC,South Korea,Services,Onboarding Workshop,Enterprise,14,497.76,143.27,6968.64,2005.78,4962.86,,Pending,0
11424,2023-12-19,C1140,APAC,India,Software,Analytics Platform,Mid-Market,9,404.68,34.22,3642.12,307.98,3334.14,0.00,Shipped,0
12691,2023-12-19,C1159,EMEA,Sweden,Hardware,USB-C Hub,Mid-Market,2,49.76,21.32,99.52,42.64,56.88,0.00,Delivered,0
10527,2023-12-20,C1191,AMER,Brazil,Software,Analytics Platform,Enterprise,8,385.74,34.24,3085.92,273.92,2812.00,,Delivered,0
11900,2023-12-20,C1203,EMEA,Sweden,Services,Custom Integration,Enterprise,12,1156.98,407.06,13883.76,4884.72,8999.04,0.00,Delivered,0
11998,2023-12-20,C1182,EMEA,France,Software,Analytics Platform,Enterprise,8,380.01,35.74,3040.08,285.92,2754.16,0.00,Delivered,0
12937,2023-12-20,C1066,AMER,United States,Hardware,Webcam HD,SMB,1,78.29,30.94,78.29,30.94,47.35,0.00,Delivered,0
10805,2023-12-21,C1259,AMER,Brazil,Accessories,Desk Mat,Consumer,1,24.34,6.49,24.34,6.49,17.85,0.00,Pending,0
11149,2023-12-21,C1042,EMEA,Sweden,Software,Design Suite,SMB,8,242.31,27.24,1938.48,217.92,1720.56,0.00,Delivered,0
10955,2023-12-22,C1120,APAC,South Korea,Software,Editor Pro License,SMB,1,97.09,10.21,97.09,10.21,86.88,,Delivered,0
11772,2023-12-22,C1182,EMEA,Spain,Hardware,Mechanical Keyboard,Enterprise,17,129.07,47.53,2194.19,808.01,1386.18,0.00,Delivered,0
11838,2023-12-22,C1304,EMEA,France,Services,Onboarding Workshop,Consumer,3,476.04,155.61,1428.12,466.83,961.29,0.00,Delivered,0
11939,2023-12-22,C1141,AMER,Mexico,Accessories,Cable Set,Mid-Market,8,14.42,4.19,115.36,33.52,81.84,0.00,Delivered,0
11947,2023-12-22,C1128,APAC,Australia,Hardware,Webcam HD,Mid-Market,11,76.51,30.41,841.61,334.51,507.10,,Delivered,0
10738,2023-12-23,C1260,APAC,Japan,Software,Editor Pro License,Consumer,3,99.69,9.60,299.07,28.80,270.27,0.00,Shipped,0
10849,2023-12-23,C1182,APAC,South Korea,Hardware,Webcam HD,Enterprise,15,76.38,31.80,1145.70,477.00,668.70,0.00,Cancelled,0
10916,2023-12-23,C1230,APAC,Singapore,Hardware,Mechanical Keyboard,Consumer,1,126.16,49.07,126.16,49.07,77.09,,Delivered,0
11076,2023-12-23,C1037,AMER,Canada,Software,Design Suite,SMB,5,245.01,27.40,1225.05,137.00,1088.05,,Delivered,0
10027,2023-12-24,C1085,AMER,Brazil,Accessories,Cable Set,SMB,2,13.97,4.25,27.94,8.50,19.44,0.00,Delivered,0
12139,2023-12-24,C1174,APAC,India,Hardware,Laptop Stand,Mid-Market,8,42.19,14.69,337.52,117.52,220.00,0.00,Delivered,0
10848,2023-12-25,C1297,APAC,India,Services,Training Course,Consumer,4,335.90,83.85,1343.60,335.40,1008.20,0.00,Delivered,0
11535,2023-12-25,C1026,EMEA,Spain,Software,Design Suite,SMB,6,243.08,27.68,1458.48,166.08,1292.40,0.00,Delivered,0
11812,2023-12-25,C1222,AMER,United States,Services,Training Course,Consumer,2,349.06,87.10,698.12,174.20,523.92,0.00,Cancelled,0
12307,2023-12-25,C1142,EMEA,Netherlands,Services,Priority Support,Mid-Market,10,184.93,36.05,1849.30,360.50,1488.80,0.00,Delivered,0
10217,2023-12-26,C1275,AMER,Canada,Software,Cloud Backup 1TB,Consumer,3,61.41,7.01,184.23,21.03,163.20,0.00,Delivered,0
10379,2023-12-26,C1192,APAC,South Korea,Services,Training Course,Enterprise,15,366.29,89.27,5494.35,1339.05,4155.30,,Delivered,0
12090,2023-12-26,C1201,EMEA,France,Software,Editor Pro License,Enterprise,9,93.43,10.07,840.87,90.63,750.24,0.00,Delivered,0
12696,2023-12-26,C1089,AMER,United States,Accessories,Monitor Arm,SMB,3,85.39,33.29,256.17,99.87,156.30,0.00,Delivered,0
12973,2023-12-26,C1245,EMEA,Germany,Services,Onboarding Workshop,Consumer,2,510.08,152.28,1020.16,304.56,715.60,0.00,Delivered,0
10242,2023-12-27,C1164,EMEA,Germany,Software,VPN Annual,Mid-Market,2,38.02,3.10,68.44,6.20,62.24,0.10,Delivered,0
10256,2023-12-27,C1070,APAC,India,Services,Custom Integration,SMB,3,1259.98,414.30,3779.94,1242.90,2537.04,0.00,Delivered,0
10120,2023-12-28,C1116,EMEA,Germany,Hardware,"27"" Monitor",SMB,4,329.85,146.89,1319.40,587.56,731.84,,Delivered,0
10189,2023-12-28,C1224,AMER,United States,Hardware,Laptop Stand,Consumer,4,41.95,15.25,167.80,61.00,106.80,0.00,Delivered,0
10199,2023-12-28,C1119,EMEA,Netherlands,Hardware,Mechanical Keyboard,SMB,8,135.63,47.91,1030.79,383.28,647.51,0.05,Shipped,0
10580,2023-12-28,C1152,EMEA,Germany,Services,Custom Integration,Mid-Market,6,1206.84,418.09,7241.04,2508.54,4732.50,0.00,Delivered,0
11144,2023-12-28,C1191,EMEA,Germany,Hardware,USB-C Hub,Enterprise,12,51.42,20.20,617.04,242.40,374.64,0.00,Delivered,0
11170,2023-12-28,C1185,AMER,Canada,Software,VPN Annual,Enterprise,14,40.70,3.27,569.80,45.78,524.02,0.00,Pending,0
10222,2023-12-29,C1297,AMER,Mexico,Services,Onboarding Workshop,Consumer,1,495.03,155.53,495.03,155.53,339.50,0.00,Delivered,0
10746,2023-12-29,C1095,AMER,Brazil,Accessories,Cable Set,SMB,1,14.77,4.23,14.77,4.23,10.54,0.00,Delivered,0
12784,2023-12-29,C1104,EMEA,Spain,Services,Priority Support,SMB,6,173.31,37.53,1039.86,225.18,814.68,0.00,Delivered,0
10185,2023-12-30,C1221,EMEA,France,Hardware,"27"" Monitor",Consumer,3,317.89,137.86,953.67,413.58,540.09,0.00,Delivered,0
10976,2023-12-30,C1176,EMEA,United Kingdom,Hardware,"27"" Monitor",Mid-Market,4,303.34,144.43,1213.36,577.72,635.64,0.00,Delivered,0
11056,2023-12-30,C1228,EMEA,Germany,Accessories,Cable Set,Consumer,3,14.74,4.19,44.22,12.57,31.65,0.00,Delivered,0
11552,2023-12-30,C1200,APAC,Japan,Software,Editor Pro License,Enterprise,16,95.29,9.76,1524.64,156.16,1368.48,,Delivered,0
11637,2023-12-30,C1158,AMER,Mexico,Software,VPN Annual,Mid-Market,2,38.72,2.98,61.95,5.96,55.99,0.20,Shipped,0
11686,2023-12-30,C1106,AMER,Canada,Hardware,Webcam HD,SMB,5,75.47,32.67,320.75,163.35,157.40,0.15,Delivered,0
11817,2023-12-30,C1204,APAC,Singapore,Accessories,Carry Sleeve,Enterprise,20,28.21,8.24,564.20,164.80,399.40,0.00,Delivered,0
12237,2023-12-30,C1084,EMEA,Spain,Hardware,Webcam HD,SMB,8,77.21,30.59,617.68,244.72,372.96,0.00,Delivered,0
12508,2023-12-30,C1183,APAC,Australia,Software,Analytics Platform,Enterprise,6,393.42,36.12,2360.52,216.72,2143.80,0.00,Delivered,0
10343,2023-12-31,C1199,EMEA,Finland,Services,Priority Support,Enterprise,3,169.81,34.30,509.43,102.90,406.53,0.00,Delivered,0
11083,2023-12-31,C1165,AMER,Canada,Hardware,Docking Station,Mid-Market,12,210.36,95.66,2271.89,1147.92,1123.97,0.10,Delivered,0
11085,2023-12-31,C1198,APAC,Singapore,Software,Analytics Platform,Enterprise,19,382.50,36.79,7267.50,699.01,6568.49,0.00,Delivered,0
11120,2023-12-31,C1252,EMEA,Germany,Services,Custom Integration,Consumer,1,1260.95,409.65,1260.95,409.65,851.30,0.00,Delivered,0
11151,2023-12-31,C1092,AMER,Canada,Hardware,"27"" Monitor",SMB,6,313.53,134.75,1693.06,808.50,884.56,0.10,Shipped,0
11329,2023-12-31,C1154,EMEA,Germany,Services,Custom Integration,Mid-Market,3,1190.95,425.49,3572.85,1276.47,2296.38,0.00,Delivered,0
11749,2023-12-31,C1194,AMER,Canada,Accessories,Monitor Arm,Enterprise,4,90.24,33.81,360.96,135.24,225.72,0.00,Delivered,0
12673,2023-12-31,C1159,APAC,India,Hardware,Mechanical Keyboard,Mid-Market,10,122.35,49.40,1223.50,494.00,729.50,0.00,Delivered,0
12677,2023-12-31,C1059,AMER,Canada,Accessories,Carry Sleeve,SMB,2,30.22,8.15,60.44,16.30,44.14,0.00,Delivered,0
12891,2023-12-31,C1113,EMEA,Netherlands,Hardware,Webcam HD,SMB,3,80.53,32.69,241.59,98.07,143.52,0.00,Delivered,1
10401,2024-01-01,C1285,EMEA,Finland,Hardware,Laptop Stand,Consumer,4,48.46,15.94,193.84,63.76,130.08,0.00,Delivered,1
10494,2024-01-01,C1130,AMER,Mexico,Hardware,USB-C Hub,Mid-Market,7,57.16,20.14,400.12,140.98,259.14,0.00,Delivered,0
11605,2024-01-01,C1042,EMEA,Netherlands,Software,VPN Annual,SMB,5,41.19,3.09,185.35,15.45,169.90,0.10,Delivered,0
12394,2024-01-01,C1177,EMEA,United Kingdom,Services,Priority Support,Mid-Market,9,193.73,37.74,1743.57,339.66,1403.91,0.00,Delivered,0
12507,2024-01-01,C1017,EMEA,Netherlands,Software,VPN Annual,SMB,8,44.00,3.14,316.80,25.12,291.68,0.10,Shipped,0
12735,2024-01-01,C1159,EMEA,United Kingdom,Software,Cloud Backup 1TB,Mid-Market,12,62.99,6.96,718.09,83.52,634.57,0.05,Delivered,0
10012,2024-01-02,C1057,APAC,Japan,Hardware,Docking Station,SMB,6,219.60,89.71,1317.60,538.26,779.34,,Delivered,0
11579,2024-01-02,C1206,APAC,Australia,Accessories,Cable Set,Enterprise,20,16.52,4.46,330.40,89.20,241.20,0.00,Delivered,0
11642,2024-01-02,C1157,AMER,Mexico,Accessories,Carry Sleeve,Mid-Market,8,32.96,8.13,263.68,65.04,198.64,,Delivered,0
12719,2024-01-02,C1080,AMER,Brazil,Hardware,Webcam HD,SMB,6,86.87,31.68,521.22,190.08,331.14,0.00,Delivered,0
12930,2024-01-03,C1083,AMER,United States,Accessories,Carry Sleeve,SMB,7,33.47,8.33,234.29,58.31,175.98,,Delivered,0
11169,2024-01-04,C1194,EMEA,France,Hardware,Mechanical Keyboard,Enterprise,15,153.04,48.44,2295.60,726.60,1569.00,0.00,Delivered,0
11992,2024-01-04,C1162,EMEA,Spain,Services,Training Course,Mid-Market,9,372.98,89.73,2517.62,807.57,1710.05,0.25,Delivered,0
10614,2024-01-05,C1078,EMEA,Spain,Accessories,Desk Mat,SMB,5,27.30,6.07,136.50,30.35,106.15,0.00,Delivered,0
11553,2024-01-05,C1073,EMEA,France,Hardware,Docking Station,SMB,6,224.06,87.11,1344.36,522.66,821.70,0.00,Delivered,0
11698,2024-01-05,C1075,EMEA,United Kingdom,Accessories,Carry Sleeve,SMB,3,32.47,8.05,97.41,24.15,73.26,0.00,Delivered,0
10309,2024-01-06,C1080,EMEA,Germany,Software,Design Suite,SMB,2,268.51,28.09,537.02,56.18,480.84,0.00,Delivered,0
10452,2024-01-06,C1251,EMEA,Netherlands,Hardware,Webcam HD,Consumer,3,87.66,31.71,262.98,95.13,167.85,0.00,Delivered,0
10647,2024-01-06,C1268,AMER,Mexico,Hardware,Laptop Stand,Consumer,3,48.39,14.72,145.17,44.16,101.01,0.00,Delivered,0
11641,2024-01-06,C1130,EMEA,United Kingdom,Software,VPN Annual,Mid-Market,9,42.81,3.01,385.29,27.09,358.20,0.00,Delivered,0
10132,2024-01-07,C1160,EMEA,Netherlands,Software,VPN Annual,Mid-Market,2,42.92,3.10,85.84,6.20,79.64,0.00,Delivered,0
10839,2024-01-07,C1175,EMEA,Netherlands,Hardware,Docking Station,Mid-Market,2,235.76,92.11,353.64,184.22,169.42,0.25,Cancelled,0
11654,2024-01-08,C1219,AMER,United States,Accessories,Cable Set,Consumer,4,17.17,4.27,68.68,17.08,51.60,0.00,Delivered,0
12229,2024-01-08,C1040,EMEA,Germany,Accessories,Desk Mat,SMB,1,27.42,6.32,27.42,6.32,21.10,0.00,Delivered,0
12439,2024-01-08,C1006,AMER,Mexico,Software,Design Suite,SMB,2,273.56,26.80,547.12,53.60,493.52,,Delivered,0
12992,2024-01-08,C1183,EMEA,Spain,Services,Custom Integration,Enterprise,11,1298.43,412.80,12140.32,4540.80,7599.52,0.15,Delivered,0
10835,2024-01-09,C1175,AMER,Canada,Hardware,Webcam HD,Mid-Market,11,90.13,32.21,991.43,354.31,637.12,0.00,Delivered,0
10988,2024-01-09,C1126,AMER,Canada,Hardware,"27"" Monitor",Mid-Market,8,374.34,133.62,2994.72,1068.96,1925.76,0.00,Delivered,0
11276,2024-01-09,C1203,AMER,United States,Hardware,Webcam HD,Enterprise,4,88.02,32.69,352.08,130.76,221.32,0.00,Delivered,0
10307,2024-01-10,C1069,EMEA,Netherlands,Accessories,Cable Set,SMB,3,16.68,4.26,50.04,12.78,37.26,0.00,Pending,0
11837,2024-01-10,C1206,AMER,Mexico,Hardware,Laptop Stand,Enterprise,5,51.25,15.88,256.25,79.40,176.85,0.00,Pending,0
12231,2024-01-10,C1210,EMEA,Netherlands,Hardware,Webcam HD,Enterprise,5,87.91,31.58,373.62,157.90,215.72,0.15,Delivered,0
12502,2024-01-10,C1155,AMER,Canada,Software,Design Suite,Mid-Market,3,294.40,28.35,883.20,85.05,798.15,0.00,Delivered,0
10246,2024-01-11,C1060,AMER,United States,Accessories,Carry Sleeve,SMB,4,31.88,7.96,127.52,31.84,95.68,0.00,Delivered,0
11452,2024-01-11,C1237,EMEA,France,Software,Editor Pro License,Consumer,4,113.22,9.46,362.30,37.84,324.46,0.20,Delivered,0
11750,2024-01-11,C1199,EMEA,Sweden,Software,Editor Pro License,Enterprise,6,117.14,10.25,702.84,61.50,641.34,0.00,Delivered,0
12426,2024-01-11,C1221,AMER,Mexico,Services,Onboarding Workshop,Consumer,3,573.45,152.58,1548.32,457.74,1090.58,0.10,Delivered,0
10007,2024-01-12,C1092,EMEA,Sweden,Software,Analytics Platform,SMB,3,461.92,36.72,1385.76,110.16,1275.60,0.00,Delivered,0
10269,2024-01-12,C1011,EMEA,United Kingdom,Services,Priority Support,SMB,4,191.63,36.55,766.52,146.20,620.32,0.00,Delivered,0
10445,2024-01-12,C1038,AMER,United States,Hardware,"27"" Monitor",SMB,3,347.86,137.25,1043.58,411.75,631.83,0.00,Delivered,0
11671,2024-01-12,C1133,EMEA,Netherlands,Services,Onboarding Workshop,Mid-Market,5,553.40,156.17,2767.00,780.85,1986.15,0.00,Delivered,0
12308,2024-01-12,C1132,EMEA,United Kingdom,Accessories,Cable Set,Mid-Market,9,15.67,4.31,133.98,38.79,95.19,0.05,Delivered,0
10191,2024-01-13,C1189,EMEA,United Kingdom,Services,Onboarding Workshop,Enterprise,4,532.09,154.47,2128.36,617.88,1510.48,0.00,Delivered,0
10111,2024-01-14,C1149,AMER,United States,Hardware,Webcam HD,Mid-Market,8,87.86,32.76,667.74,262.08,405.66,0.05,Delivered,0
10832,2024-01-14,C1307,EMEA,Finland,Services,Priority Support,Consumer,2,210.15,36.61,420.30,73.22,347.08,0.00,Delivered,0
12733,2024-01-14,C1025,AMER,Mexico,Hardware,Laptop Stand,SMB,6,49.00,15.74,294.00,94.44,199.56,,Delivered,0
12998,2024-01-14,C1206,AMER,United States,Hardware,Webcam HD,Enterprise,7,84.69,30.89,592.83,216.23,376.60,0.00,Delivered,0
10492,2024-01-16,C1114,AMER,Canada,Hardware,Laptop Stand,SMB,6,50.46,16.13,272.48,96.78,175.70,0.10,Delivered,0
11577,2024-01-16,C1039,EMEA,Spain,Hardware,"27"" Monitor",SMB,6,374.42,141.75,1797.22,850.50,946.72,0.20,Pending,0
11724,2024-01-16,C1050,EMEA,Germany,Hardware,Docking Station,SMB,2,226.84,90.89,453.68,181.78,271.90,0.00,Delivered,0
10180,2024-01-17,C1253,EMEA,Germany,Hardware,USB-C Hub,Consumer,1,58.64,20.56,58.64,20.56,38.08,0.00,Shipped,0
10288,2024-01-18,C1046,EMEA,Spain,Services,Priority Support,SMB,2,211.53,34.26,423.06,68.52,354.54,0.00,Delivered,0
12838,2024-01-18,C1156,EMEA,Sweden,Software,Design Suite,Mid-Market,7,285.06,26.99,1995.42,188.93,1806.49,0.00,Delivered,0
10377,2024-01-19,C1154,EMEA,Germany,Services,Priority Support,Mid-Market,5,210.45,37.21,894.41,186.05,708.36,0.15,Delivered,0
10709,2024-01-20,C1243,APAC,Australia,Software,Cloud Backup 1TB,Consumer,1,66.73,6.90,66.73,6.90,59.83,0.00,Delivered,0
11546,2024-01-21,C1012,EMEA,Sweden,Software,VPN Annual,SMB,7,46.13,3.03,322.91,21.21,301.70,0.00,Delivered,0
12449,2024-01-21,C1139,EMEA,Finland,Software,Analytics Platform,Mid-Market,7,464.14,35.39,3248.98,247.73,3001.25,0.00,Delivered,0
12827,2024-01-21,C1189,APAC,Japan,Software,Design Suite,Enterprise,9,264.22,26.09,2140.18,234.81,1905.37,0.10,Delivered,0
11134,2024-01-22,C1173,EMEA,United Kingdom,Hardware,Docking Station,Mid-Market,7,218.66,91.66,1530.62,641.62,889.00,0.00,Delivered,0
11337,2024-01-22,C1193,APAC,South Korea,Hardware,Webcam HD,Enterprise,3,88.79,32.74,266.37,98.22,168.15,0.00,Delivered,0
12109,2024-01-22,C1068,AMER,United States,Software,Design Suite,SMB,1,292.12,28.00,292.12,28.00,264.12,0.00,Delivered,0
12263,2024-01-23,C1213,EMEA,Sweden,Services,Custom Integration,Consumer,2,1274.73,431.04,2421.99,862.08,1559.91,0.05,Delivered,0
12812,2024-01-23,C1082,EMEA,Spain,Accessories,Monitor Arm,SMB,4,103.43,33.94,351.66,135.76,215.90,0.15,Delivered,0
10962,2024-01-25,C1205,EMEA,Finland,Services,Custom Integration,Enterprise,16,1301.28,428.11,20820.48,6849.76,13970.72,0.00,Delivered,0
12286,2024-01-25,C1203,EMEA,Sweden,Services,Onboarding Workshop,Enterprise,7,538.15,145.02,3767.05,1015.14,2751.91,0.00,Delivered,0
12808,2024-01-25,C1019,EMEA,France,Services,Onboarding Workshop,SMB,4,542.52,150.47,1953.07,601.88,1351.19,0.10,Delivered,0
12742,2024-01-26,C1037,AMER,Canada,Services,Custom Integration,SMB,6,1273.00,435.56,7638.00,2613.36,5024.64,0.00,Delivered,0
10871,2024-01-27,C1131,APAC,India,Software,Cloud Backup 1TB,Mid-Market,10,69.26,7.12,692.60,71.20,621.40,0.00,Delivered,0
11261,2024-01-27,C1208,APAC,South Korea,Accessories,Monitor Arm,Enterprise,20,101.50,34.99,2030.00,699.80,1330.20,0.00,Delivered,0
11888,2024-01-27,C1305,EMEA,France,Services,Onboarding Workshop,Consumer,1,568.06,151.15,482.85,151.15,331.70,0.15,Delivered,0
12985,2024-01-27,C1030,EMEA,Finland,Hardware,"27"" Monitor",SMB,4,373.60,136.87,1494.40,547.48,946.92,0.00,Delivered,0
10020,2024-01-28,C1135,AMER,United States,Accessories,Monitor Arm,Mid-Market,9,103.57,33.69,932.13,303.21,628.92,0.00,Delivered,0
10036,2024-01-28,C1197,EMEA,Spain,Services,Priority Support,Enterprise,11,199.32,37.54,2192.52,412.94,1779.58,0.00,Delivered,0
10422,2024-01-28,C1166,EMEA,Sweden,Accessories,Carry Sleeve,Mid-Market,9,33.17,8.43,298.53,75.87,222.66,0.00,Delivered,0
10486,2024-01-28,C1102,AMER,Mexico,Software,Cloud Backup 1TB,SMB,8,66.54,7.32,532.32,58.56,473.76,,Delivered,0
11176,2024-01-28,C1191,AMER,United States,Hardware,Docking Station,Enterprise,8,229.86,89.73,1838.88,717.84,1121.04,0.00,Delivered,0
11208,2024-01-28,C1144,AMER,Canada,Software,Analytics Platform,Mid-Market,6,444.92,35.23,2669.52,211.38,2458.14,0.00,Delivered,0
11762,2024-01-29,C1177,AMER,United States,Hardware,Mechanical Keyboard,Mid-Market,7,150.22,50.66,1051.54,354.62,696.92,0.00,Delivered,0
12281,2024-01-29,C1002,EMEA,Spain,Accessories,Cable Set,SMB,4,16.55,4.15,66.20,16.60,49.60,0.00,Delivered,0
12743,2024-01-29,C1027,EMEA,Netherlands,Software,Cloud Backup 1TB,SMB,2,69.76,7.08,139.52,14.16,125.36,0.00,Delivered,0
10122,2024-01-30,C1288,EMEA,Sweden,Software,Cloud Backup 1TB,Consumer,4,65.62,7.09,223.11,28.36,194.75,0.15,Delivered,0
10442,2024-01-30,C1209,AMER,Mexico,Hardware,"27"" Monitor",Enterprise,16,355.45,138.65,5687.20,2218.40,3468.80,0.00,Delivered,0
11019,2024-01-30,C1053,AMER,Brazil,Software,Cloud Backup 1TB,SMB,2,65.58,7.09,131.16,14.18,116.98,0.00,Pending,0
12045,2024-01-30,C1198,AMER,United States,Accessories,Monitor Arm,Enterprise,10,103.61,32.75,984.29,327.50,656.79,0.05,Delivered,0
12874,2024-01-30,C1209,APAC,Australia,Accessories,Desk Mat,Enterprise,6,28.13,6.54,168.78,39.24,129.54,,Shipped,0
12965,2024-01-30,C1067,EMEA,Spain,Accessories,Monitor Arm,SMB,8,100.04,34.55,800.32,276.40,523.92,0.00,Delivered,0
11921,2024-01-31,C1009,AMER,Brazil,Accessories,Desk Mat,SMB,3,26.81,5.98,64.34,17.94,46.40,0.20,Delivered,0
12533,2024-01-31,C1126,EMEA,Netherlands,Hardware,"27"" Monitor",Mid-Market,3,369.43,134.90,1108.29,404.70,703.59,0.00,Delivered,0
12806,2024-01-31,C1041,EMEA,United Kingdom,Hardware,USB-C Hub,SMB,5,56.83,21.31,227.32,106.55,120.77,0.20,Delivered,0
12928,2024-01-31,C1082,APAC,Australia,Services,Training Course,SMB,3,413.71,84.69,1241.13,254.07,987.06,0.00,Cancelled,0
10631,2024-02-01,C1207,EMEA,Germany,Accessories,Desk Mat,Enterprise,11,27.86,6.12,306.46,67.32,239.14,0.00,Delivered,0
11173,2024-02-01,C1087,AMER,Mexico,Accessories,Desk Mat,SMB,2,27.04,6.55,54.08,13.10,40.98,0.00,Delivered,0
11477,2024-02-01,C1196,AMER,Brazil,Hardware,Mechanical Keyboard,Enterprise,16,145.51,48.65,2328.16,778.40,1549.76,0.00,Delivered,0
11628,2024-02-01,C1238,APAC,Japan,Software,Design Suite,Consumer,1,266.58,26.83,266.58,26.83,239.75,0.00,Delivered,0
12003,2024-02-01,C1298,APAC,South Korea,Hardware,Mechanical Keyboard,Consumer,1,148.78,49.48,141.34,49.48,91.86,0.05,Delivered,0
12071,2024-02-01,C1040,APAC,South Korea,Hardware,Webcam HD,SMB,7,86.86,32.79,608.02,229.53,378.49,0.00,Delivered,0
12155,2024-02-01,C1102,APAC,India,Software,Design Suite,SMB,3,279.35,27.38,838.05,82.14,755.91,,Delivered,0
10040,2024-02-02,C1144,APAC,Singapore,Hardware,Docking Station,Mid-Market,2,215.69,88.01,409.81,176.02,233.79,0.05,Delivered,0
10403,2024-02-02,C1263,EMEA,Spain,Accessories,Monitor Arm,Consumer,1,99.44,32.36,99.44,32.36,67.08,0.00,Delivered,0
11457,2024-02-02,C1109,AMER,Brazil,Services,Priority Support,SMB,4,198.22,34.41,792.88,137.64,655.24,0.00,Delivered,0
12925,2024-02-02,C1104,AMER,Brazil,Hardware,"27"" Monitor",SMB,2,376.26,146.81,752.52,293.62,458.90,0.00,Delivered,0
10014,2024-02-03,C1174,AMER,United States,Accessories,Desk Mat,Mid-Market,5,26.42,6.25,132.10,31.25,100.85,0.00,Delivered,0
10721,2024-02-03,C1210,APAC,Japan,Accessories,Desk Mat,Enterprise,15,26.52,6.43,397.80,96.45,301.35,0.00,Shipped,0
10763,2024-02-04,C1307,AMER,Brazil,Hardware,"27"" Monitor",Consumer,1,347.43,140.71,347.43,140.71,206.72,0.00,Delivered,0
12132,2024-02-04,C1310,EMEA,United Kingdom,Software,VPN Annual,Consumer,2,41.09,3.20,65.74,6.40,59.34,0.20,Delivered,0
12303,2024-02-04,C1201,EMEA,Finland,Software,Editor Pro License,Enterprise,13,113.76,9.76,1478.88,126.88,1352.00,,Delivered,0
10169,2024-02-05,C1146,EMEA,France,Software,Design Suite,Mid-Market,3,269.85,27.04,809.55,81.12,728.43,0.00,Delivered,0
11285,2024-02-05,C1166,AMER,Mexico,Hardware,Mechanical Keyboard,Mid-Market,8,152.09,50.43,1216.72,403.44,813.28,0.00,Delivered,0
12275,2024-02-06,C1015,APAC,India,Software,Analytics Platform,SMB,6,441.74,36.72,2650.44,220.32,2430.12,0.00,Delivered,0
10743,2024-02-07,C1191,AMER,Mexico,Hardware,USB-C Hub,Enterprise,6,57.09,20.17,342.54,121.02,221.52,0.00,Delivered,0
12437,2024-02-07,C1310,EMEA,Sweden,Software,Design Suite,Consumer,4,281.95,26.44,1127.80,105.76,1022.04,0.00,Delivered,0
10174,2024-02-08,C1263,AMER,Canada,Hardware,Webcam HD,Consumer,2,87.92,31.91,175.84,63.82,112.02,0.00,Delivered,0
10578,2024-02-08,C1085,EMEA,France,Hardware,Webcam HD,SMB,2,93.52,32.94,140.28,65.88,74.40,0.25,Pending,0
10514,2024-02-09,C1124,EMEA,United Kingdom,Services,Training Course,Mid-Market,7,402.26,91.42,2675.03,639.94,2035.09,0.05,Delivered,0
10952,2024-02-09,C1178,APAC,South Korea,Hardware,Docking Station,Mid-Market,6,211.46,95.49,1268.76,572.94,695.82,0.00,Delivered,0
11638,2024-02-09,C1182,AMER,Brazil,Accessories,Carry Sleeve,Enterprise,14,32.78,8.23,458.92,115.22,343.70,0.00,Delivered,0
11404,2024-02-10,C1047,EMEA,France,Accessories,Desk Mat,SMB,6,26.52,6.07,159.12,36.42,122.70,0.00,Delivered,0
11563,2024-02-10,C1113,EMEA,Finland,Software,Design Suite,SMB,8,284.85,26.97,2278.80,215.76,2063.04,0.00,Delivered,0
10802,2024-02-11,C1086,EMEA,Sweden,Software,Design Suite,SMB,5,290.93,28.16,1236.45,140.80,1095.65,0.15,Delivered,0
11450,2024-02-11,C1101,EMEA,Sweden,Accessories,Monitor Arm,SMB,6,100.87,34.68,605.22,208.08,397.14,0.00,Delivered,0
12892,2024-02-11,C1171,EMEA,Sweden,Software,Cloud Backup 1TB,Mid-Market,4,68.76,7.43,275.04,29.72,245.32,0.00,Shipped,0
10498,2024-02-12,C1182,EMEA,France,Services,Priority Support,Enterprise,20,192.66,34.69,3660.54,693.80,2966.74,0.05,Delivered,0
10857,2024-02-12,C1128,APAC,Australia,Software,Analytics Platform,Mid-Market,10,427.12,34.66,4271.20,346.60,3924.60,0.00,Delivered,0
11849,2024-02-12,C1049,APAC,Japan,Accessories,Desk Mat,SMB,8,27.98,6.10,212.65,48.80,163.85,0.05,Delivered,0
12712,2024-02-12,C1172,AMER,Mexico,Software,VPN Annual,Mid-Market,5,46.15,3.26,230.75,16.30,214.45,0.00,Shipped,0
10022,2024-02-13,C1184,APAC,Singapore,Software,VPN Annual,Enterprise,12,41.19,3.12,494.28,37.44,456.84,0.00,Delivered,0
12466,2024-02-13,C1082,APAC,Australia,Services,Priority Support,SMB,4,208.79,34.71,835.16,138.84,696.32,0.00,Delivered,0
11047,2024-02-14,C1190,APAC,South Korea,Accessories,Desk Mat,Enterprise,3,26.26,6.49,78.78,19.47,59.31,0.00,Delivered,0
11172,2024-02-14,C1146,APAC,India,Services,Custom Integration,Mid-Market,9,1292.41,403.54,11631.69,3631.86,7999.83,0.00,Delivered,0
10413,2024-02-15,C1088,AMER,Brazil,Software,Editor Pro License,SMB,7,117.41,9.72,821.87,68.04,753.83,0.00,Delivered,0
10136,2024-02-16,C1278,AMER,Mexico,Hardware,Webcam HD,Consumer,2,89.94,30.44,161.89,60.88,101.01,0.10,Delivered,0
10449,2024-02-16,C1188,AMER,Brazil,Software,Cloud Backup 1TB,Enterprise,11,62.35,7.30,685.85,80.30,605.55,0.00,Delivered,0
11351,2024-02-16,C1012,EMEA,Finland,Hardware,Docking Station,SMB,4,227.71,90.15,910.84,360.60,550.24,0.00,Delivered,0
11857,2024-02-16,C1066,EMEA,Netherlands,Hardware,USB-C Hub,SMB,4,54.48,21.84,217.92,87.36,130.56,0.00,Delivered,0
12061,2024-02-16,C1136,EMEA,Finland,Services,Priority Support,Mid-Market,6,212.58,35.14,1275.48,210.84,1064.64,0.00,Delivered,0
10961,2024-02-17,C1064,AMER,Mexico,Services,Onboarding Workshop,SMB,5,575.75,148.48,2159.06,742.40,1416.66,0.25,Delivered,0
11353,2024-02-17,C1172,EMEA,Finland,Software,Analytics Platform,Mid-Market,12,467.73,34.60,5332.12,415.20,4916.92,0.05,Delivered,0
11709,2024-02-17,C1077,AMER,United States,Hardware,Docking Station,SMB,4,211.45,91.33,803.51,365.32,438.19,0.05,Delivered,0
12529,2024-02-17,C1113,EMEA,Finland,Accessories,Carry Sleeve,SMB,2,32.48,8.40,64.96,16.80,48.16,0.00,Delivered,0
11892,2024-02-19,C1193,EMEA,Sweden,Services,Custom Integration,Enterprise,17,1373.39,421.32,21012.87,7162.44,13850.43,0.10,Pending,0
12202,2024-02-19,C1210,AMER,Canada,Hardware,Laptop Stand,Enterprise,18,50.65,16.15,774.94,290.70,484.24,0.15,Cancelled,0
12488,2024-02-19,C1181,EMEA,France,Software,Cloud Backup 1TB,Enterprise,4,65.37,7.33,209.18,29.32,179.86,0.20,Shipped,0
12557,2024-02-19,C1051,EMEA,Spain,Hardware,Laptop Stand,SMB,7,49.52,15.11,346.64,105.77,240.87,0.00,Delivered,0
12894,2024-02-19,C1173,AMER,Canada,Software,Cloud Backup 1TB,Mid-Market,9,70.01,7.30,630.09,65.70,564.39,0.00,Delivered,0
10534,2024-02-20,C1208,APAC,South Korea,Hardware,Webcam HD,Enterprise,13,89.35,33.39,1161.55,434.07,727.48,0.00,Delivered,0
11348,2024-02-20,C1012,AMER,Mexico,Accessories,Carry Sleeve,SMB,7,30.73,7.98,215.11,55.86,159.25,0.00,Delivered,0
12047,2024-02-20,C1054,EMEA,United Kingdom,Hardware,USB-C Hub,SMB,3,58.07,19.95,130.66,59.85,70.81,0.25,Delivered,0
12887,2024-02-20,C1007,EMEA,France,Hardware,Laptop Stand,SMB,2,49.71,16.04,99.42,32.08,67.34,0.00,Delivered,1
11012,2024-02-21,C1097,EMEA,Spain,Accessories,Monitor Arm,SMB,6,104.60,35.17,627.60,211.02,416.58,0.00,Cancelled,0
10496,2024-02-22,C1189,EMEA,France,Software,Editor Pro License,Enterprise,16,111.93,10.23,1790.88,163.68,1627.20,0.00,Delivered,0
11217,2024-02-22,C1190,AMER,Canada,Accessories,Desk Mat,Enterprise,13,26.23,6.15,340.99,79.95,261.04,0.00,Delivered,0
10208,2024-02-23,C1116,EMEA,Sweden,Accessories,Cable Set,SMB,6,16.99,4.43,101.94,26.58,75.36,0.00,Delivered,0
10267,2024-02-23,C1127,EMEA,Germany,Software,Design Suite,Mid-Market,12,270.99,27.01,2438.91,324.12,2114.79,0.25,Delivered,0
11220,2024-02-23,C1192,EMEA,France,Accessories,Cable Set,Enterprise,15,17.07,4.26,256.05,63.90,192.15,0.00,Delivered,0
11846,2024-02-23,C1255,EMEA,Germany,Software,VPN Annual,Consumer,2,45.78,3.14,91.56,6.28,85.28,0.00,Delivered,0
12678,2024-02-23,C1217,AMER,Canada,Accessories,Desk Mat,Consumer,2,25.83,6.30,51.66,12.60,39.06,0.00,Delivered,0
12883,2024-02-23,C1210,AMER,United States,Software,Cloud Backup 1TB,Enterprise,4,68.04,7.10,272.16,28.40,243.76,,Delivered,0
11936,2024-02-24,C1194,EMEA,Finland,Hardware,Mechanical Keyboard,Enterprise,17,138.22,47.50,1762.30,807.50,954.80,0.25,Delivered,0
12051,2024-02-24,C1203,EMEA,Sweden,Software,Cloud Backup 1TB,Enterprise,19,69.54,7.18,990.95,136.42,854.53,0.25,Delivered,0
12165,2024-02-24,C1111,EMEA,Sweden,Services,Training Course,SMB,5,401.21,90.22,2006.05,451.10,1554.95,0.00,Cancelled,0
12450,2024-02-24,C1125,EMEA,Spain,Software,Cloud Backup 1TB,Mid-Market,8,68.59,6.86,548.72,54.88,493.84,,Shipped,0
12484,2024-02-24,C1204,EMEA,Netherlands,Accessories,Monitor Arm,Enterprise,6,103.01,32.59,618.06,195.54,422.52,0.00,Delivered,0
11728,2024-02-25,C1011,EMEA,Netherlands,Hardware,Laptop Stand,SMB,8,47.46,15.24,379.68,121.92,257.76,0.00,Delivered,0
12629,2024-02-25,C1065,AMER,Mexico,Services,Onboarding Workshop,SMB,7,533.74,155.55,3736.18,1088.85,2647.33,0.00,Pending,0
10817,2024-02-26,C1140,EMEA,Sweden,Software,Design Suite,Mid-Market,7,278.84,27.15,1951.88,190.05,1761.83,,Delivered,0
11064,2024-02-26,C1117,AMER,Brazil,Software,Cloud Backup 1TB,SMB,1,69.39,7.08,69.39,7.08,62.31,0.00,Delivered,0
11427,2024-02-27,C1015,APAC,India,Software,VPN Annual,SMB,8,45.95,3.08,367.60,24.64,342.96,0.00,Delivered,0
11683,2024-02-28,C1123,APAC,South Korea,Software,Design Suite,Mid-Market,12,273.29,27.11,3115.51,325.32,2790.19,0.05,Delivered,0
10163,2024-02-29,C1199,AMER,Brazil,Hardware,Webcam HD,Enterprise,8,91.34,31.10,730.72,248.80,481.92,0.00,Delivered,0
10929,2024-02-29,C1207,APAC,South Korea,Services,Onboarding Workshop,Enterprise,3,557.54,156.68,1672.62,470.04,1202.58,0.00,Delivered,0
11630,2024-02-29,C1200,APAC,Japan,Services,Priority Support,Enterprise,6,210.85,34.41,1265.10,206.46,1058.64,0.00,Delivered,0
11926,2024-02-29,C1287,EMEA,Finland,Hardware,USB-C Hub,Consumer,2,53.87,21.34,107.74,42.68,65.06,0.00,Delivered,0
11481,2024-03-01,C1033,EMEA,France,Hardware,Laptop Stand,SMB,3,48.84,15.20,131.87,45.60,86.27,0.10,Delivered,0
11409,2024-03-02,C1026,AMER,United States,Accessories,Monitor Arm,SMB,3,102.63,32.97,307.89,98.91,208.98,0.00,Delivered,0
12101,2024-03-02,C1113,EMEA,France,Accessories,Desk Mat,SMB,4,27.37,6.06,109.48,24.24,85.24,0.00,Delivered,0
12428,2024-03-02,C1207,APAC,South Korea,Hardware,Laptop Stand,Enterprise,17,51.39,15.10,873.63,256.70,616.93,0.00,Delivered,0
10503,2024-03-03,C1143,EMEA,Spain,Software,Editor Pro License,Mid-Market,2,113.65,10.06,227.30,20.12,207.18,0.00,Delivered,0
11874,2024-03-03,C1173,AMER,United States,Services,Custom Integration,Mid-Market,11,1362.19,419.10,14984.09,4610.10,10373.99,0.00,Delivered,0
10072,2024-03-04,C1276,APAC,India,Software,Editor Pro License,Consumer,3,111.59,10.20,334.77,30.60,304.17,0.00,Delivered,0
10371,2024-03-04,C1161,APAC,Australia,Software,Editor Pro License,Mid-Market,11,110.45,10.31,971.96,113.41,858.55,0.20,Delivered,0
12337,2024-03-04,C1187,APAC,Australia,Services,Onboarding Workshop,Enterprise,6,542.73,145.45,3256.38,872.70,2383.68,0.00,Delivered,0
12392,2024-03-04,C1308,APAC,Australia,Hardware,"27"" Monitor",Consumer,1,338.38,145.41,338.38,145.41,192.97,,Delivered,0
12521,2024-03-04,C1067,APAC,Singapore,Software,Editor Pro License,SMB,4,104.48,10.20,313.44,40.80,272.64,0.25,Delivered,0
10643,2024-03-05,C1210,EMEA,Finland,Software,Analytics Platform,Enterprise,17,446.98,35.14,6458.86,597.38,5861.48,0.15,Delivered,0
10713,2024-03-05,C1001,AMER,Brazil,Software,Editor Pro License,SMB,7,105.37,9.51,737.59,66.57,671.02,,Cancelled,0
11093,2024-03-05,C1095,EMEA,Finland,Services,Onboarding Workshop,SMB,7,575.27,153.24,4026.89,1072.68,2954.21,0.00,Delivered,0
11657,2024-03-05,C1201,APAC,Japan,Services,Training Course,Enterprise,5,407.11,86.22,1832.00,431.10,1400.90,0.10,Delivered,0
11866,2024-03-05,C1188,EMEA,United Kingdom,Accessories,Desk Mat,Enterprise,3,27.10,6.06,60.98,18.18,42.80,0.25,Delivered,0
12196,2024-03-05,C1088,AMER,Mexico,Hardware,"27"" Monitor",SMB,2,364.20,144.60,655.56,289.20,366.36,0.10,Delivered,0
12549,2024-03-05,C1067,EMEA,Spain,Services,Onboarding Workshop,SMB,3,545.12,149.73,1635.36,449.19,1186.17,0.00,Delivered,0
12669,2024-03-05,C1101,EMEA,Sweden,Services,Onboarding Workshop,SMB,7,576.28,156.15,3025.47,1093.05,1932.42,0.25,Delivered,0
10628,2024-03-06,C1186,EMEA,United Kingdom,Hardware,USB-C Hub,Enterprise,17,52.80,21.03,897.60,357.51,540.09,0.00,Delivered,0
12460,2024-03-06,C1192,AMER,Mexico,Hardware,"27"" Monitor",Enterprise,7,349.46,138.38,2446.22,968.66,1477.56,0.00,Delivered,0
12790,2024-03-06,C1183,EMEA,Netherlands,Accessories,Desk Mat,Enterprise,14,27.76,6.55,388.64,91.70,296.94,0.00,Delivered,0
10109,2024-03-07,C1043,AMER,Mexico,Services,Custom Integration,SMB,5,1420.16,418.55,7100.80,2092.75,5008.05,0.00,Delivered,0
11689,2024-03-07,C1156,EMEA,United Kingdom,Software,Analytics Platform,Mid-Market,12,420.23,34.18,5042.76,410.16,4632.60,,Delivered,0
10799,2024-03-08,C1187,APAC,India,Accessories,Desk Mat,Enterprise,11,26.87,6.14,221.68,67.54,154.14,0.25,Delivered,0
12666,2024-03-08,C1168,EMEA,Sweden,Services,Priority Support,Mid-Market,2,202.72,34.71,405.44,69.42,336.02,0.00,Delivered,0
11130,2024-03-09,C1175,EMEA,Spain,Hardware,Laptop Stand,Mid-Market,8,47.72,14.64,381.76,117.12,264.64,,Delivered,0
11164,2024-03-09,C1143,AMER,United States,Hardware,Laptop Stand,Mid-Market,7,47.53,15.85,332.71,110.95,221.76,0.00,Pending,0
11508,2024-03-09,C1032,AMER,Canada,Services,Priority Support,SMB,6,209.55,34.93,1131.57,209.58,921.99,0.10,Delivered,0
11703,2024-03-09,C1162,AMER,Canada,Accessories,Carry Sleeve,Mid-Market,5,30.67,8.00,153.35,40.00,113.35,0.00,Delivered,0
12865,2024-03-09,C1155,AMER,United States,Hardware,USB-C Hub,Mid-Market,11,57.52,20.29,632.72,223.19,409.53,0.00,Delivered,0
11059,2024-03-10,C1241,APAC,Japan,Software,Design Suite,Consumer,1,275.40,27.29,275.40,27.29,248.11,0.00,Delivered,0
10219,2024-03-11,C1169,AMER,Canada,Hardware,Mechanical Keyboard,Mid-Market,8,140.05,50.59,1120.40,404.72,715.68,0.00,Delivered,0
10347,2024-03-11,C1044,EMEA,Finland,Accessories,Monitor Arm,SMB,7,98.58,32.82,621.05,229.74,391.31,0.10,Delivered,0
10770,2024-03-11,C1159,EMEA,Sweden,Hardware,Laptop Stand,Mid-Market,7,50.66,15.44,354.62,108.08,246.54,0.00,Delivered,0
10874,2024-03-11,C1208,EMEA,United Kingdom,Accessories,Desk Mat,Enterprise,15,27.44,6.29,411.60,94.35,317.25,0.00,Delivered,0
11290,2024-03-11,C1201,APAC,South Korea,Hardware,Docking Station,Enterprise,7,217.06,93.63,1519.42,655.41,864.01,0.00,Delivered,0
12855,2024-03-11,C1207,EMEA,France,Software,Design Suite,Enterprise,3,279.28,28.72,837.84,86.16,751.68,0.00,Delivered,0
10086,2024-03-12,C1287,APAC,Japan,Hardware,Webcam HD,Consumer,2,90.73,32.20,181.46,64.40,117.06,0.00,Delivered,0
11912,2024-03-12,C1034,AMER,United States,Software,Cloud Backup 1TB,SMB,8,68.86,6.75,550.88,54.00,496.88,,Delivered,0
10363,2024-03-13,C1200,EMEA,Finland,Hardware,Webcam HD,Enterprise,15,93.09,32.05,1396.35,480.75,915.60,0.00,Pending,0
10658,2024-03-13,C1146,APAC,India,Hardware,Docking Station,Mid-Market,5,235.64,88.68,1178.20,443.40,734.80,0.00,Cancelled,0
10893,2024-03-13,C1206,APAC,India,Services,Custom Integration,Enterprise,4,1284.99,421.64,5139.96,1686.56,3453.40,0.00,Delivered,0
11034,2024-03-13,C1121,EMEA,United Kingdom,Hardware,Webcam HD,Mid-Market,3,93.67,31.40,281.01,94.20,186.81,0.00,Delivered,0
11268,2024-03-13,C1157,AMER,Brazil,Hardware,Laptop Stand,Mid-Market,5,50.55,15.56,252.75,77.80,174.95,0.00,Delivered,0
11323,2024-03-13,C1069,APAC,Japan,Services,Training Course,SMB,1,406.12,85.32,406.12,85.32,320.80,0.00,Delivered,0
11359,2024-03-13,C1099,AMER,United States,Accessories,Monitor Arm,SMB,1,94.42,32.66,94.42,32.66,61.76,0.00,Delivered,0
11623,2024-03-13,C1149,EMEA,Spain,Software,VPN Annual,Mid-Market,3,43.15,3.19,129.45,9.57,119.88,0.00,Delivered,0
11729,2024-03-13,C1099,APAC,India,Accessories,Cable Set,SMB,2,15.81,4.55,23.71,9.10,14.61,0.25,Delivered,0
10722,2024-03-14,C1196,AMER,Brazil,Software,Analytics Platform,Enterprise,12,473.37,35.21,5680.44,422.52,5257.92,0.00,Delivered,0
11004,2024-03-14,C1192,APAC,Australia,Software,Design Suite,Enterprise,17,273.17,27.12,4643.89,461.04,4182.85,0.00,Delivered,0
12136,2024-03-14,C1026,EMEA,Netherlands,Hardware,Docking Station,SMB,2,212.54,94.16,425.08,188.32,236.76,0.00,Delivered,0
11513,2024-03-15,C1030,APAC,Australia,Software,Editor Pro License,SMB,4,109.36,9.95,437.44,39.80,397.64,,Shipped,0
11862,2024-03-15,C1178,AMER,Mexico,Hardware,Mechanical Keyboard,Mid-Market,7,148.27,51.05,1037.89,357.35,680.54,,Delivered,0
11429,2024-03-16,C1031,EMEA,Germany,Accessories,Monitor Arm,SMB,8,96.59,35.43,772.72,283.44,489.28,0.00,Delivered,0
10387,2024-03-17,C1221,APAC,India,Hardware,Laptop Stand,Consumer,3,49.84,15.75,134.57,47.25,87.32,0.10,Delivered,1
11185,2024-03-17,C1018,AMER,United States,Accessories,Cable Set,SMB,8,15.47,4.49,123.76,35.92,87.84,0.00,Delivered,0
10356,2024-03-18,C1067,AMER,United States,Services,Priority Support,SMB,2,192.76,34.60,385.52,69.20,316.32,0.00,Delivered,0
11580,2024-03-18,C1175,EMEA,Sweden,Services,Onboarding Workshop,Mid-Market,7,568.98,146.18,3982.86,1023.26,2959.60,0.00,Delivered,0
12708,2024-03-18,C1172,APAC,Singapore,Hardware,Docking Station,Mid-Market,10,223.25,91.91,2232.50,919.10,1313.40,0.00,Delivered,0
11226,2024-03-19,C1185,EMEA,Germany,Services,Priority Support,Enterprise,8,210.18,35.08,1681.44,280.64,1400.80,0.00,Delivered,0
12680,2024-03-19,C1209,EMEA,Germany,Services,Training Course,Enterprise,14,401.60,89.18,5622.40,1248.52,4373.88,0.00,Delivered,0
11116,2024-03-20,C1071,AMER,United States,Hardware,"27"" Monitor",SMB,7,361.59,141.50,2531.13,990.50,1540.63,0.00,Delivered,0
11495,2024-03-20,C1142,EMEA,Germany,Services,Custom Integration,Mid-Market,3,1322.54,405.58,3967.62,1216.74,2750.88,0.00,Delivered,0
10041,2024-03-21,C1161,AMER,Mexico,Software,Editor Pro License,Mid-Market,10,110.85,10.02,1108.50,100.20,1008.30,0.00,Delivered,0
10989,2024-03-21,C1124,AMER,Canada,Hardware,Webcam HD,Mid-Market,3,87.10,33.33,261.30,99.99,161.31,0.00,Delivered,0
11880,2024-03-21,C1078,APAC,India,Accessories,Monitor Arm,SMB,3,99.56,33.16,268.81,99.48,169.33,0.10,Delivered,0
10725,2024-03-22,C1192,EMEA,France,Software,VPN Annual,Enterprise,10,42.69,3.15,426.90,31.50,395.40,0.00,Delivered,0
12707,2024-03-22,C1105,EMEA,Netherlands,Services,Custom Integration,SMB,6,1280.07,404.83,7680.42,2428.98,5251.44,0.00,Delivered,0
10033,2024-03-23,C1164,AMER,United States,Services,Custom Integration,Mid-Market,6,1345.94,410.26,8075.64,2461.56,5614.08,0.00,Delivered,0
10782,2024-03-24,C1186,EMEA,Finland,Accessories,Carry Sleeve,Enterprise,17,33.89,8.19,576.13,139.23,436.90,0.00,Delivered,1
11361,2024-03-24,C1101,EMEA,Netherlands,Software,Analytics Platform,SMB,1,471.05,36.32,471.05,36.32,434.73,0.00,Delivered,0
11608,2024-03-24,C1191,AMER,United States,Accessories,Carry Sleeve,Enterprise,7,31.81,8.18,222.67,57.26,165.41,0.00,Delivered,0
11646,2024-03-24,C1026,EMEA,France,Hardware,Webcam HD,SMB,1,92.27,32.02,73.82,32.02,41.80,0.20,Delivered,0
11743,2024-03-24,C1068,AMER,United States,Services,Training Course,SMB,5,413.51,91.55,2067.55,457.75,1609.80,0.00,Cancelled,0
12478,2024-03-24,C1191,EMEA,Spain,Services,Onboarding Workshop,Enterprise,3,549.76,150.70,1649.28,452.10,1197.18,0.00,Delivered,0
11156,2024-03-25,C1132,AMER,Brazil,Hardware,USB-C Hub,Mid-Market,2,56.12,19.95,112.24,39.90,72.34,0.00,Delivered,0
12539,2024-03-25,C1196,EMEA,Sweden,Software,Analytics Platform,Enterprise,20,423.67,37.01,6355.05,740.20,5614.85,0.25,Delivered,0
12563,2024-03-25,C1103,AMER,Canada,Software,Analytics Platform,SMB,1,470.45,36.12,470.45,36.12,434.33,0.00,Delivered,0
10299,2024-03-26,C1161,APAC,Australia,Services,Priority Support,Mid-Market,10,195.46,37.52,1661.41,375.20,1286.21,0.15,Cancelled,0
11175,2024-03-26,C1200,EMEA,United Kingdom,Software,Cloud Backup 1TB,Enterprise,12,65.64,7.07,787.68,84.84,702.84,0.00,Cancelled,0
11915,2024-03-26,C1005,AMER,Canada,Accessories,Cable Set,SMB,2,15.95,4.46,31.90,8.92,22.98,0.00,Shipped,0
12585,2024-03-26,C1049,EMEA,Netherlands,Hardware,Webcam HD,SMB,1,89.54,32.48,89.54,32.48,57.06,,Delivered,0
11660,2024-03-27,C1053,EMEA,Finland,Hardware,USB-C Hub,SMB,4,55.48,21.86,177.54,87.44,90.10,0.20,Delivered,0
12397,2024-03-27,C1183,EMEA,United Kingdom,Hardware,Laptop Stand,Enterprise,11,47.36,14.87,520.96,163.57,357.39,0.00,Delivered,0
12471,2024-03-27,C1058,EMEA,Finland,Software,Editor Pro License,SMB,3,104.79,10.07,314.37,30.21,284.16,0.00,Delivered,0
10664,2024-03-28,C1300,AMER,Canada,Software,VPN Annual,Consumer,4,41.64,3.01,166.56,12.04,154.52,0.00,Delivered,0
10737,2024-03-28,C1134,APAC,Japan,Hardware,"27"" Monitor",Mid-Market,4,345.60,144.72,1382.40,578.88,803.52,0.00,Delivered,0
10762,2024-03-28,C1046,EMEA,Sweden,Accessories,Desk Mat,SMB,7,26.06,6.31,182.42,44.17,138.25,0.00,Delivered,0
11354,2024-03-28,C1120,EMEA,Germany,Hardware,Docking Station,SMB,2,218.92,95.53,437.84,191.06,246.78,0.00,Delivered,0
12005,2024-03-28,C1193,AMER,United States,Hardware,Webcam HD,Enterprise,19,85.69,32.41,1628.11,615.79,1012.32,0.00,Delivered,0
12515,2024-03-28,C1170,APAC,Singapore,Software,Cloud Backup 1TB,Mid-Market,2,69.90,7.23,139.80,14.46,125.34,0.00,Delivered,0
12630,2024-03-28,C1154,AMER,Mexico,Accessories,Cable Set,Mid-Market,9,15.52,4.38,132.70,39.42,93.28,0.05,Pending,0
10408,2024-03-29,C1184,APAC,Australia,Hardware,USB-C Hub,Enterprise,12,58.04,21.43,696.48,257.16,439.32,0.00,Delivered,0
11428,2024-03-29,C1079,APAC,Australia,Services,Training Course,SMB,4,378.78,91.14,1515.12,364.56,1150.56,0.00,Delivered,0
12122,2024-03-29,C1209,APAC,Australia,Accessories,Carry Sleeve,Enterprise,11,33.30,7.83,366.30,86.13,280.17,0.00,Delivered,0
12605,2024-03-29,C1177,APAC,Japan,Software,Editor Pro License,Mid-Market,10,109.62,10.37,1096.20,103.70,992.50,0.00,Delivered,0
11277,2024-03-30,C1178,EMEA,Germany,Software,Design Suite,Mid-Market,9,270.21,27.21,2431.89,244.89,2187.00,0.00,Delivered,0
11542,2024-03-30,C1068,AMER,Mexico,Accessories,Carry Sleeve,SMB,7,31.31,7.99,219.17,55.93,163.24,0.00,Delivered,0
12292,2024-03-30,C1274,EMEA,Netherlands,Hardware,Mechanical Keyboard,Consumer,2,152.12,50.48,304.24,100.96,203.28,0.00,Delivered,0
10454,2024-03-31,C1284,AMER,Canada,Software,VPN Annual,Consumer,4,43.07,3.11,172.28,12.44,159.84,0.00,Delivered,0
11039,2024-03-31,C1096,EMEA,Netherlands,Accessories,Carry Sleeve,SMB,7,34.02,8.21,226.23,57.47,168.76,0.05,Delivered,0
11962,2024-03-31,C1125,AMER,Mexico,Software,VPN Annual,Mid-Market,7,42.45,3.02,297.15,21.14,276.01,0.00,Delivered,0
12036,2024-03-31,C1150,APAC,Australia,Software,Design Suite,Mid-Market,4,270.90,28.51,1083.60,114.04,969.56,0.00,Delivered,0
10636,2024-04-01,C1193,EMEA,Finland,Accessories,Carry Sleeve,Enterprise,18,31.02,7.88,502.52,141.84,360.68,0.10,Delivered,0
11135,2024-04-01,C1254,AMER,United States,Software,Design Suite,Consumer,2,292.85,26.69,585.70,53.38,532.32,0.00,Delivered,0
11204,2024-04-01,C1139,APAC,South Korea,Hardware,"27"" Monitor",Mid-Market,7,349.54,135.10,2446.78,945.70,1501.08,0.00,Shipped,0
11610,2024-04-01,C1124,APAC,Japan,Software,Editor Pro License,Mid-Market,3,106.63,10.10,319.89,30.30,289.59,,Cancelled,0
10610,2024-04-02,C1309,EMEA,Germany,Services,Onboarding Workshop,Consumer,4,588.58,148.31,2354.32,593.24,1761.08,,Delivered,0
11301,2024-04-02,C1310,EMEA,United Kingdom,Services,Custom Integration,Consumer,4,1271.25,400.68,5085.00,1602.72,3482.28,0.00,Delivered,0
11384,2024-04-02,C1085,EMEA,United Kingdom,Hardware,USB-C Hub,SMB,5,56.45,20.61,282.25,103.05,179.20,0.00,Delivered,0
12069,2024-04-02,C1125,AMER,Brazil,Accessories,Desk Mat,Mid-Market,12,26.41,6.00,316.92,72.00,244.92,0.00,Delivered,0
10286,2024-04-03,C1232,APAC,India,Hardware,Docking Station,Consumer,1,213.49,92.85,213.49,92.85,120.64,,Delivered,0
10357,2024-04-03,C1209,APAC,Singapore,Software,Editor Pro License,Enterprise,13,107.05,9.97,1391.65,129.61,1262.04,0.00,Delivered,0
12431,2024-04-03,C1163,AMER,Mexico,Services,Training Course,Mid-Market,4,399.72,86.06,1598.88,344.24,1254.64,0.00,Shipped,0
11187,2024-04-04,C1133,APAC,Singapore,Hardware,Laptop Stand,Mid-Market,8,51.17,15.19,409.36,121.52,287.84,0.00,Delivered,0
10118,2024-04-05,C1188,EMEA,Germany,Software,Editor Pro License,Enterprise,17,116.72,9.78,1984.24,166.26,1817.98,0.00,Pending,0
10249,2024-04-05,C1042,AMER,Canada,Accessories,Carry Sleeve,SMB,7,33.78,8.07,236.46,56.49,179.97,0.00,Delivered,0
10767,2024-04-05,C1019,AMER,United States,Software,Editor Pro License,SMB,6,110.51,9.52,596.75,57.12,539.63,0.10,Delivered,0
10785,2024-04-06,C1110,AMER,Mexico,Software,VPN Annual,SMB,4,43.49,3.03,173.96,12.12,161.84,0.00,Delivered,0
11232,2024-04-06,C1181,EMEA,Netherlands,Software,Cloud Backup 1TB,Enterprise,9,63.22,6.73,568.98,60.57,508.41,0.00,Shipped,0
11839,2024-04-06,C1243,APAC,Singapore,Accessories,Carry Sleeve,Consumer,1,33.67,8.05,33.67,8.05,25.62,0.00,Shipped,0
12692,2024-04-06,C1163,EMEA,Finland,Services,Priority Support,Mid-Market,10,194.00,35.72,1940.00,357.20,1582.80,0.00,Shipped,0
12902,2024-04-06,C1136,EMEA,France,Software,Cloud Backup 1TB,Mid-Market,2,65.91,7.19,118.64,14.38,104.26,0.10,Delivered,0
10896,2024-04-07,C1125,AMER,United States,Hardware,Docking Station,Mid-Market,9,215.27,93.40,1937.43,840.60,1096.83,0.00,Delivered,0
11118,2024-04-07,C1203,AMER,Brazil,Software,VPN Annual,Enterprise,17,43.15,3.07,733.55,52.19,681.36,0.00,Delivered,0
11961,2024-04-07,C1197,APAC,Singapore,Hardware,Laptop Stand,Enterprise,18,46.86,16.00,843.48,288.00,555.48,0.00,Delivered,0
12490,2024-04-07,C1255,APAC,Japan,Hardware,"27"" Monitor",Consumer,1,355.47,138.99,266.60,138.99,127.61,0.25,Delivered,0
12955,2024-04-07,C1164,AMER,United States,Accessories,Desk Mat,Mid-Market,2,26.48,6.48,52.96,12.96,40.00,0.00,Delivered,0
10395,2024-04-08,C1077,AMER,United States,Software,VPN Annual,SMB,4,41.67,3.17,166.68,12.68,154.00,0.00,Delivered,0
10769,2024-04-08,C1166,APAC,Singapore,Services,Training Course,Mid-Market,8,410.28,89.25,2954.02,714.00,2240.02,0.10,Delivered,0
12054,2024-04-08,C1116,AMER,Canada,Accessories,Cable Set,SMB,4,15.55,4.36,46.65,17.44,29.21,0.25,Delivered,0
12313,2024-04-08,C1036,EMEA,Finland,Software,Cloud Backup 1TB,SMB,3,64.76,7.42,194.28,22.26,172.02,0.00,Delivered,0
10188,2024-04-09,C1143,EMEA,Sweden,Hardware,Webcam HD,Mid-Market,11,88.52,31.68,973.72,348.48,625.24,0.00,Delivered,0
10202,2024-04-09,C1135,APAC,South Korea,Accessories,Desk Mat,Mid-Market,7,28.20,6.41,197.40,44.87,152.53,0.00,Shipped,0
10255,2024-04-09,C1270,APAC,Japan,Accessories,Monitor Arm,Consumer,3,94.55,33.57,283.65,100.71,182.94,0.00,Pending,0
11334,2024-04-09,C1116,EMEA,Sweden,Accessories,Monitor Arm,SMB,4,99.78,35.46,399.12,141.84,257.28,0.00,Delivered,0
10622,2024-04-10,C1049,AMER,Brazil,Services,Onboarding Workshop,SMB,4,537.16,144.86,1718.91,579.44,1139.47,0.20,Delivered,0
11433,2024-04-10,C1163,EMEA,Netherlands,Hardware,Docking Station,Mid-Market,2,231.49,95.71,462.98,191.42,271.56,0.00,Delivered,0
12072,2024-04-10,C1186,APAC,Japan,Hardware,Webcam HD,Enterprise,10,83.75,32.71,837.50,327.10,510.40,0.00,Delivered,0
12110,2024-04-10,C1192,APAC,India,Hardware,"27"" Monitor",Enterprise,9,346.48,138.09,3118.32,1242.81,1875.51,0.00,Delivered,0
12634,2024-04-10,C1010,APAC,Singapore,Services,Training Course,SMB,5,413.14,87.49,2065.70,437.45,1628.25,,Delivered,0
12755,2024-04-10,C1211,AMER,United States,Software,Design Suite,Consumer,1,271.77,26.59,271.77,26.59,245.18,0.00,Pending,0
10533,2024-04-11,C1028,EMEA,Sweden,Services,Training Course,SMB,5,384.88,87.29,1924.40,436.45,1487.95,0.00,Delivered,0
12317,2024-04-11,C1182,APAC,South Korea,Hardware,Laptop Stand,Enterprise,12,49.63,14.97,595.56,179.64,415.92,0.00,Delivered,0
12396,2024-04-11,C1038,EMEA,France,Services,Onboarding Workshop,SMB,8,537.77,146.65,4302.16,1173.20,3128.96,0.00,Delivered,0
12227,2024-04-12,C1133,APAC,India,Accessories,Monitor Arm,Mid-Market,9,100.25,35.00,902.25,315.00,587.25,0.00,Delivered,0
10994,2024-04-13,C1172,APAC,South Korea,Hardware,Webcam HD,Mid-Market,6,88.25,31.62,529.50,189.72,339.78,0.00,Delivered,0
11236,2024-04-13,C1149,EMEA,Netherlands,Software,VPN Annual,Mid-Market,12,43.29,3.17,519.48,38.04,481.44,0.00,Delivered,0
11392,2024-04-13,C1187,EMEA,Finland,Services,Custom Integration,Enterprise,3,1361.51,408.74,4084.53,1226.22,2858.31,0.00,Delivered,0
11569,2024-04-13,C1136,AMER,United States,Accessories,Cable Set,Mid-Market,10,16.04,4.21,160.40,42.10,118.30,0.00,Delivered,0
11898,2024-04-14,C1174,APAC,Australia,Software,Analytics Platform,Mid-Market,4,466.66,34.84,1866.64,139.36,1727.28,0.00,Delivered,1
12348,2024-04-14,C1038,AMER,United States,Hardware,"27"" Monitor",SMB,7,351.63,140.21,1846.06,981.47,864.59,0.25,Delivered,0
12531,2024-04-14,C1288,EMEA,Finland,Accessories,Carry Sleeve,Consumer,3,31.24,7.85,70.29,23.55,46.74,0.25,Delivered,0
12900,2024-04-14,C1212,APAC,Japan,Accessories,Monitor Arm,Consumer,1,102.33,33.76,102.33,33.76,68.57,0.00,Delivered,0
10158,2024-04-15,C1151,AMER,Brazil,Hardware,Laptop Stand,Mid-Market,12,51.40,14.82,616.80,177.84,438.96,0.00,Delivered,0
10894,2024-04-15,C1136,EMEA,Spain,Services,Custom Integration,Mid-Market,2,1350.57,400.41,2025.86,800.82,1225.04,0.25,Delivered,0
11669,2024-04-15,C1146,AMER,United States,Services,Training Course,Mid-Market,2,403.58,85.70,807.16,171.40,635.76,0.00,Shipped,0
12299,2024-04-15,C1189,AMER,Canada,Hardware,Webcam HD,Enterprise,11,93.11,31.76,1024.21,349.36,674.85,0.00,Delivered,0
12436,2024-04-15,C1210,EMEA,Germany,Services,Onboarding Workshop,Enterprise,5,541.26,156.25,2706.30,781.25,1925.05,0.00,Pending,0
10881,2024-04-16,C1253,AMER,Mexico,Hardware,"27"" Monitor",Consumer,3,337.83,133.80,912.14,401.40,510.74,0.10,Shipped,0
11541,2024-04-16,C1057,AMER,United States,Services,Priority Support,SMB,5,212.17,35.03,1007.81,175.15,832.66,0.05,Delivered,0
12421,2024-04-16,C1062,AMER,Canada,Hardware,"27"" Monitor",SMB,1,377.82,146.70,377.82,146.70,231.12,0.00,Delivered,0
10461,2024-04-17,C1039,AMER,Brazil,Services,Training Course,SMB,3,379.23,85.14,1137.69,255.42,882.27,0.00,Delivered,0
10695,2024-04-17,C1134,APAC,Singapore,Accessories,Monitor Arm,Mid-Market,5,102.24,33.37,511.20,166.85,344.35,0.00,Pending,0
11451,2024-04-17,C1268,APAC,South Korea,Services,Custom Integration,Consumer,4,1298.36,418.36,5193.44,1673.44,3520.00,0.00,Delivered,0
11807,2024-04-17,C1130,EMEA,Netherlands,Software,Editor Pro License,Mid-Market,2,113.33,10.05,226.66,20.10,206.56,0.00,Delivered,0
12690,2024-04-17,C1011,AMER,Brazil,Services,Training Course,SMB,7,388.34,88.46,2446.54,619.22,1827.32,0.10,Delivered,0
12739,2024-04-17,C1150,EMEA,France,Services,Priority Support,Mid-Market,3,190.77,35.22,572.31,105.66,466.65,0.00,Delivered,0
10214,2024-04-18,C1083,AMER,Brazil,Software,Editor Pro License,SMB,3,113.03,9.84,339.09,29.52,309.57,0.00,Pending,0
10320,2024-04-18,C1175,EMEA,France,Services,Onboarding Workshop,Mid-Market,7,585.58,155.86,3484.20,1091.02,2393.18,0.15,Delivered,0
10567,2024-04-18,C1006,AMER,Canada,Software,VPN Annual,SMB,4,41.41,3.06,165.64,12.24,153.40,0.00,Delivered,0
11117,2024-04-18,C1013,EMEA,Finland,Software,Analytics Platform,SMB,6,441.71,35.61,2650.26,213.66,2436.60,0.00,Delivered,0
10545,2024-04-19,C1202,EMEA,France,Hardware,Docking Station,Enterprise,8,230.57,92.63,1844.56,741.04,1103.52,0.00,Delivered,0
11386,2024-04-19,C1075,APAC,Singapore,Services,Training Course,SMB,3,393.73,90.86,1122.13,272.58,849.55,0.05,Delivered,0
12207,2024-04-19,C1039,AMER,Mexico,Accessories,Monitor Arm,SMB,5,98.66,33.02,493.30,165.10,328.20,0.00,Shipped,0
12399,2024-04-19,C1006,EMEA,Spain,Software,VPN Annual,SMB,2,41.35,3.27,82.70,6.54,76.16,0.00,Delivered,0
12524,2024-04-20,C1152,EMEA,Germany,Hardware,Docking Station,Mid-Market,2,220.56,92.22,441.12,184.44,256.68,0.00,Delivered,0
12592,2024-04-20,C1191,APAC,India,Accessories,Carry Sleeve,Enterprise,18,32.27,8.51,580.86,153.18,427.68,0.00,Delivered,0
10114,2024-04-21,C1080,EMEA,Sweden,Accessories,Desk Mat,SMB,4,25.33,5.95,101.32,23.80,77.52,,Cancelled,0
10196,2024-04-21,C1041,EMEA,Sweden,Hardware,"27"" Monitor",SMB,7,362.24,139.20,2535.68,974.40,1561.28,0.00,Delivered,1
11507,2024-04-21,C1141,AMER,Brazil,Hardware,Laptop Stand,Mid-Market,5,46.57,15.68,232.85,78.40,154.45,,Delivered,0
10331,2024-04-22,C1129,EMEA,Germany,Hardware,"27"" Monitor",Mid-Market,4,378.66,135.60,1287.44,542.40,745.04,0.15,Shipped,0
10424,2024-04-22,C1204,APAC,South Korea,Accessories,Desk Mat,Enterprise,9,27.56,6.55,235.64,58.95,176.69,0.05,Pending,0
10752,2024-04-22,C1259,AMER,United States,Software,Editor Pro License,Consumer,1,106.73,10.36,106.73,10.36,96.37,0.00,Delivered,0
12270,2024-04-22,C1001,AMER,Brazil,Accessories,Cable Set,SMB,2,17.03,4.53,34.06,9.06,25.00,,Pending,0
12640,2024-04-22,C1199,APAC,Japan,Services,Onboarding Workshop,Enterprise,18,569.66,154.98,10253.88,2789.64,7464.24,0.00,Delivered,0
11459,2024-04-23,C1231,EMEA,Germany,Hardware,"27"" Monitor",Consumer,2,367.36,133.55,734.72,267.10,467.62,0.00,Delivered,0
12736,2024-04-23,C1142,APAC,Japan,Services,Training Course,Mid-Market,11,412.19,84.72,3400.57,931.92,2468.65,0.25,Delivered,0
10402,2024-04-24,C1195,EMEA,Sweden,Software,Analytics Platform,Enterprise,18,459.46,37.26,8270.28,670.68,7599.60,0.00,Delivered,0
10708,2024-04-24,C1141,APAC,Singapore,Hardware,Mechanical Keyboard,Mid-Market,2,150.71,50.74,301.42,101.48,199.94,,Delivered,0
11279,2024-04-24,C1123,AMER,Canada,Software,VPN Annual,Mid-Market,7,44.66,3.21,312.62,22.47,290.15,0.00,Delivered,0
12820,2024-04-24,C1130,EMEA,United Kingdom,Services,Onboarding Workshop,Mid-Market,10,562.95,152.11,5629.50,1521.10,4108.40,0.00,Delivered,0
11103,2024-04-25,C1157,AMER,Canada,Hardware,Mechanical Keyboard,Mid-Market,9,144.15,48.93,973.01,440.37,532.64,0.25,Shipped,0
12870,2024-04-25,C1153,APAC,South Korea,Software,VPN Annual,Mid-Market,4,45.05,3.05,180.20,12.20,168.00,,Delivered,0
10808,2024-04-26,C1010,EMEA,Spain,Software,Design Suite,SMB,8,267.71,28.14,2141.68,225.12,1916.56,0.00,Delivered,0
10842,2024-04-26,C1181,APAC,South Korea,Hardware,Mechanical Keyboard,Enterprise,9,153.01,51.02,1377.09,459.18,917.91,0.00,Pending,0
10901,2024-04-26,C1251,EMEA,Spain,Services,Priority Support,Consumer,1,204.29,37.60,204.29,37.60,166.69,0.00,Delivered,0
12473,2024-04-26,C1185,APAC,India,Hardware,"27"" Monitor",Enterprise,13,377.64,145.99,4909.32,1897.87,3011.45,0.00,Delivered,0
12176,2024-04-27,C1064,AMER,United States,Software,VPN Annual,SMB,2,42.75,3.15,85.50,6.30,79.20,0.00,Shipped,0
12645,2024-04-27,C1155,AMER,United States,Services,Priority Support,Mid-Market,5,206.39,34.41,1031.95,172.05,859.90,0.00,Delivered,0
12730,2024-04-27,C1144,APAC,India,Accessories,Desk Mat,Mid-Market,7,26.85,6.48,187.95,45.36,142.59,,Delivered,0
10678,2024-04-28,C1163,APAC,Australia,Hardware,"27"" Monitor",Mid-Market,8,347.58,139.84,2780.64,1118.72,1661.92,0.00,Delivered,0
10823,2024-04-28,C1181,APAC,Singapore,Hardware,Webcam HD,Enterprise,14,86.97,33.11,1156.70,463.54,693.16,0.05,Delivered,0
11068,2024-04-28,C1206,EMEA,France,Hardware,"27"" Monitor",Enterprise,7,369.13,145.91,2583.91,1021.37,1562.54,,Delivered,0
12190,2024-04-28,C1308,AMER,Mexico,Accessories,Cable Set,Consumer,3,16.32,4.16,36.72,12.48,24.24,0.25,Shipped,0
12483,2024-04-28,C1143,APAC,Australia,Services,Priority Support,Mid-Market,5,192.83,37.26,964.15,186.30,777.85,0.00,Pending,0
12858,2024-04-28,C1186,APAC,Singapore,Software,VPN Annual,Enterprise,17,44.42,3.22,755.14,54.74,700.40,0.00,Delivered,0
11794,2024-04-29,C1100,EMEA,Sweden,Accessories,Cable Set,SMB,2,15.40,4.51,30.80,9.02,21.78,0.00,Delivered,0
12256,2024-04-29,C1203,APAC,India,Services,Custom Integration,Enterprise,14,1349.76,411.43,18896.64,5760.02,13136.62,0.00,Pending,0
12950,2024-04-29,C1132,EMEA,Sweden,Hardware,"27"" Monitor",Mid-Market,5,358.44,140.50,1792.20,702.50,1089.70,0.00,Delivered,0
10081,2024-05-01,C1161,EMEA,Germany,Software,Design Suite,Mid-Market,12,274.55,28.68,3294.60,344.16,2950.44,0.00,Shipped,0
10539,2024-05-01,C1143,APAC,South Korea,Hardware,Docking Station,Mid-Market,5,223.17,87.12,1115.85,435.60,680.25,0.00,Cancelled,0
11214,2024-05-01,C1194,APAC,Singapore,Software,Cloud Backup 1TB,Enterprise,10,68.69,7.14,686.90,71.40,615.50,0.00,Delivered,1
11627,2024-05-01,C1155,EMEA,Netherlands,Accessories,Monitor Arm,Mid-Market,3,98.26,35.18,294.78,105.54,189.24,0.00,Pending,0
11928,2024-05-02,C1198,AMER,United States,Services,Onboarding Workshop,Enterprise,15,552.25,155.12,8283.75,2326.80,5956.95,0.00,Delivered,0
12267,2024-05-02,C1285,AMER,United States,Hardware,Mechanical Keyboard,Consumer,2,142.98,47.19,285.96,94.38,191.58,0.00,Delivered,0
12366,2024-05-02,C1275,AMER,United States,Software,Cloud Backup 1TB,Consumer,1,64.21,6.76,48.16,6.76,41.40,0.25,Pending,0
12378,2024-05-02,C1288,APAC,India,Software,VPN Annual,Consumer,2,44.01,3.07,70.42,6.14,64.28,0.20,Delivered,0
12398,2024-05-02,C1092,AMER,Canada,Hardware,Docking Station,SMB,3,222.56,88.82,667.68,266.46,401.22,0.00,Delivered,1
11095,2024-05-03,C1182,APAC,Singapore,Hardware,USB-C Hub,Enterprise,8,56.64,20.87,453.12,166.96,286.16,0.00,Delivered,0
12405,2024-05-03,C1032,EMEA,Sweden,Hardware,Mechanical Keyboard,SMB,1,150.14,49.40,150.14,49.40,100.74,0.00,Delivered,0
10936,2024-05-04,C1157,AMER,Brazil,Software,Cloud Backup 1TB,Mid-Market,8,67.73,7.27,406.38,58.16,348.22,0.25,Delivered,0
11147,2024-05-04,C1192,AMER,Mexico,Software,VPN Annual,Enterprise,18,45.40,3.15,817.20,56.70,760.50,0.00,Delivered,0
11760,2024-05-04,C1192,EMEA,France,Hardware,USB-C Hub,Enterprise,20,59.02,21.23,1180.40,424.60,755.80,0.00,Delivered,0
12133,2024-05-04,C1112,AMER,United States,Hardware,Laptop Stand,SMB,2,47.84,16.02,81.33,32.04,49.29,0.15,Delivered,0
12368,2024-05-04,C1107,EMEA,United Kingdom,Software,Cloud Backup 1TB,SMB,1,67.72,6.79,67.72,6.79,60.93,0.00,Cancelled,0
11680,2024-05-05,C1166,APAC,Japan,Services,Priority Support,Mid-Market,3,209.61,36.87,628.83,110.61,518.22,0.00,Delivered,0
12725,2024-05-05,C1062,APAC,Australia,Services,Priority Support,SMB,7,212.84,35.21,1489.88,246.47,1243.41,0.00,Delivered,0
10652,2024-05-06,C1209,APAC,Australia,Hardware,Mechanical Keyboard,Enterprise,19,151.07,49.46,2870.33,939.74,1930.59,0.00,Delivered,0
10789,2024-05-06,C1209,EMEA,Netherlands,Software,Cloud Backup 1TB,Enterprise,19,65.98,7.09,1190.94,134.71,1056.23,0.05,Delivered,0
11547,2024-05-06,C1138,EMEA,Netherlands,Hardware,Docking Station,Mid-Market,9,224.76,95.47,2022.84,859.23,1163.61,0.00,Delivered,1
12582,2024-05-06,C1209,EMEA,Netherlands,Services,Priority Support,Enterprise,19,196.72,34.30,2803.26,651.70,2151.56,0.25,Delivered,0
11489,2024-05-07,C1127,AMER,United States,Software,Design Suite,Mid-Market,12,288.65,26.05,3463.80,312.60,3151.20,0.00,Delivered,0
11673,2024-05-07,C1150,EMEA,Sweden,Hardware,USB-C Hub,Mid-Market,6,57.07,20.30,342.42,121.80,220.62,0.00,Delivered,0
11693,2024-05-07,C1165,APAC,Singapore,Services,Onboarding Workshop,Mid-Market,10,566.38,152.74,5663.80,1527.40,4136.40,,Delivered,0
10510,2024-05-08,C1183,APAC,Australia,Software,Analytics Platform,Enterprise,20,435.31,34.27,8706.20,685.40,8020.80,0.00,Delivered,0
10667,2024-05-08,C1055,APAC,South Korea,Hardware,Mechanical Keyboard,SMB,2,137.46,50.19,274.92,100.38,174.54,0.00,Delivered,0
11705,2024-05-08,C1183,EMEA,Spain,Software,Analytics Platform,Enterprise,4,464.42,37.12,1857.68,148.48,1709.20,0.00,Delivered,0
12864,2024-05-08,C1218,APAC,Japan,Services,Onboarding Workshop,Consumer,2,580.97,151.14,1161.94,302.28,859.66,0.00,Delivered,0
10891,2024-05-09,C1301,EMEA,Germany,Software,Editor Pro License,Consumer,4,107.66,9.41,430.64,37.64,393.00,0.00,Delivered,0
11048,2024-05-09,C1158,EMEA,Germany,Hardware,Webcam HD,Mid-Market,11,89.06,33.38,979.66,367.18,612.48,0.00,Delivered,0
12523,2024-05-09,C1290,EMEA,France,Hardware,"27"" Monitor",Consumer,3,342.45,142.82,873.25,428.46,444.79,0.15,Delivered,0
12621,2024-05-09,C1118,AMER,Brazil,Hardware,Laptop Stand,SMB,2,49.43,16.08,98.86,32.16,66.70,,Delivered,0
10117,2024-05-11,C1291,APAC,Australia,Services,Onboarding Workshop,Consumer,3,532.31,154.50,1596.93,463.50,1133.43,0.00,Shipped,0
12024,2024-05-11,C1176,EMEA,Finland,Accessories,Cable Set,Mid-Market,8,17.04,4.32,136.32,34.56,101.76,0.00,Delivered,0
12192,2024-05-11,C1138,EMEA,Spain,Hardware,Mechanical Keyboard,Mid-Market,10,139.72,49.00,1397.20,490.00,907.20,0.00,Delivered,0
10076,2024-05-12,C1180,APAC,India,Services,Custom Integration,Mid-Market,6,1349.64,415.99,8097.84,2495.94,5601.90,0.00,Delivered,0
10152,2024-05-12,C1018,AMER,Brazil,Services,Custom Integration,SMB,8,1311.10,410.53,9964.36,3284.24,6680.12,0.05,Shipped,0
10705,2024-05-12,C1091,APAC,Japan,Software,Editor Pro License,SMB,4,106.46,9.70,425.84,38.80,387.04,0.00,Delivered,0
11801,2024-05-12,C1117,AMER,Brazil,Accessories,Cable Set,SMB,1,16.10,4.55,16.10,4.55,11.55,,Delivered,0
11823,2024-05-12,C1014,EMEA,Spain,Services,Onboarding Workshop,SMB,7,532.14,157.16,3724.98,1100.12,2624.86,0.00,Delivered,0
12125,2024-05-12,C1153,EMEA,United Kingdom,Software,Design Suite,Mid-Market,7,281.28,28.25,1870.51,197.75,1672.76,0.05,Delivered,0
11082,2024-05-13,C1030,EMEA,Netherlands,Software,Cloud Backup 1TB,SMB,3,65.73,7.18,197.19,21.54,175.65,0.00,Shipped,0
12623,2024-05-13,C1186,AMER,United States,Services,Training Course,Enterprise,17,373.57,88.00,6350.69,1496.00,4854.69,0.00,Delivered,0
11305,2024-05-14,C1087,AMER,Mexico,Accessories,Monitor Arm,SMB,5,104.78,34.73,471.51,173.65,297.86,0.10,Delivered,0
11410,2024-05-14,C1009,AMER,Mexico,Software,Cloud Backup 1TB,SMB,5,63.25,7.00,316.25,35.00,281.25,0.00,Delivered,0
12282,2024-05-14,C1254,EMEA,Finland,Hardware,USB-C Hub,Consumer,4,52.62,21.35,210.48,85.40,125.08,0.00,Shipped,0
10153,2024-05-15,C1239,EMEA,Finland,Hardware,Webcam HD,Consumer,2,93.39,32.37,186.78,64.74,122.04,0.00,Delivered,0
10380,2024-05-15,C1303,AMER,Brazil,Hardware,Docking Station,Consumer,4,220.85,94.62,883.40,378.48,504.92,0.00,Delivered,0
10736,2024-05-15,C1179,APAC,Singapore,Accessories,Cable Set,Mid-Market,12,16.91,4.51,202.92,54.12,148.80,,Delivered,0
10287,2024-05-16,C1245,EMEA,Netherlands,Services,Custom Integration,Consumer,3,1338.79,434.66,4016.37,1303.98,2712.39,0.00,Shipped,0
10404,2024-05-16,C1015,AMER,Mexico,Hardware,Webcam HD,SMB,6,84.30,31.58,505.80,189.48,316.32,0.00,Delivered,0
11044,2024-05-16,C1200,EMEA,Netherlands,Accessories,Cable Set,Enterprise,7,16.96,4.46,89.04,31.22,57.82,0.25,Delivered,0
11300,2024-05-16,C1200,AMER,Brazil,Services,Custom Integration,Enterprise,6,1302.04,419.09,7812.24,2514.54,5297.70,0.00,Delivered,0
11963,2024-05-16,C1013,APAC,India,Software,Design Suite,SMB,8,286.67,26.16,2293.36,209.28,2084.08,0.00,Delivered,0
12458,2024-05-16,C1109,AMER,United States,Accessories,Monitor Arm,SMB,5,102.47,34.47,512.35,172.35,340.00,0.00,Delivered,0
11442,2024-05-17,C1016,AMER,Brazil,Services,Training Course,SMB,6,376.39,90.53,2258.34,543.18,1715.16,0.00,Delivered,0
12938,2024-05-17,C1254,EMEA,Netherlands,Accessories,Desk Mat,Consumer,3,25.32,6.11,75.96,18.33,57.63,0.00,Shipped,0
10224,2024-05-19,C1278,AMER,Mexico,Hardware,"27"" Monitor",Consumer,1,337.24,135.50,337.24,135.50,201.74,0.00,Delivered,0
10370,2024-05-19,C1122,APAC,Singapore,Hardware,Docking Station,Mid-Market,8,225.68,92.23,1805.44,737.84,1067.60,,Delivered,0
11383,2024-05-19,C1204,AMER,Brazil,Software,Design Suite,Enterprise,17,290.26,27.04,4934.42,459.68,4474.74,0.00,Delivered,0
11444,2024-05-19,C1061,AMER,Mexico,Software,Editor Pro License,SMB,8,112.00,9.88,896.00,79.04,816.96,0.00,Delivered,0
11485,2024-05-19,C1209,APAC,Singapore,Hardware,Docking Station,Enterprise,4,232.14,95.77,928.56,383.08,545.48,0.00,Delivered,0
11836,2024-05-19,C1074,EMEA,Finland,Accessories,Monitor Arm,SMB,3,103.08,32.20,309.24,96.60,212.64,,Delivered,0
11053,2024-05-20,C1194,APAC,India,Hardware,"27"" Monitor",Enterprise,13,355.02,143.39,4153.73,1864.07,2289.66,0.10,Delivered,0
11088,2024-05-20,C1097,EMEA,Germany,Software,Cloud Backup 1TB,SMB,3,67.64,7.10,202.92,21.30,181.62,0.00,Delivered,0
11407,2024-05-20,C1002,EMEA,Netherlands,Hardware,Laptop Stand,SMB,7,51.09,16.04,357.63,112.28,245.35,0.00,Delivered,0
10200,2024-05-21,C1049,AMER,Brazil,Software,Analytics Platform,SMB,7,442.26,34.75,3095.82,243.25,2852.57,0.00,Delivered,0
10375,2024-05-21,C1032,APAC,Australia,Accessories,Carry Sleeve,SMB,1,30.83,7.77,30.83,7.77,23.06,0.00,Delivered,0
11463,2024-05-21,C1024,AMER,Canada,Software,Cloud Backup 1TB,SMB,6,65.27,7.31,391.62,43.86,347.76,0.00,Shipped,0
11597,2024-05-21,C1198,APAC,Australia,Hardware,Laptop Stand,Enterprise,13,50.90,15.66,661.70,203.58,458.12,0.00,Pending,0
11752,2024-05-21,C1027,APAC,Japan,Services,Custom Integration,SMB,1,1345.07,401.13,1345.07,401.13,943.94,0.00,Delivered,0
12338,2024-05-21,C1201,AMER,United States,Services,Custom Integration,Enterprise,18,1287.15,402.00,23168.70,7236.00,15932.70,0.00,Delivered,0
12418,2024-05-21,C1054,EMEA,Spain,Accessories,Cable Set,SMB,7,16.96,4.56,100.91,31.92,68.99,0.15,Shipped,0
10440,2024-05-22,C1203,APAC,Japan,Services,Priority Support,Enterprise,5,191.25,35.24,956.25,176.20,780.05,0.00,Delivered,0
11035,2024-05-22,C1247,EMEA,Sweden,Services,Priority Support,Consumer,3,208.27,35.50,531.09,106.50,424.59,0.15,Delivered,0
11821,2024-05-22,C1194,AMER,United States,Software,Analytics Platform,Enterprise,5,470.50,37.52,1882.00,187.60,1694.40,0.20,Delivered,0
11884,2024-05-22,C1062,AMER,Canada,Software,Editor Pro License,SMB,8,108.83,9.81,870.64,78.48,792.16,0.00,Delivered,0
11967,2024-05-22,C1200,APAC,South Korea,Accessories,Desk Mat,Enterprise,16,25.45,6.23,407.20,99.68,307.52,0.00,Delivered,0
12383,2024-05-22,C1179,EMEA,United Kingdom,Hardware,USB-C Hub,Mid-Market,2,58.85,20.38,100.05,40.76,59.29,0.15,Delivered,0
12948,2024-05-22,C1177,AMER,Mexico,Accessories,Desk Mat,Mid-Market,2,27.89,6.25,47.41,12.50,34.91,0.15,Delivered,0
11529,2024-05-23,C1107,AMER,Brazil,Services,Custom Integration,SMB,3,1290.64,405.15,3871.92,1215.45,2656.47,0.00,Cancelled,0
11960,2024-05-23,C1146,APAC,Singapore,Hardware,Mechanical Keyboard,Mid-Market,11,150.28,50.02,1653.08,550.22,1102.86,0.00,Delivered,0
12411,2024-05-23,C1277,APAC,Australia,Software,Editor Pro License,Consumer,1,115.95,10.00,115.95,10.00,105.95,0.00,Pending,0
11252,2024-05-24,C1192,AMER,Canada,Hardware,Webcam HD,Enterprise,16,85.43,32.14,1366.88,514.24,852.64,0.00,Delivered,1
11876,2024-05-24,C1207,AMER,United States,Accessories,Carry Sleeve,Enterprise,13,30.57,7.93,397.41,103.09,294.32,0.00,Pending,0
12829,2024-05-24,C1258,EMEA,United Kingdom,Services,Priority Support,Consumer,1,198.84,35.35,198.84,35.35,163.49,0.00,Delivered,0
12914,2024-05-24,C1192,EMEA,Sweden,Software,Analytics Platform,Enterprise,12,431.64,35.38,5179.68,424.56,4755.12,0.00,Delivered,0
12974,2024-05-24,C1171,APAC,South Korea,Software,Cloud Backup 1TB,Mid-Market,11,64.06,6.94,704.66,76.34,628.32,0.00,Delivered,1
10378,2024-05-25,C1180,AMER,Mexico,Services,Onboarding Workshop,Mid-Market,4,570.93,143.80,2283.72,575.20,1708.52,0.00,Delivered,0
12138,2024-05-25,C1106,AMER,United States,Hardware,USB-C Hub,SMB,5,56.06,21.59,252.27,107.95,144.32,0.10,Delivered,0
12506,2024-05-25,C1283,EMEA,Germany,Services,Onboarding Workshop,Consumer,1,559.84,148.58,559.84,148.58,411.26,0.00,Delivered,0
10596,2024-05-26,C1209,EMEA,Netherlands,Software,Editor Pro License,Enterprise,15,104.51,9.52,1567.65,142.80,1424.85,0.00,Delivered,0
12583,2024-05-26,C1181,AMER,United States,Hardware,Mechanical Keyboard,Enterprise,16,150.88,48.94,2414.08,783.04,1631.04,0.00,Delivered,0
12754,2024-05-26,C1181,EMEA,Germany,Services,Training Course,Enterprise,16,386.58,83.78,6185.28,1340.48,4844.80,0.00,Delivered,0
10711,2024-05-27,C1112,AMER,Mexico,Hardware,Docking Station,SMB,6,226.93,93.52,1225.42,561.12,664.30,0.10,Delivered,0
10870,2024-05-27,C1209,EMEA,Netherlands,Accessories,Desk Mat,Enterprise,3,26.40,6.20,79.20,18.60,60.60,0.00,Delivered,0
10919,2024-05-27,C1203,EMEA,France,Hardware,Laptop Stand,Enterprise,9,48.18,14.68,433.62,132.12,301.50,0.00,Delivered,0
12962,2024-05-27,C1202,APAC,South Korea,Software,Analytics Platform,Enterprise,15,444.55,36.80,6668.25,552.00,6116.25,0.00,Delivered,0
10160,2024-05-28,C1175,APAC,South Korea,Software,Cloud Backup 1TB,Mid-Market,11,69.06,7.26,759.66,79.86,679.80,,Delivered,0
10466,2024-05-28,C1061,APAC,Australia,Accessories,Cable Set,SMB,6,16.75,4.44,75.38,26.64,48.74,0.25,Delivered,0
11833,2024-05-28,C1159,EMEA,France,Hardware,USB-C Hub,Mid-Market,8,57.10,20.29,456.80,162.32,294.48,0.00,Pending,0
12356,2024-05-28,C1187,APAC,Singapore,Software,Analytics Platform,Enterprise,9,443.97,36.87,3995.73,331.83,3663.90,0.00,Delivered,0
12856,2024-05-28,C1223,EMEA,United Kingdom,Hardware,Webcam HD,Consumer,3,93.38,32.73,280.14,98.19,181.95,0.00,Delivered,0
12877,2024-05-28,C1124,APAC,Australia,Accessories,Monitor Arm,Mid-Market,3,100.93,33.20,302.79,99.60,203.19,0.00,Delivered,0
11393,2024-05-29,C1170,AMER,United States,Accessories,Desk Mat,Mid-Market,3,27.43,6.25,82.29,18.75,63.54,0.00,Delivered,0
11675,2024-05-30,C1160,AMER,United States,Hardware,Webcam HD,Mid-Market,10,93.93,32.65,939.30,326.50,612.80,,Delivered,0
11906,2024-05-30,C1031,EMEA,Spain,Accessories,Monitor Arm,SMB,4,94.04,33.42,376.16,133.68,242.48,0.00,Delivered,0
12751,2024-05-30,C1150,EMEA,Spain,Services,Custom Integration,Mid-Market,11,1319.37,421.31,14513.07,4634.41,9878.66,0.00,Shipped,0
12859,2024-05-30,C1262,APAC,Australia,Hardware,"27"" Monitor",Consumer,3,339.45,135.00,1018.35,405.00,613.35,0.00,Pending,0
10458,2024-05-31,C1141,APAC,India,Hardware,Mechanical Keyboard,Mid-Market,4,146.29,49.55,585.16,198.20,386.96,0.00,Pending,0
10467,2024-05-31,C1162,EMEA,France,Software,Analytics Platform,Mid-Market,3,446.53,37.62,1339.59,112.86,1226.73,0.00,Delivered,0
10872,2024-05-31,C1194,APAC,India,Hardware,Mechanical Keyboard,Enterprise,18,151.11,47.72,2719.98,858.96,1861.02,0.00,Delivered,0
12687,2024-05-31,C1128,EMEA,Netherlands,Accessories,Desk Mat,Mid-Market,5,27.97,6.17,139.85,30.85,109.00,0.00,Delivered,0
12713,2024-05-31,C1159,EMEA,Germany,Software,Analytics Platform,Mid-Market,8,452.60,35.86,3620.80,286.88,3333.92,0.00,Delivered,0
11210,2024-06-01,C1113,EMEA,Germany,Accessories,Monitor Arm,SMB,4,93.73,35.27,356.17,141.08,215.09,0.05,Delivered,0
12113,2024-06-01,C1201,EMEA,Sweden,Accessories,Carry Sleeve,Enterprise,8,31.02,8.05,248.16,64.40,183.76,0.00,Delivered,0
11074,2024-06-02,C1121,AMER,Brazil,Hardware,Mechanical Keyboard,Mid-Market,9,140.82,49.22,1267.38,442.98,824.40,0.00,Delivered,0
11314,2024-06-02,C1194,APAC,Australia,Software,Analytics Platform,Enterprise,15,470.71,35.23,7060.65,528.45,6532.20,0.00,Delivered,0
12305,2024-06-02,C1038,AMER,Mexico,Accessories,Carry Sleeve,SMB,5,31.57,8.28,157.85,41.40,116.45,0.00,Delivered,0
12686,2024-06-02,C1114,AMER,Brazil,Hardware,Laptop Stand,SMB,6,48.08,15.70,245.21,94.20,151.01,0.15,Delivered,0
12794,2024-06-02,C1177,APAC,Japan,Services,Priority Support,Mid-Market,3,200.96,36.19,602.88,108.57,494.31,0.00,Delivered,0
10884,2024-06-03,C1185,AMER,United States,Accessories,Monitor Arm,Enterprise,5,96.47,35.30,482.35,176.50,305.85,0.00,Delivered,0
11399,2024-06-03,C1136,EMEA,France,Software,Editor Pro License,Mid-Market,6,108.03,10.21,648.18,61.26,586.92,0.00,Delivered,0
11781,2024-06-03,C1305,EMEA,Spain,Accessories,Monitor Arm,Consumer,2,105.49,32.61,210.98,65.22,145.76,0.00,Delivered,0
12376,2024-06-03,C1203,AMER,Canada,Services,Onboarding Workshop,Enterprise,6,541.89,143.26,3251.34,859.56,2391.78,0.00,Delivered,0
12538,2024-06-03,C1210,APAC,Japan,Hardware,Mechanical Keyboard,Enterprise,6,141.12,48.31,846.72,289.86,556.86,,Delivered,0
12660,2024-06-03,C1188,APAC,Australia,Accessories,Monitor Arm,Enterprise,3,101.01,34.33,303.03,102.99,200.04,0.00,Delivered,0
10761,2024-06-05,C1258,AMER,Brazil,Software,Design Suite,Consumer,4,281.25,26.32,1125.00,105.28,1019.72,0.00,Delivered,0
11021,2024-06-05,C1290,APAC,Japan,Hardware,Laptop Stand,Consumer,4,49.50,15.48,148.50,61.92,86.58,0.25,Delivered,0
11521,2024-06-05,C1149,AMER,Canada,Accessories,Desk Mat,Mid-Market,12,25.55,6.37,306.60,76.44,230.16,0.00,Delivered,0
11786,2024-06-05,C1150,APAC,Japan,Software,Analytics Platform,Mid-Market,9,470.29,34.24,4232.61,308.16,3924.45,0.00,Delivered,0
10089,2024-06-06,C1242,EMEA,Germany,Hardware,Webcam HD,Consumer,1,83.80,32.60,83.80,32.60,51.20,0.00,Delivered,0
10411,2024-06-06,C1137,EMEA,Netherlands,Accessories,Monitor Arm,Mid-Market,11,96.28,34.33,1059.08,377.63,681.45,0.00,Delivered,0
11132,2024-06-06,C1020,EMEA,Spain,Hardware,Webcam HD,SMB,5,92.87,30.59,394.70,152.95,241.75,0.15,Delivered,0
12019,2024-06-06,C1157,APAC,Singapore,Software,Editor Pro License,Mid-Market,6,116.63,10.38,524.84,62.28,462.56,0.25,Cancelled,0
10099,2024-06-07,C1198,APAC,Australia,Services,Training Course,Enterprise,9,395.41,83.28,3558.69,749.52,2809.17,0.00,Delivered,0
11491,2024-06-07,C1060,AMER,Mexico,Software,Cloud Backup 1TB,SMB,4,65.59,6.98,209.89,27.92,181.97,0.20,Delivered,0
11778,2024-06-07,C1146,AMER,Canada,Hardware,Mechanical Keyboard,Mid-Market,10,151.69,49.13,1516.90,491.30,1025.60,0.00,Pending,0
12834,2024-06-07,C1176,APAC,Japan,Hardware,Mechanical Keyboard,Mid-Market,7,150.30,50.78,1052.10,355.46,696.64,0.00,Delivered,0
10685,2024-06-08,C1193,EMEA,France,Software,Cloud Backup 1TB,Enterprise,19,65.17,7.12,1238.23,135.28,1102.95,0.00,Delivered,0
11060,2024-06-08,C1190,EMEA,Sweden,Software,Design Suite,Enterprise,12,276.78,26.49,3321.36,317.88,3003.48,0.00,Pending,0
12485,2024-06-08,C1151,EMEA,Germany,Services,Priority Support,Mid-Market,6,211.86,35.05,1271.16,210.30,1060.86,0.00,Shipped,0
11952,2024-06-09,C1130,AMER,Mexico,Software,Analytics Platform,Mid-Market,5,453.52,36.69,2267.60,183.45,2084.15,0.00,Cancelled,0
12511,2024-06-09,C1028,AMER,Canada,Software,Cloud Backup 1TB,SMB,1,62.42,7.14,62.42,7.14,55.28,0.00,Delivered,0
12659,2024-06-09,C1299,AMER,Canada,Accessories,Monitor Arm,Consumer,1,95.75,35.38,95.75,35.38,60.37,0.00,Delivered,0
12918,2024-06-09,C1208,EMEA,Sweden,Software,VPN Annual,Enterprise,10,43.90,3.23,439.00,32.30,406.70,0.00,Delivered,0
10949,2024-06-10,C1108,EMEA,Finland,Services,Training Course,SMB,7,378.33,83.47,2648.31,584.29,2064.02,0.00,Pending,0
11695,2024-06-10,C1026,EMEA,Germany,Services,Onboarding Workshop,SMB,1,574.98,154.05,574.98,154.05,420.93,0.00,Delivered,0
11534,2024-06-11,C1126,AMER,Mexico,Hardware,Webcam HD,Mid-Market,12,85.37,30.99,1024.44,371.88,652.56,0.00,Delivered,0
11893,2024-06-11,C1139,AMER,Brazil,Hardware,USB-C Hub,Mid-Market,10,55.02,20.92,495.18,209.20,285.98,0.10,Delivered,0
12007,2024-06-11,C1238,EMEA,United Kingdom,Hardware,Docking Station,Consumer,3,222.40,88.05,667.20,264.15,403.05,0.00,Shipped,0
12097,2024-06-11,C1186,APAC,Japan,Services,Onboarding Workshop,Enterprise,15,586.21,154.70,7474.18,2320.50,5153.68,0.15,Pending,0
12161,2024-06-11,C1084,EMEA,Netherlands,Hardware,USB-C Hub,SMB,5,55.34,20.76,276.70,103.80,172.90,0.00,Delivered,0
12265,2024-06-11,C1180,APAC,Australia,Services,Custom Integration,Mid-Market,12,1353.84,439.76,16246.08,5277.12,10968.96,0.00,Delivered,0
10816,2024-06-12,C1105,AMER,Brazil,Accessories,Desk Mat,SMB,1,25.32,6.43,25.32,6.43,18.89,0.00,Delivered,0
11195,2024-06-12,C1056,APAC,South Korea,Software,Analytics Platform,SMB,2,451.18,35.20,902.36,70.40,831.96,0.00,Delivered,0
11309,2024-06-12,C1184,APAC,South Korea,Software,Design Suite,Enterprise,6,276.41,27.42,1492.61,164.52,1328.09,0.10,Delivered,0
11400,2024-06-12,C1293,EMEA,Germany,Accessories,Monitor Arm,Consumer,4,94.89,34.77,360.58,139.08,221.50,0.05,Delivered,0
11515,2024-06-12,C1037,APAC,Australia,Accessories,Desk Mat,SMB,4,27.43,6.24,109.72,24.96,84.76,0.00,Delivered,0
12952,2024-06-12,C1138,EMEA,Spain,Accessories,Monitor Arm,Mid-Market,12,98.67,33.14,1184.04,397.68,786.36,0.00,Delivered,0
10834,2024-06-13,C1184,EMEA,Germany,Services,Priority Support,Enterprise,18,196.05,35.91,3528.90,646.38,2882.52,0.00,Delivered,0
11105,2024-06-13,C1207,EMEA,France,Services,Custom Integration,Enterprise,18,1350.35,409.38,24306.30,7368.84,16937.46,0.00,Delivered,0
12800,2024-06-13,C1033,AMER,United States,Software,Editor Pro License,SMB,6,110.65,9.92,497.93,59.52,438.41,0.25,Delivered,0
10954,2024-06-14,C1185,APAC,Singapore,Hardware,USB-C Hub,Enterprise,6,53.03,20.59,318.18,123.54,194.64,0.00,Delivered,0
11493,2024-06-14,C1205,APAC,Australia,Services,Training Course,Enterprise,17,387.45,86.92,4939.99,1477.64,3462.35,0.25,Delivered,0
11688,2024-06-14,C1193,EMEA,France,Hardware,Docking Station,Enterprise,20,216.17,96.12,4323.40,1922.40,2401.00,0.00,Delivered,0
11819,2024-06-14,C1161,AMER,Canada,Software,Design Suite,Mid-Market,2,292.96,27.34,585.92,54.68,531.24,0.00,Delivered,0
12641,2024-06-14,C1158,APAC,Singapore,Software,Analytics Platform,Mid-Market,4,468.93,36.81,1875.72,147.24,1728.48,,Delivered,0
11475,2024-06-15,C1181,APAC,India,Services,Training Course,Enterprise,17,379.53,89.73,6452.01,1525.41,4926.60,0.00,Delivered,0
12126,2024-06-15,C1092,AMER,Canada,Hardware,Mechanical Keyboard,SMB,6,140.67,51.38,844.02,308.28,535.74,0.00,Delivered,0
11061,2024-06-16,C1170,EMEA,Netherlands,Software,Cloud Backup 1TB,Mid-Market,12,68.18,7.19,818.16,86.28,731.88,0.00,Delivered,0
11350,2024-06-16,C1182,EMEA,United Kingdom,Accessories,Monitor Arm,Enterprise,17,97.94,33.10,1664.98,562.70,1102.28,,Delivered,0
12198,2024-06-16,C1282,EMEA,Spain,Software,Editor Pro License,Consumer,4,113.08,9.89,452.32,39.56,412.76,0.00,Delivered,0
12364,2024-06-16,C1133,EMEA,Netherlands,Services,Training Course,Mid-Market,6,397.42,89.79,2384.52,538.74,1845.78,0.00,Pending,0
10335,2024-06-17,C1184,EMEA,Spain,Software,Editor Pro License,Enterprise,9,104.30,10.32,938.70,92.88,845.82,0.00,Delivered,0
10338,2024-06-17,C1194,EMEA,Sweden,Accessories,Cable Set,Enterprise,13,17.17,4.51,223.21,58.63,164.58,0.00,Delivered,0
11192,2024-06-17,C1105,EMEA,Sweden,Accessories,Monitor Arm,SMB,1,95.12,33.00,90.36,33.00,57.36,0.05,Delivered,0
11436,2024-06-17,C1157,EMEA,Finland,Software,Cloud Backup 1TB,Mid-Market,8,63.48,6.80,406.27,54.40,351.87,0.20,Delivered,0
12501,2024-06-17,C1202,EMEA,France,Software,Analytics Platform,Enterprise,15,421.44,34.90,5057.28,523.50,4533.78,0.20,Delivered,0
10056,2024-06-18,C1163,EMEA,Finland,Software,VPN Annual,Mid-Market,10,43.52,3.04,435.20,30.40,404.80,0.00,Delivered,0
11872,2024-06-18,C1022,EMEA,France,Software,Analytics Platform,SMB,8,438.01,35.08,3504.08,280.64,3223.44,0.00,Shipped,0
12446,2024-06-18,C1174,AMER,Brazil,Services,Priority Support,Mid-Market,4,200.93,36.38,803.72,145.52,658.20,,Delivered,0
10052,2024-06-19,C1233,AMER,United States,Services,Training Course,Consumer,1,387.17,90.84,387.17,90.84,296.33,0.00,Delivered,0
10575,2024-06-19,C1205,EMEA,France,Services,Onboarding Workshop,Enterprise,9,566.08,147.91,4585.25,1331.19,3254.06,0.10,Delivered,0
10648,2024-06-19,C1206,AMER,Brazil,Hardware,Webcam HD,Enterprise,9,86.20,32.96,775.80,296.64,479.16,0.00,Delivered,0
11986,2024-06-19,C1188,APAC,South Korea,Software,Editor Pro License,Enterprise,12,117.20,9.98,1265.76,119.76,1146.00,0.10,Cancelled,0
12487,2024-06-19,C1284,AMER,Mexico,Software,Analytics Platform,Consumer,2,442.49,35.48,884.98,70.96,814.02,0.00,Delivered,0
12958,2024-06-19,C1148,EMEA,United Kingdom,Hardware,"27"" Monitor",Mid-Market,10,345.70,141.14,3457.00,1411.40,2045.60,0.00,Delivered,0
12994,2024-06-19,C1178,AMER,Canada,Software,Editor Pro License,Mid-Market,3,112.44,10.29,337.32,30.87,306.45,0.00,Delivered,0
10234,2024-06-20,C1086,EMEA,France,Hardware,Mechanical Keyboard,SMB,5,149.46,50.41,747.30,252.05,495.25,0.00,Delivered,0
10376,2024-06-20,C1169,EMEA,Netherlands,Accessories,Carry Sleeve,Mid-Market,10,32.18,8.45,321.80,84.50,237.30,0.00,Delivered,0
11211,2024-06-20,C1185,APAC,Singapore,Software,Analytics Platform,Enterprise,14,473.05,34.91,5298.16,488.74,4809.42,0.20,Delivered,0
12532,2024-06-20,C1266,AMER,Brazil,Hardware,USB-C Hub,Consumer,1,54.89,20.12,41.17,20.12,21.05,0.25,Delivered,0
11317,2024-06-21,C1015,EMEA,Sweden,Software,VPN Annual,SMB,5,45.21,2.99,226.05,14.95,211.10,0.00,Delivered,0
11512,2024-06-21,C1283,APAC,Australia,Services,Custom Integration,Consumer,2,1365.46,407.31,2730.92,814.62,1916.30,0.00,Delivered,0
11106,2024-06-22,C1034,AMER,Canada,Services,Priority Support,SMB,7,208.58,36.81,1460.06,257.67,1202.39,0.00,Cancelled,0
11364,2024-06-22,C1199,APAC,South Korea,Accessories,Cable Set,Enterprise,17,15.53,4.14,264.01,70.38,193.63,0.00,Delivered,0
12590,2024-06-22,C1182,APAC,Australia,Hardware,Docking Station,Enterprise,15,219.93,95.66,3298.95,1434.90,1864.05,0.00,Delivered,1
10058,2024-06-23,C1206,APAC,South Korea,Accessories,Cable Set,Enterprise,8,15.51,4.44,124.08,35.52,88.56,,Delivered,0
10935,2024-06-23,C1161,AMER,United States,Hardware,Webcam HD,Mid-Market,2,90.27,30.93,180.54,61.86,118.68,0.00,Delivered,0
10992,2024-06-23,C1176,EMEA,Netherlands,Services,Priority Support,Mid-Market,9,202.82,37.66,1825.38,338.94,1486.44,0.00,Delivered,0
11023,2024-06-23,C1131,EMEA,Finland,Accessories,Cable Set,Mid-Market,5,16.72,4.35,75.24,21.75,53.49,0.10,Delivered,0
11196,2024-06-23,C1122,APAC,Japan,Software,Cloud Backup 1TB,Mid-Market,3,68.94,7.15,206.82,21.45,185.37,0.00,Delivered,0
11951,2024-06-23,C1097,AMER,Mexico,Services,Custom Integration,SMB,2,1388.98,422.53,2222.37,845.06,1377.31,0.20,Cancelled,0
12783,2024-06-23,C1144,AMER,Mexico,Accessories,Cable Set,Mid-Market,6,16.51,4.53,99.06,27.18,71.88,0.00,Delivered,0
10505,2024-06-24,C1144,AMER,United States,Hardware,Docking Station,Mid-Market,11,229.71,91.53,2526.81,1006.83,1519.98,,Delivered,0
11545,2024-06-24,C1145,APAC,Japan,Services,Custom Integration,Mid-Market,7,1418.03,427.32,9926.21,2991.24,6934.97,0.00,Delivered,0
11997,2024-06-24,C1182,APAC,South Korea,Accessories,Carry Sleeve,Enterprise,5,32.14,7.89,160.70,39.45,121.25,0.00,Shipped,0
12542,2024-06-24,C1210,AMER,Canada,Accessories,Monitor Arm,Enterprise,5,96.17,33.98,432.77,169.90,262.87,0.10,Delivered,0
12573,2024-06-24,C1079,EMEA,United Kingdom,Services,Custom Integration,SMB,1,1358.98,428.55,1358.98,428.55,930.43,0.00,Delivered,0
12861,2024-06-24,C1175,EMEA,Spain,Hardware,USB-C Hub,Mid-Market,9,55.85,20.60,502.65,185.40,317.25,0.00,Delivered,0
10161,2024-06-25,C1179,AMER,Mexico,Accessories,Cable Set,Mid-Market,5,15.92,4.22,79.60,21.10,58.50,,Delivered,0
10266,2024-06-25,C1190,APAC,South Korea,Accessories,Cable Set,Enterprise,11,16.38,4.25,180.18,46.75,133.43,0.00,Delivered,0
11360,2024-06-25,C1144,EMEA,United Kingdom,Accessories,Monitor Arm,Mid-Market,7,100.01,35.27,700.07,246.89,453.18,0.00,Pending,0
11537,2024-06-25,C1278,EMEA,Sweden,Software,Design Suite,Consumer,1,275.59,26.50,275.59,26.50,249.09,,Delivered,0
10911,2024-06-26,C1017,EMEA,France,Software,Design Suite,SMB,7,283.93,26.06,1987.51,182.42,1805.09,0.00,Delivered,0
11265,2024-06-26,C1179,AMER,Canada,Software,Analytics Platform,Mid-Market,9,447.83,36.83,3022.85,331.47,2691.38,0.25,Delivered,0
11663,2024-06-26,C1186,APAC,South Korea,Accessories,Carry Sleeve,Enterprise,4,31.66,8.37,126.64,33.48,93.16,0.00,Delivered,0
10824,2024-06-27,C1172,APAC,South Korea,Accessories,Carry Sleeve,Mid-Market,8,31.83,8.06,229.18,64.48,164.70,0.10,Delivered,0
10967,2024-06-27,C1042,APAC,Singapore,Hardware,Laptop Stand,SMB,3,51.91,14.65,155.73,43.95,111.78,0.00,Delivered,0
11143,2024-06-27,C1297,APAC,India,Hardware,Mechanical Keyboard,Consumer,4,151.99,48.37,607.96,193.48,414.48,0.00,Delivered,0
11758,2024-06-27,C1196,AMER,Brazil,Services,Training Course,Enterprise,5,414.21,89.18,2071.05,445.90,1625.15,0.00,Delivered,0
12752,2024-06-27,C1308,AMER,United States,Hardware,Mechanical Keyboard,Consumer,3,143.44,47.84,430.32,143.52,286.80,,Delivered,0
12782,2024-06-27,C1012,EMEA,Sweden,Services,Custom Integration,SMB,4,1328.76,432.49,5315.04,1729.96,3585.08,0.00,Delivered,0
10276,2024-06-28,C1198,EMEA,United Kingdom,Hardware,Mechanical Keyboard,Enterprise,4,144.31,50.31,577.24,201.24,376.00,0.00,Shipped,0
10369,2024-06-28,C1092,EMEA,France,Software,VPN Annual,SMB,4,44.92,3.06,179.68,12.24,167.44,0.00,Delivered,0
10734,2024-06-28,C1170,EMEA,Finland,Software,Analytics Platform,Mid-Market,5,438.42,34.45,2192.10,172.25,2019.85,0.00,Shipped,0
11251,2024-06-28,C1105,AMER,United States,Software,Design Suite,SMB,6,284.30,27.53,1705.80,165.18,1540.62,0.00,Delivered,0
11339,2024-06-28,C1120,EMEA,Germany,Accessories,Carry Sleeve,SMB,5,31.56,8.42,126.24,42.10,84.14,0.20,Delivered,0
12584,2024-06-28,C1274,AMER,Brazil,Software,VPN Annual,Consumer,2,42.95,3.02,85.90,6.04,79.86,0.00,Delivered,0
12793,2024-06-28,C1001,EMEA,Netherlands,Accessories,Desk Mat,SMB,3,25.56,6.44,76.68,19.32,57.36,0.00,Pending,0
10211,2024-06-29,C1273,EMEA,Germany,Hardware,USB-C Hub,Consumer,1,53.08,21.69,47.77,21.69,26.08,0.10,Delivered,1
11024,2024-06-29,C1027,EMEA,United Kingdom,Software,Cloud Backup 1TB,SMB,6,68.94,7.39,413.64,44.34,369.30,0.00,Pending,0
11492,2024-06-29,C1295,EMEA,Finland,Software,Analytics Platform,Consumer,2,449.88,36.69,899.76,73.38,826.38,0.00,Delivered,0
11533,2024-06-29,C1200,AMER,Mexico,Software,Cloud Backup 1TB,Enterprise,20,64.24,7.04,1284.80,140.80,1144.00,0.00,Delivered,0
12558,2024-06-29,C1191,EMEA,Sweden,Accessories,Desk Mat,Enterprise,4,26.94,6.27,107.76,25.08,82.68,0.00,Shipped,0
12765,2024-06-29,C1158,AMER,Canada,Services,Onboarding Workshop,Mid-Market,8,570.35,151.15,4562.80,1209.20,3353.60,0.00,Delivered,0
12934,2024-06-29,C1182,AMER,Brazil,Services,Onboarding Workshop,Enterprise,16,550.37,152.28,8805.92,2436.48,6369.44,0.00,Delivered,0
10181,2024-06-30,C1172,EMEA,Germany,Hardware,Mechanical Keyboard,Mid-Market,7,141.72,50.75,992.04,355.25,636.79,0.00,Delivered,0
10676,2024-06-30,C1185,EMEA,Germany,Accessories,Monitor Arm,Enterprise,10,98.56,34.11,985.60,341.10,644.50,0.00,Delivered,0
10776,2024-06-30,C1219,EMEA,Germany,Hardware,Webcam HD,Consumer,4,91.84,33.06,348.99,132.24,216.75,0.05,Shipped,0
12512,2024-06-30,C1070,AMER,Brazil,Software,Design Suite,SMB,2,286.25,26.98,572.50,53.96,518.54,0.00,Pending,0
10606,2024-07-01,C1223,EMEA,Sweden,Accessories,Cable Set,Consumer,2,16.63,4.19,33.26,8.38,24.88,0.00,Pending,0
12984,2024-07-01,C1091,APAC,South Korea,Software,Analytics Platform,SMB,5,433.71,35.77,2168.55,178.85,1989.70,,Shipped,0
10393,2024-07-02,C1034,AMER,United States,Hardware,Laptop Stand,SMB,6,46.33,16.00,277.98,96.00,181.98,0.00,Delivered,0
12409,2024-07-02,C1127,EMEA,Netherlands,Accessories,Cable Set,Mid-Market,5,17.11,4.13,72.72,20.65,52.07,0.15,Delivered,0
10021,2024-07-03,C1284,EMEA,Netherlands,Hardware,Docking Station,Consumer,4,234.82,92.77,939.28,371.08,568.20,0.00,Pending,0
10957,2024-07-03,C1104,EMEA,Netherlands,Hardware,Laptop Stand,SMB,4,46.67,15.04,140.01,60.16,79.85,0.25,Delivered,1
11157,2024-07-03,C1295,APAC,Singapore,Accessories,Carry Sleeve,Consumer,2,30.63,7.72,61.26,15.44,45.82,0.00,Pending,0
11779,2024-07-03,C1263,AMER,Canada,Accessories,Carry Sleeve,Consumer,4,31.55,7.99,126.20,31.96,94.24,,Delivered,0
10656,2024-07-04,C1198,APAC,Japan,Hardware,USB-C Hub,Enterprise,18,53.17,21.07,957.06,379.26,577.80,0.00,Delivered,0
10295,2024-07-06,C1072,EMEA,Netherlands,Hardware,USB-C Hub,SMB,7,58.65,20.41,410.55,142.87,267.68,0.00,Delivered,0
10436,2024-07-06,C1167,AMER,United States,Hardware,Laptop Stand,Mid-Market,6,50.52,15.56,303.12,93.36,209.76,0.00,Delivered,0
11109,2024-07-06,C1146,EMEA,Germany,Software,VPN Annual,Mid-Market,10,45.60,3.20,456.00,32.00,424.00,0.00,Delivered,0
11482,2024-07-06,C1257,APAC,Singapore,Hardware,Webcam HD,Consumer,3,87.08,30.92,235.12,92.76,142.36,0.10,Delivered,0
10924,2024-07-08,C1079,AMER,Mexico,Software,Design Suite,SMB,8,288.22,26.57,2305.76,212.56,2093.20,,Delivered,1
11935,2024-07-08,C1296,AMER,Canada,Accessories,Monitor Arm,Consumer,4,97.32,35.43,389.28,141.72,247.56,0.00,Delivered,0
10476,2024-07-09,C1204,APAC,Singapore,Services,Onboarding Workshop,Enterprise,3,572.24,153.97,1287.54,461.91,825.63,0.25,Delivered,0
10644,2024-07-09,C1130,APAC,South Korea,Services,Custom Integration,Mid-Market,12,1266.12,403.27,15193.44,4839.24,10354.20,0.00,Pending,0
10659,2024-07-09,C1263,AMER,Canada,Accessories,Desk Mat,Consumer,4,27.44,6.39,109.76,25.56,84.20,0.00,Shipped,0
12767,2024-07-09,C1022,EMEA,United Kingdom,Software,Analytics Platform,SMB,3,423.75,37.59,1017.00,112.77,904.23,0.20,Delivered,0
10553,2024-07-10,C1253,AMER,Mexico,Accessories,Monitor Arm,Consumer,1,101.32,34.94,86.12,34.94,51.18,0.15,Delivered,1
11740,2024-07-10,C1221,APAC,Singapore,Services,Onboarding Workshop,Consumer,3,563.62,144.43,1690.86,433.29,1257.57,0.00,Delivered,0
10164,2024-07-11,C1272,EMEA,Spain,Services,Onboarding Workshop,Consumer,1,542.12,150.15,542.12,150.15,391.97,0.00,Delivered,0
10572,2024-07-11,C1099,AMER,Canada,Software,VPN Annual,SMB,1,42.96,3.14,42.96,3.14,39.82,0.00,Delivered,0
10720,2024-07-11,C1186,EMEA,Germany,Hardware,"27"" Monitor",Enterprise,13,353.44,144.99,4594.72,1884.87,2709.85,0.00,Shipped,0
10831,2024-07-11,C1020,APAC,Japan,Hardware,Laptop Stand,SMB,4,47.09,15.47,188.36,61.88,126.48,0.00,Pending,0
11321,2024-07-11,C1008,APAC,India,Software,Analytics Platform,SMB,3,450.37,35.17,1013.33,105.51,907.82,0.25,Delivered,0
11845,2024-07-11,C1128,AMER,Canada,Hardware,USB-C Hub,Mid-Market,6,56.81,20.92,340.86,125.52,215.34,0.00,Delivered,1
12897,2024-07-11,C1145,AMER,Brazil,Hardware,"27"" Monitor",Mid-Market,8,374.31,135.05,2695.03,1080.40,1614.63,0.10,Delivered,0
10597,2024-07-12,C1155,AMER,Canada,Software,Cloud Backup 1TB,Mid-Market,9,67.24,7.12,605.16,64.08,541.08,,Delivered,0
10747,2024-07-12,C1186,APAC,Singapore,Accessories,Desk Mat,Enterprise,14,27.39,6.12,325.94,85.68,240.26,0.15,Delivered,0
11233,2024-07-12,C1116,AMER,Mexico,Software,Analytics Platform,SMB,1,422.36,35.65,422.36,35.65,386.71,0.00,Shipped,0
11376,2024-07-12,C1199,AMER,Brazil,Accessories,Desk Mat,Enterprise,18,25.36,6.07,456.48,109.26,347.22,0.00,Delivered,0
11388,2024-07-12,C1126,EMEA,United Kingdom,Accessories,Monitor Arm,Mid-Market,6,95.42,34.29,572.52,205.74,366.78,0.00,Delivered,0
11919,2024-07-12,C1062,AMER,Canada,Hardware,Webcam HD,SMB,8,85.60,33.38,684.80,267.04,417.76,0.00,Delivered,0
12041,2024-07-12,C1040,APAC,South Korea,Services,Custom Integration,SMB,7,1424.08,408.14,9968.56,2856.98,7111.58,0.00,Cancelled,0
12060,2024-07-12,C1172,APAC,India,Services,Custom Integration,Mid-Market,5,1316.32,399.01,6581.60,1995.05,4586.55,0.00,Delivered,0
12617,2024-07-12,C1208,AMER,Mexico,Software,VPN Annual,Enterprise,12,45.12,3.15,487.30,37.80,449.50,0.10,Delivered,0
12814,2024-07-12,C1174,EMEA,France,Hardware,Mechanical Keyboard,Mid-Market,12,143.26,49.59,1461.25,595.08,866.17,0.15,Delivered,0
10121,2024-07-13,C1197,EMEA,Spain,Accessories,Carry Sleeve,Enterprise,19,33.58,7.91,638.02,150.29,487.73,,Shipped,0
12432,2024-07-14,C1188,AMER,Brazil,Services,Custom Integration,Enterprise,15,1269.02,415.82,19035.30,6237.30,12798.00,0.00,Delivered,0
12469,2024-07-14,C1182,APAC,Australia,Hardware,USB-C Hub,Enterprise,10,53.29,21.48,532.90,214.80,318.10,0.00,Delivered,0
10470,2024-07-15,C1257,APAC,South Korea,Hardware,Mechanical Keyboard,Consumer,2,145.85,49.33,291.70,98.66,193.04,0.00,Delivered,0
11123,2024-07-15,C1005,AMER,United States,Accessories,Cable Set,SMB,7,16.08,4.44,112.56,31.08,81.48,0.00,Delivered,0
11639,2024-07-15,C1288,APAC,Japan,Hardware,Webcam HD,Consumer,3,85.88,30.76,257.64,92.28,165.36,0.00,Delivered,0
10529,2024-07-16,C1236,EMEA,United Kingdom,Services,Training Course,Consumer,1,405.28,88.80,303.96,88.80,215.16,0.25,Delivered,0
11139,2024-07-16,C1292,EMEA,Netherlands,Accessories,Desk Mat,Consumer,2,27.69,6.13,41.54,12.26,29.28,0.25,Delivered,1
11650,2024-07-16,C1232,EMEA,Germany,Software,Analytics Platform,Consumer,2,468.37,34.60,936.74,69.20,867.54,0.00,Delivered,0
12422,2024-07-16,C1145,AMER,United States,Hardware,"27"" Monitor",Mid-Market,12,341.48,133.57,4097.76,1602.84,2494.92,0.00,Pending,0
10240,2024-07-17,C1227,EMEA,Finland,Hardware,Mechanical Keyboard,Consumer,1,149.10,49.98,149.10,49.98,99.12,0.00,Delivered,0
10432,2024-07-17,C1263,EMEA,United Kingdom,Software,Cloud Backup 1TB,Consumer,2,63.55,7.17,127.10,14.34,112.76,0.00,Delivered,0
10814,2024-07-17,C1150,AMER,Mexico,Accessories,Cable Set,Mid-Market,2,15.70,4.53,31.40,9.06,22.34,0.00,Cancelled,0
11031,2024-07-17,C1158,EMEA,United Kingdom,Software,Design Suite,Mid-Market,2,282.34,27.60,564.68,55.20,509.48,0.00,Delivered,0
11142,2024-07-17,C1157,AMER,Brazil,Hardware,USB-C Hub,Mid-Market,5,58.52,20.43,292.60,102.15,190.45,0.00,Delivered,1
11286,2024-07-17,C1147,AMER,Brazil,Software,Design Suite,Mid-Market,10,266.66,28.45,1999.95,284.50,1715.45,0.25,Delivered,0
11346,2024-07-17,C1199,EMEA,Sweden,Accessories,Cable Set,Enterprise,10,15.96,4.26,135.66,42.60,93.06,0.15,Shipped,0
12475,2024-07-17,C1303,APAC,Singapore,Accessories,Carry Sleeve,Consumer,1,31.84,8.03,28.66,8.03,20.63,0.10,Delivered,0
10828,2024-07-18,C1099,APAC,Australia,Software,Design Suite,SMB,4,294.81,27.34,1179.24,109.36,1069.88,,Delivered,0
12247,2024-07-18,C1019,APAC,India,Hardware,USB-C Hub,SMB,4,54.25,20.06,217.00,80.24,136.76,0.00,Delivered,0
10366,2024-07-19,C1298,AMER,Brazil,Hardware,Mechanical Keyboard,Consumer,2,145.07,49.50,217.60,99.00,118.60,0.25,Delivered,0
11902,2024-07-19,C1208,EMEA,Germany,Software,Design Suite,Enterprise,19,263.94,27.20,5014.86,516.80,4498.06,0.00,Delivered,0
12350,2024-07-19,C1191,APAC,Singapore,Hardware,Mechanical Keyboard,Enterprise,4,141.77,48.68,567.08,194.72,372.36,0.00,Delivered,0
11934,2024-07-20,C1196,APAC,Japan,Accessories,Carry Sleeve,Enterprise,20,31.65,8.20,633.00,164.00,469.00,0.00,Delivered,1
11168,2024-07-21,C1019,APAC,Australia,Accessories,Cable Set,SMB,7,17.08,4.29,119.56,30.03,89.53,0.00,Delivered,0
11198,2024-07-21,C1009,AMER,United States,Hardware,Docking Station,SMB,8,231.72,94.23,1853.76,753.84,1099.92,0.00,Delivered,0
12701,2024-07-21,C1152,AMER,United States,Hardware,USB-C Hub,Mid-Market,8,56.27,20.91,450.16,167.28,282.88,0.00,Delivered,0
10531,2024-07-22,C1217,EMEA,Sweden,Services,Priority Support,Consumer,3,200.40,35.07,571.14,105.21,465.93,0.05,Delivered,0
11291,2024-07-22,C1150,APAC,South Korea,Accessories,Desk Mat,Mid-Market,4,25.78,6.30,103.12,25.20,77.92,0.00,Delivered,0
11374,2024-07-22,C1135,EMEA,Germany,Hardware,Docking Station,Mid-Market,3,225.68,89.25,677.04,267.75,409.29,,Delivered,0
12221,2024-07-22,C1135,AMER,United States,Services,Onboarding Workshop,Mid-Market,12,585.46,147.89,6322.97,1774.68,4548.29,0.10,Delivered,0
12546,2024-07-22,C1075,APAC,India,Accessories,Desk Mat,SMB,3,26.65,6.18,79.95,18.54,61.41,0.00,Delivered,0
10948,2024-07-23,C1092,AMER,Canada,Software,Cloud Backup 1TB,SMB,3,62.24,7.41,186.72,22.23,164.49,0.00,Delivered,0
11141,2024-07-23,C1248,APAC,Singapore,Services,Training Course,Consumer,2,384.95,87.46,769.90,174.92,594.98,0.00,Delivered,0
11171,2024-07-23,C1203,APAC,Australia,Accessories,Carry Sleeve,Enterprise,14,31.68,8.40,443.52,117.60,325.92,0.00,Delivered,1
11802,2024-07-23,C1210,APAC,Australia,Accessories,Monitor Arm,Enterprise,4,94.42,33.83,377.68,135.32,242.36,0.00,Delivered,1
11841,2024-07-23,C1223,EMEA,Germany,Software,Design Suite,Consumer,4,265.72,26.56,1062.88,106.24,956.64,0.00,Shipped,0
10669,2024-07-24,C1265,AMER,Brazil,Accessories,Cable Set,Consumer,4,16.12,4.52,64.48,18.08,46.40,0.00,Delivered,0
10960,2024-07-24,C1015,EMEA,Spain,Software,Cloud Backup 1TB,SMB,8,66.91,6.74,535.28,53.92,481.36,0.00,Pending,0
11744,2024-07-24,C1156,AMER,Canada,Software,Editor Pro License,Mid-Market,6,111.29,9.84,534.19,59.04,475.15,0.20,Delivered,0
12816,2024-07-24,C1175,AMER,Brazil,Services,Priority Support,Mid-Market,11,193.14,35.33,2124.54,388.63,1735.91,0.00,Delivered,0
10106,2024-07-27,C1191,APAC,Japan,Software,Analytics Platform,Enterprise,7,432.64,34.12,3028.48,238.84,2789.64,0.00,Delivered,0
10129,2024-07-27,C1261,APAC,India,Software,Cloud Backup 1TB,Consumer,1,63.37,7.14,63.37,7.14,56.23,0.00,Pending,0
12223,2024-07-27,C1191,AMER,Brazil,Accessories,Desk Mat,Enterprise,9,25.80,6.02,232.20,54.18,178.02,0.00,Delivered,0
12499,2024-07-27,C1194,AMER,Canada,Hardware,Docking Station,Enterprise,4,220.78,95.76,883.12,383.04,500.08,0.00,Delivered,0
12603,2024-07-28,C1205,APAC,Japan,Services,Priority Support,Enterprise,3,205.93,37.17,617.79,111.51,506.28,0.00,Delivered,0
10026,2024-07-29,C1196,AMER,United States,Hardware,Laptop Stand,Enterprise,5,49.55,15.43,247.75,77.15,170.60,0.00,Delivered,0
10970,2024-07-29,C1240,APAC,South Korea,Accessories,Cable Set,Consumer,3,15.47,4.32,46.41,12.96,33.45,0.00,Delivered,0
12789,2024-07-29,C1137,AMER,Brazil,Software,Analytics Platform,Mid-Market,6,429.22,36.89,2575.32,221.34,2353.98,0.00,Delivered,0
10548,2024-07-30,C1039,AMER,Canada,Software,Cloud Backup 1TB,SMB,5,68.06,7.23,340.30,36.15,304.15,0.00,Pending,0
11480,2024-07-30,C1141,APAC,India,Services,Onboarding Workshop,Mid-Market,11,589.14,143.78,4860.40,1581.58,3278.82,0.25,Delivered,0
11803,2024-07-30,C1039,EMEA,Finland,Services,Priority Support,SMB,8,196.29,36.53,1334.77,292.24,1042.53,0.15,Delivered,0
10190,2024-08-01,C1198,EMEA,Netherlands,Accessories,Monitor Arm,Enterprise,12,101.29,32.16,1215.48,385.92,829.56,0.00,Pending,0
10194,2024-08-01,C1022,AMER,Mexico,Accessories,Cable Set,SMB,3,16.35,4.25,49.05,12.75,36.30,0.00,Delivered,0
10243,2024-08-01,C1202,EMEA,Germany,Hardware,Webcam HD,Enterprise,18,90.60,31.79,1630.80,572.22,1058.58,0.00,Delivered,0
12492,2024-08-01,C1091,AMER,Mexico,Software,Cloud Backup 1TB,SMB,2,64.75,7.08,129.50,14.16,115.34,0.00,Delivered,0
12671,2024-08-01,C1187,AMER,Canada,Hardware,"27"" Monitor",Enterprise,6,370.62,147.10,2223.72,882.60,1341.12,0.00,Delivered,0
10576,2024-08-02,C1189,APAC,India,Software,Editor Pro License,Enterprise,12,105.61,9.93,1140.59,119.16,1021.43,0.10,Delivered,0
11831,2024-08-02,C1124,EMEA,Germany,Hardware,"27"" Monitor",Mid-Market,4,339.84,145.15,1359.36,580.60,778.76,,Delivered,0
12203,2024-08-02,C1101,EMEA,Sweden,Hardware,USB-C Hub,SMB,5,57.57,20.02,287.85,100.10,187.75,0.00,Delivered,0
12625,2024-08-02,C1031,EMEA,Sweden,Accessories,Carry Sleeve,SMB,7,34.25,7.81,239.75,54.67,185.08,0.00,Delivered,0
12945,2024-08-02,C1144,AMER,United States,Hardware,Mechanical Keyboard,Mid-Market,4,141.40,49.03,565.60,196.12,369.48,0.00,Shipped,0
10292,2024-08-03,C1142,EMEA,Netherlands,Accessories,Monitor Arm,Mid-Market,5,99.27,32.25,496.35,161.25,335.10,0.00,Delivered,0
11248,2024-08-03,C1133,AMER,United States,Software,Editor Pro License,Mid-Market,10,112.32,9.48,1123.20,94.80,1028.40,0.00,Delivered,0
12102,2024-08-03,C1233,EMEA,France,Accessories,Carry Sleeve,Consumer,2,33.85,8.39,67.70,16.78,50.92,0.00,Delivered,0
12734,2024-08-03,C1025,APAC,South Korea,Services,Priority Support,SMB,4,209.61,37.10,754.60,148.40,606.20,0.10,Delivered,0
10248,2024-08-05,C1208,EMEA,Germany,Software,Cloud Backup 1TB,Enterprise,13,69.07,7.30,897.91,94.90,803.01,0.00,Delivered,0
11722,2024-08-05,C1057,APAC,Australia,Software,Cloud Backup 1TB,SMB,5,69.45,6.92,277.80,34.60,243.20,0.20,Shipped,0
12913,2024-08-05,C1182,APAC,South Korea,Services,Onboarding Workshop,Enterprise,3,525.39,153.39,1576.17,460.17,1116.00,0.00,Delivered,0
10876,2024-08-06,C1199,EMEA,Netherlands,Accessories,Desk Mat,Enterprise,17,27.74,6.09,471.58,103.53,368.05,0.00,Delivered,0
11746,2024-08-06,C1278,APAC,Japan,Software,VPN Annual,Consumer,4,43.17,3.11,146.78,12.44,134.34,0.15,Delivered,0
12453,2024-08-06,C1141,APAC,India,Services,Priority Support,Mid-Market,6,210.70,37.45,1264.20,224.70,1039.50,0.00,Delivered,0
10996,2024-08-07,C1050,APAC,Singapore,Hardware,Webcam HD,SMB,7,84.54,30.88,591.78,216.16,375.62,0.00,Delivered,0
11487,2024-08-07,C1231,AMER,United States,Services,Training Course,Consumer,1,408.81,89.73,408.81,89.73,319.08,0.00,Cancelled,0
11488,2024-08-07,C1235,AMER,Brazil,Services,Training Course,Consumer,3,381.56,83.61,1144.68,250.83,893.85,0.00,Delivered,0
11913,2024-08-07,C1010,AMER,Brazil,Accessories,Desk Mat,SMB,5,26.28,6.02,131.40,30.10,101.30,0.00,Delivered,0
10595,2024-08-08,C1186,APAC,India,Software,VPN Annual,Enterprise,14,43.09,3.15,542.93,44.10,498.83,0.10,Delivered,0
10977,2024-08-08,C1122,EMEA,Spain,Accessories,Monitor Arm,Mid-Market,8,104.21,35.19,833.68,281.52,552.16,0.00,Delivered,0
11848,2024-08-09,C1133,AMER,Mexico,Software,Cloud Backup 1TB,Mid-Market,3,62.36,6.79,187.08,20.37,166.71,0.00,Delivered,0
12091,2024-08-09,C1074,AMER,Canada,Hardware,Docking Station,SMB,6,226.75,92.11,1224.45,552.66,671.79,0.10,Delivered,0
12762,2024-08-09,C1269,APAC,Australia,Hardware,Mechanical Keyboard,Consumer,1,147.23,46.67,147.23,46.67,100.56,0.00,Shipped,0
11562,2024-08-10,C1099,EMEA,France,Software,Analytics Platform,SMB,8,461.65,35.81,3693.20,286.48,3406.72,0.00,Delivered,0
11692,2024-08-10,C1155,AMER,United States,Software,Cloud Backup 1TB,Mid-Market,8,70.01,7.34,560.08,58.72,501.36,0.00,Delivered,0
11735,2024-08-10,C1003,EMEA,France,Accessories,Desk Mat,SMB,6,26.97,6.13,161.82,36.78,125.04,0.00,Pending,0
12333,2024-08-10,C1097,AMER,Brazil,Accessories,Carry Sleeve,SMB,4,32.39,8.46,103.65,33.84,69.81,0.20,Shipped,0
10259,2024-08-11,C1149,EMEA,Spain,Software,Analytics Platform,Mid-Market,2,425.85,35.92,851.70,71.84,779.86,,Shipped,0
11645,2024-08-11,C1200,EMEA,Finland,Services,Training Course,Enterprise,9,378.43,89.79,3065.28,808.11,2257.17,0.10,Delivered,0
12550,2024-08-12,C1209,AMER,Brazil,Services,Priority Support,Enterprise,4,192.27,35.00,769.08,140.00,629.08,0.00,Delivered,0
11757,2024-08-13,C1005,AMER,Brazil,Accessories,Monitor Arm,SMB,2,96.23,33.06,173.21,66.12,107.09,0.10,Delivered,0
11509,2024-08-14,C1070,EMEA,Germany,Accessories,Carry Sleeve,SMB,2,34.25,7.82,68.50,15.64,52.86,0.00,Delivered,0
12387,2024-08-14,C1195,APAC,Japan,Software,Analytics Platform,Enterprise,15,441.09,34.79,6285.53,521.85,5763.68,0.05,Delivered,0
10665,2024-08-15,C1165,EMEA,Finland,Software,VPN Annual,Mid-Market,2,44.37,3.13,88.74,6.26,82.48,0.00,Delivered,0
11652,2024-08-15,C1198,APAC,South Korea,Software,Design Suite,Enterprise,18,287.13,28.51,5168.34,513.18,4655.16,0.00,Delivered,0
10064,2024-08-16,C1109,APAC,Japan,Accessories,Carry Sleeve,SMB,7,33.96,7.97,202.06,55.79,146.27,0.15,Delivered,0
10300,2024-08-16,C1241,AMER,Brazil,Software,Cloud Backup 1TB,Consumer,3,65.23,6.74,195.69,20.22,175.47,0.00,Delivered,0
12628,2024-08-16,C1163,APAC,Singapore,Services,Training Course,Mid-Market,2,379.91,90.90,645.85,181.80,464.05,0.15,Delivered,0
11720,2024-08-17,C1181,APAC,Singapore,Services,Custom Integration,Enterprise,10,1289.61,424.02,12896.10,4240.20,8655.90,0.00,Delivered,0
12123,2024-08-17,C1137,AMER,Brazil,Hardware,"27"" Monitor",Mid-Market,7,377.68,139.11,2643.76,973.77,1669.99,0.00,Delivered,0
12230,2024-08-17,C1185,EMEA,Finland,Hardware,USB-C Hub,Enterprise,15,53.67,21.82,805.05,327.30,477.75,0.00,Delivered,0
11298,2024-08-18,C1092,EMEA,Germany,Accessories,Monitor Arm,SMB,4,98.95,34.27,395.80,137.08,258.72,0.00,Shipped,0
11940,2024-08-18,C1089,AMER,Brazil,Services,Custom Integration,SMB,8,1361.72,417.21,10893.76,3337.68,7556.08,0.00,Delivered,0
10755,2024-08-19,C1262,EMEA,Germany,Software,Cloud Backup 1TB,Consumer,1,63.34,6.98,63.34,6.98,56.36,0.00,Shipped,0
11218,2024-08-19,C1064,AMER,Brazil,Hardware,Laptop Stand,SMB,7,46.36,14.64,324.52,102.48,222.04,0.00,Delivered,0
12188,2024-08-19,C1204,EMEA,Germany,Accessories,Cable Set,Enterprise,6,15.61,4.48,74.93,26.88,48.05,0.20,Delivered,0
12959,2024-08-19,C1101,AMER,Mexico,Hardware,Docking Station,SMB,7,215.44,90.56,1508.08,633.92,874.16,0.00,Delivered,0
10753,2024-08-20,C1189,AMER,Mexico,Software,VPN Annual,Enterprise,8,43.43,3.05,347.44,24.40,323.04,0.00,Delivered,0
11223,2024-08-20,C1206,APAC,South Korea,Software,Cloud Backup 1TB,Enterprise,20,63.32,6.80,1266.40,136.00,1130.40,0.00,Delivered,1
12420,2024-08-20,C1134,EMEA,Sweden,Services,Custom Integration,Mid-Market,4,1408.62,432.63,5634.48,1730.52,3903.96,0.00,Delivered,0
12472,2024-08-20,C1197,EMEA,Germany,Hardware,Docking Station,Enterprise,10,219.61,92.25,1756.88,922.50,834.38,0.20,Delivered,0
11520,2024-08-22,C1146,AMER,Canada,Hardware,Webcam HD,Mid-Market,12,90.01,32.57,1080.12,390.84,689.28,0.00,Pending,0
12647,2024-08-22,C1238,AMER,United States,Accessories,Monitor Arm,Consumer,1,101.62,33.84,101.62,33.84,67.78,,Delivered,0
10107,2024-08-23,C1182,AMER,Mexico,Accessories,Monitor Arm,Enterprise,9,101.56,33.73,914.04,303.57,610.47,0.00,Delivered,0
10759,2024-08-23,C1191,AMER,United States,Accessories,Monitor Arm,Enterprise,3,96.69,32.47,290.07,97.41,192.66,0.00,Pending,0
11613,2024-08-23,C1046,EMEA,France,Services,Priority Support,SMB,1,211.31,37.15,211.31,37.15,174.16,0.00,Delivered,0
11911,2024-08-23,C1263,APAC,Japan,Accessories,Cable Set,Consumer,2,15.72,4.49,31.44,8.98,22.46,0.00,Delivered,0
12726,2024-08-23,C1031,EMEA,United Kingdom,Software,Analytics Platform,SMB,3,461.80,36.20,1177.59,108.60,1068.99,0.15,Delivered,0
10497,2024-08-24,C1112,EMEA,France,Services,Onboarding Workshop,SMB,8,570.74,153.47,4565.92,1227.76,3338.16,0.00,Delivered,0
10649,2024-08-24,C1302,APAC,Singapore,Accessories,Cable Set,Consumer,4,15.43,4.28,61.72,17.12,44.60,0.00,Delivered,0
11347,2024-08-24,C1249,AMER,Mexico,Accessories,Monitor Arm,Consumer,1,95.76,33.97,95.76,33.97,61.79,0.00,Delivered,0
11385,2024-08-24,C1207,APAC,Australia,Hardware,Docking Station,Enterprise,3,216.06,88.09,648.18,264.27,383.91,0.00,Delivered,0
12128,2024-08-24,C1197,AMER,Brazil,Services,Custom Integration,Enterprise,20,1266.93,439.95,25338.60,8799.00,16539.60,,Delivered,0
12638,2024-08-24,C1079,APAC,Japan,Software,Editor Pro License,SMB,1,115.57,10.13,115.57,10.13,105.44,0.00,Delivered,0
10726,2024-08-25,C1079,AMER,United States,Hardware,USB-C Hub,SMB,7,54.75,20.58,383.25,144.06,239.19,0.00,Delivered,0
11182,2024-08-26,C1298,AMER,Canada,Accessories,Desk Mat,Consumer,4,25.81,5.99,103.24,23.96,79.28,0.00,Delivered,0
11310,2024-08-26,C1202,APAC,Japan,Software,VPN Annual,Enterprise,16,44.77,3.04,716.32,48.64,667.68,0.00,Delivered,0
10168,2024-08-27,C1200,APAC,Australia,Software,Cloud Backup 1TB,Enterprise,19,65.76,7.24,1249.44,137.56,1111.88,0.00,Delivered,0
11133,2024-08-27,C1011,AMER,Canada,Hardware,Webcam HD,SMB,4,87.54,31.59,350.16,126.36,223.80,0.00,Delivered,0
11716,2024-08-27,C1186,EMEA,France,Services,Priority Support,Enterprise,7,194.94,36.43,1364.58,255.01,1109.57,,Delivered,0
12370,2024-08-27,C1207,EMEA,Spain,Accessories,Cable Set,Enterprise,5,17.08,4.47,85.40,22.35,63.05,0.00,Delivered,0
10066,2024-08-28,C1195,EMEA,France,Services,Onboarding Workshop,Enterprise,3,540.84,146.69,1622.52,440.07,1182.45,0.00,Pending,0
10600,2024-08-28,C1138,APAC,Japan,Hardware,Docking Station,Mid-Market,7,212.71,89.00,1340.07,623.00,717.07,0.10,Delivered,0
12033,2024-08-28,C1198,AMER,United States,Hardware,Mechanical Keyboard,Enterprise,15,148.32,47.51,2224.80,712.65,1512.15,0.00,Delivered,0
12177,2024-08-28,C1197,APAC,Japan,Accessories,Cable Set,Enterprise,12,16.87,4.26,202.44,51.12,151.32,0.00,Delivered,0
11497,2024-08-29,C1161,EMEA,Sweden,Software,Analytics Platform,Mid-Market,7,453.22,34.69,2379.40,242.83,2136.57,0.25,Delivered,0
11607,2024-08-29,C1124,APAC,India,Software,Design Suite,Mid-Market,12,290.42,26.05,2613.78,312.60,2301.18,0.25,Delivered,0
12354,2024-08-29,C1030,AMER,United States,Accessories,Cable Set,SMB,1,16.02,4.40,16.02,4.40,11.62,0.00,Delivered,0
12672,2024-08-29,C1227,APAC,South Korea,Accessories,Desk Mat,Consumer,1,25.92,6.26,25.92,6.26,19.66,0.00,Delivered,0
10568,2024-08-30,C1245,EMEA,Germany,Hardware,Laptop Stand,Consumer,2,49.91,14.77,99.82,29.54,70.28,,Pending,0
10620,2024-08-30,C1066,EMEA,United Kingdom,Accessories,Monitor Arm,SMB,6,102.57,33.74,553.88,202.44,351.44,0.10,Delivered,0
11352,2024-08-30,C1258,AMER,Canada,Hardware,USB-C Hub,Consumer,2,57.47,20.68,114.94,41.36,73.58,0.00,Shipped,0
11554,2024-08-30,C1200,EMEA,Finland,Software,Cloud Backup 1TB,Enterprise,11,67.19,7.29,739.09,80.19,658.90,0.00,Delivered,0
10385,2024-08-31,C1145,AMER,Brazil,Software,Cloud Backup 1TB,Mid-Market,10,66.49,6.96,664.90,69.60,595.30,,Delivered,0
10550,2024-08-31,C1155,AMER,Brazil,Hardware,Laptop Stand,Mid-Market,11,49.95,14.73,549.45,162.03,387.42,0.00,Delivered,0
10684,2024-08-31,C1135,AMER,Canada,Hardware,USB-C Hub,Mid-Market,6,56.66,21.99,339.96,131.94,208.02,0.00,Delivered,0
11681,2024-08-31,C1206,APAC,Singapore,Hardware,Webcam HD,Enterprise,10,88.79,32.60,887.90,326.00,561.90,0.00,Delivered,0
10615,2024-09-01,C1237,EMEA,Netherlands,Accessories,Desk Mat,Consumer,2,26.12,6.38,52.24,12.76,39.48,0.00,Delivered,0
11025,2024-09-01,C1197,APAC,India,Hardware,Laptop Stand,Enterprise,18,51.73,15.10,931.14,271.80,659.34,0.00,Delivered,0
11814,2024-09-01,C1052,EMEA,Finland,Hardware,Mechanical Keyboard,SMB,1,137.27,50.85,123.54,50.85,72.69,0.10,Delivered,0
12114,2024-09-01,C1193,AMER,Canada,Accessories,Carry Sleeve,Enterprise,16,33.18,7.74,530.88,123.84,407.04,0.00,Delivered,0
12990,2024-09-01,C1039,AMER,United States,Services,Custom Integration,SMB,3,1399.01,428.98,3147.77,1286.94,1860.83,0.25,Pending,0
10135,2024-09-02,C1064,AMER,United States,Accessories,Cable Set,SMB,6,15.41,4.42,92.46,26.52,65.94,0.00,Delivered,0
11304,2024-09-02,C1181,EMEA,France,Accessories,Desk Mat,Enterprise,4,26.71,6.04,106.84,24.16,82.68,0.00,Delivered,0
11667,2024-09-02,C1157,AMER,Canada,Services,Custom Integration,Mid-Market,2,1280.57,423.29,2561.14,846.58,1714.56,0.00,Delivered,0
11736,2024-09-02,C1149,AMER,Canada,Services,Custom Integration,Mid-Market,7,1405.45,401.03,9838.15,2807.21,7030.94,0.00,Pending,0
11930,2024-09-02,C1198,EMEA,France,Services,Training Course,Enterprise,7,405.61,89.62,2839.27,627.34,2211.93,0.00,Shipped,0
10563,2024-09-03,C1166,AMER,Canada,Accessories,Cable Set,Mid-Market,6,15.83,4.39,94.98,26.34,68.64,0.00,Delivered,0
11071,2024-09-03,C1097,APAC,South Korea,Services,Custom Integration,SMB,6,1420.65,432.72,8523.90,2596.32,5927.58,0.00,Delivered,0
11293,2024-09-03,C1044,EMEA,Sweden,Software,Design Suite,SMB,5,277.31,27.36,1178.57,136.80,1041.77,0.15,Delivered,0
12179,2024-09-03,C1183,AMER,Canada,Accessories,Carry Sleeve,Enterprise,8,32.88,8.38,236.74,67.04,169.70,0.10,Pending,0
12226,2024-09-03,C1168,AMER,Mexico,Accessories,Desk Mat,Mid-Market,4,25.94,6.21,83.01,24.84,58.17,0.20,Delivered,0
10364,2024-09-04,C1023,EMEA,France,Software,VPN Annual,SMB,1,42.59,3.08,42.59,3.08,39.51,0.00,Delivered,0
11909,2024-09-04,C1023,EMEA,Spain,Hardware,Mechanical Keyboard,SMB,1,142.31,48.36,120.96,48.36,72.60,0.15,Delivered,0
10637,2024-09-05,C1183,EMEA,France,Hardware,"27"" Monitor",Enterprise,19,344.93,143.29,6553.67,2722.51,3831.16,0.00,Delivered,0
10821,2024-09-05,C1009,AMER,United States,Software,Cloud Backup 1TB,SMB,1,65.14,7.01,65.14,7.01,58.13,0.00,Delivered,0
12495,2024-09-05,C1081,AMER,United States,Hardware,USB-C Hub,SMB,5,56.57,21.37,254.57,106.85,147.72,0.10,Shipped,0
12709,2024-09-05,C1144,AMER,Mexico,Hardware,"27"" Monitor",Mid-Market,10,348.19,143.16,3133.71,1431.60,1702.11,0.10,Delivered,0
12912,2024-09-05,C1155,AMER,United States,Services,Custom Integration,Mid-Market,9,1311.73,428.51,11805.57,3856.59,7948.98,0.00,Delivered,0
10601,2024-09-06,C1245,EMEA,Sweden,Software,Design Suite,Consumer,1,287.35,28.76,272.98,28.76,244.22,0.05,Delivered,0
12173,2024-09-06,C1176,EMEA,United Kingdom,Software,VPN Annual,Mid-Market,6,44.90,2.99,269.40,17.94,251.46,0.00,Delivered,0
12447,2024-09-06,C1011,EMEA,Finland,Accessories,Carry Sleeve,SMB,2,31.55,7.82,63.10,15.64,47.46,0.00,Delivered,0
10354,2024-09-07,C1179,EMEA,Sweden,Hardware,"27"" Monitor",Mid-Market,7,367.82,143.36,2574.74,1003.52,1571.22,0.00,Delivered,0
11014,2024-09-07,C1032,AMER,Mexico,Hardware,"27"" Monitor",SMB,2,373.11,135.18,746.22,270.36,475.86,0.00,Delivered,1
11028,2024-09-07,C1167,AMER,Mexico,Services,Custom Integration,Mid-Market,6,1265.02,423.39,7590.12,2540.34,5049.78,0.00,Delivered,0
11289,2024-09-07,C1153,APAC,Japan,Services,Priority Support,Mid-Market,8,201.09,35.41,1608.72,283.28,1325.44,0.00,Delivered,0
11713,2024-09-07,C1129,EMEA,Germany,Software,Analytics Platform,Mid-Market,5,457.33,37.43,2286.65,187.15,2099.50,0.00,Delivered,0
12284,2024-09-07,C1171,EMEA,France,Hardware,USB-C Hub,Mid-Market,8,58.59,19.94,468.72,159.52,309.20,0.00,Delivered,0
12777,2024-09-07,C1210,APAC,Japan,Accessories,Desk Mat,Enterprise,7,28.16,6.16,197.12,43.12,154.00,0.00,Shipped,0
10227,2024-09-08,C1011,APAC,Australia,Software,Design Suite,SMB,4,263.36,26.26,1053.44,105.04,948.40,0.00,Pending,0
10559,2024-09-08,C1176,AMER,Mexico,Hardware,"27"" Monitor",Mid-Market,9,340.73,146.30,3066.57,1316.70,1749.87,,Delivered,0
10938,2024-09-08,C1212,EMEA,Sweden,Software,Cloud Backup 1TB,Consumer,4,63.13,6.74,252.52,26.96,225.56,0.00,Delivered,0
12180,2024-09-08,C1075,AMER,Brazil,Hardware,USB-C Hub,SMB,7,56.65,21.63,396.55,151.41,245.14,,Delivered,0
10646,2024-09-09,C1203,EMEA,Germany,Hardware,"27"" Monitor",Enterprise,3,341.06,146.88,1023.18,440.64,582.54,0.00,Delivered,0
12197,2024-09-09,C1175,APAC,India,Hardware,USB-C Hub,Mid-Market,7,57.14,20.86,399.98,146.02,253.96,0.00,Delivered,0
12329,2024-09-09,C1210,EMEA,Spain,Software,Design Suite,Enterprise,10,281.70,26.36,2817.00,263.60,2553.40,,Delivered,0
12359,2024-09-09,C1199,EMEA,France,Services,Custom Integration,Enterprise,20,1279.34,416.88,25586.80,8337.60,17249.20,,Delivered,0
12792,2024-09-09,C1154,EMEA,Sweden,Hardware,Webcam HD,Mid-Market,3,83.86,31.38,251.58,94.14,157.44,0.00,Delivered,0
12997,2024-09-09,C1006,AMER,Canada,Software,Analytics Platform,SMB,7,441.28,35.75,3088.96,250.25,2838.71,0.00,Pending,0
10010,2024-09-10,C1203,APAC,Japan,Services,Onboarding Workshop,Enterprise,19,538.04,142.27,10222.76,2703.13,7519.63,0.00,Delivered,0
10348,2024-09-10,C1186,EMEA,Netherlands,Software,Analytics Platform,Enterprise,6,445.22,35.30,2537.75,211.80,2325.95,0.05,Delivered,0
12389,2024-09-10,C1128,EMEA,Sweden,Hardware,Laptop Stand,Mid-Market,11,47.26,15.39,519.86,169.29,350.57,0.00,Delivered,0
12390,2024-09-10,C1152,AMER,Canada,Hardware,Mechanical Keyboard,Mid-Market,9,141.52,46.91,1210.00,422.19,787.81,0.05,Delivered,0
12847,2024-09-10,C1264,APAC,Singapore,Hardware,USB-C Hub,Consumer,4,55.97,21.89,223.88,87.56,136.32,0.00,Delivered,0
12905,2024-09-10,C1092,AMER,United States,Accessories,Desk Mat,SMB,7,27.92,6.50,166.12,45.50,120.62,0.15,Delivered,0
11227,2024-09-11,C1169,AMER,Canada,Services,Custom Integration,Mid-Market,9,1379.95,433.59,12419.55,3902.31,8517.24,0.00,Cancelled,0
11284,2024-09-11,C1156,EMEA,Netherlands,Accessories,Desk Mat,Mid-Market,3,28.09,6.52,84.27,19.56,64.71,0.00,Delivered,0
10285,2024-09-12,C1008,EMEA,Germany,Software,Analytics Platform,SMB,3,463.37,36.80,1390.11,110.40,1279.71,,Delivered,0
10866,2024-09-12,C1012,EMEA,Finland,Hardware,Docking Station,SMB,8,223.12,90.75,1784.96,726.00,1058.96,0.00,Shipped,0
11111,2024-09-12,C1167,EMEA,Netherlands,Hardware,Webcam HD,Mid-Market,11,93.82,31.49,825.62,346.39,479.23,0.20,Delivered,0
11656,2024-09-12,C1200,APAC,South Korea,Hardware,USB-C Hub,Enterprise,7,56.80,21.71,397.60,151.97,245.63,,Delivered,0
10024,2024-09-13,C1164,AMER,United States,Accessories,Carry Sleeve,Mid-Market,2,34.10,8.52,57.97,17.04,40.93,0.15,Delivered,0
10979,2024-09-13,C1167,AMER,Mexico,Hardware,Docking Station,Mid-Market,3,217.80,95.55,653.40,286.65,366.75,0.00,Delivered,0
11565,2024-09-13,C1182,EMEA,France,Accessories,Cable Set,Enterprise,3,15.54,4.57,46.62,13.71,32.91,0.00,Delivered,0
12143,2024-09-13,C1256,APAC,India,Accessories,Cable Set,Consumer,2,16.52,4.32,33.04,8.64,24.40,0.00,Delivered,0
12321,2024-09-13,C1015,AMER,Canada,Software,Editor Pro License,SMB,6,107.63,10.32,581.20,61.92,519.28,0.10,Delivered,0
12602,2024-09-13,C1282,AMER,Mexico,Services,Onboarding Workshop,Consumer,4,548.46,156.53,2193.84,626.12,1567.72,0.00,Delivered,0
12723,2024-09-13,C1185,EMEA,Finland,Accessories,Desk Mat,Enterprise,13,27.62,6.24,359.06,81.12,277.94,0.00,Delivered,0
11653,2024-09-14,C1187,APAC,South Korea,Hardware,Webcam HD,Enterprise,15,93.18,32.41,1397.70,486.15,911.55,0.00,Delivered,0
12038,2024-09-14,C1169,EMEA,Netherlands,Services,Custom Integration,Mid-Market,12,1364.91,400.87,16378.92,4810.44,11568.48,0.00,Delivered,0
12208,2024-09-14,C1112,EMEA,Finland,Services,Priority Support,SMB,4,210.79,35.83,843.16,143.32,699.84,0.00,Delivered,0
11125,2024-09-15,C1216,AMER,Mexico,Accessories,Monitor Arm,Consumer,4,103.70,33.36,414.80,133.44,281.36,,Delivered,0
12200,2024-09-15,C1204,AMER,Brazil,Hardware,Mechanical Keyboard,Enterprise,10,138.34,49.86,1383.40,498.60,884.80,0.00,Delivered,0
10444,2024-09-16,C1071,EMEA,United Kingdom,Hardware,Mechanical Keyboard,SMB,4,138.85,49.66,555.40,198.64,356.76,0.00,Shipped,0
11435,2024-09-16,C1158,AMER,Brazil,Services,Priority Support,Mid-Market,8,201.86,37.54,1372.65,300.32,1072.33,0.15,Delivered,0
11469,2024-09-16,C1154,APAC,South Korea,Services,Custom Integration,Mid-Market,3,1298.50,414.15,3895.50,1242.45,2653.05,0.00,Delivered,0
12575,2024-09-16,C1192,AMER,United States,Accessories,Monitor Arm,Enterprise,20,96.15,32.19,1923.00,643.80,1279.20,0.00,Delivered,1
10581,2024-09-17,C1097,AMER,Canada,Hardware,Webcam HD,SMB,7,87.16,31.39,610.12,219.73,390.39,0.00,Delivered,0
10703,2024-09-17,C1100,EMEA,Finland,Accessories,Cable Set,SMB,4,16.20,4.52,64.80,18.08,46.72,0.00,Delivered,0
10812,2024-09-17,C1287,EMEA,Netherlands,Hardware,Webcam HD,Consumer,2,85.00,32.45,170.00,64.90,105.10,,Delivered,0
10885,2024-09-17,C1217,EMEA,United Kingdom,Accessories,Cable Set,Consumer,2,15.44,4.30,30.88,8.60,22.28,0.00,Delivered,0
11242,2024-09-17,C1045,APAC,India,Accessories,Desk Mat,SMB,1,27.99,6.08,27.99,6.08,21.91,0.00,Delivered,0
11827,2024-09-17,C1201,EMEA,Finland,Services,Custom Integration,Enterprise,16,1374.15,408.10,21986.40,6529.60,15456.80,,Shipped,0
12296,2024-09-17,C1183,AMER,Mexico,Software,Cloud Backup 1TB,Enterprise,9,66.51,7.03,598.59,63.27,535.32,0.00,Shipped,0
12737,2024-09-17,C1008,EMEA,United Kingdom,Accessories,Monitor Arm,SMB,4,99.55,34.85,298.65,139.40,159.25,0.25,Shipped,0
10265,2024-09-18,C1061,AMER,United States,Services,Custom Integration,SMB,5,1420.42,409.69,7102.10,2048.45,5053.65,0.00,Pending,0
11136,2024-09-18,C1278,EMEA,Finland,Accessories,Monitor Arm,Consumer,3,95.23,34.99,285.69,104.97,180.72,0.00,Delivered,0
12878,2024-09-18,C1070,AMER,Canada,Accessories,Cable Set,SMB,8,16.11,4.40,128.88,35.20,93.68,0.00,Cancelled,0
10608,2024-09-19,C1108,AMER,United States,Hardware,Mechanical Keyboard,SMB,7,142.47,50.03,797.83,350.21,447.62,0.20,Delivered,0
10740,2024-09-19,C1214,APAC,India,Software,VPN Annual,Consumer,1,41.76,3.20,41.76,3.20,38.56,0.00,Pending,0
10731,2024-09-20,C1207,APAC,India,Hardware,Mechanical Keyboard,Enterprise,12,136.23,48.08,1634.76,576.96,1057.80,0.00,Delivered,0
10571,2024-09-21,C1218,AMER,Canada,Hardware,"27"" Monitor",Consumer,1,343.55,138.30,343.55,138.30,205.25,0.00,Delivered,1
11797,2024-09-21,C1145,EMEA,Finland,Hardware,Mechanical Keyboard,Mid-Market,9,144.09,51.18,1102.29,460.62,641.67,0.15,Cancelled,0
11810,2024-09-21,C1166,EMEA,Spain,Hardware,Webcam HD,Mid-Market,2,93.49,33.04,177.63,66.08,111.55,0.05,Delivered,0
12840,2024-09-21,C1201,AMER,Brazil,Hardware,Laptop Stand,Enterprise,6,49.00,14.85,249.90,89.10,160.80,0.15,Delivered,0
10868,2024-09-22,C1072,EMEA,Netherlands,Software,VPN Annual,SMB,2,45.56,3.04,91.12,6.08,85.04,0.00,Delivered,0
11430,2024-09-22,C1210,AMER,Canada,Hardware,Docking Station,Enterprise,12,235.77,88.71,2829.24,1064.52,1764.72,0.00,Delivered,0
10453,2024-09-23,C1306,AMER,Mexico,Hardware,USB-C Hub,Consumer,1,53.05,21.67,53.05,21.67,31.38,0.00,Delivered,0
11246,2024-09-23,C1182,APAC,India,Software,Analytics Platform,Enterprise,13,462.45,37.39,6011.85,486.07,5525.78,0.00,Delivered,1
11822,2024-09-23,C1187,APAC,Singapore,Software,Cloud Backup 1TB,Enterprise,16,68.73,6.88,1099.68,110.08,989.60,0.00,Delivered,0
10262,2024-09-24,C1060,EMEA,United Kingdom,Hardware,Laptop Stand,SMB,7,47.38,14.81,331.66,103.67,227.99,0.00,Delivered,0
10050,2024-09-25,C1144,EMEA,Finland,Accessories,Cable Set,Mid-Market,11,16.89,4.31,157.92,47.41,110.51,0.15,Delivered,0
11700,2024-09-25,C1185,EMEA,Germany,Software,Analytics Platform,Enterprise,19,436.85,36.97,7885.14,702.43,7182.71,0.05,Delivered,0
11734,2024-09-25,C1134,EMEA,Germany,Software,VPN Annual,Mid-Market,6,44.54,3.26,267.24,19.56,247.68,0.00,Delivered,0
12119,2024-09-25,C1128,AMER,Mexico,Hardware,Mechanical Keyboard,Mid-Market,2,142.04,50.02,284.08,100.04,184.04,0.00,Delivered,0
12479,2024-09-25,C1237,EMEA,Spain,Services,Priority Support,Consumer,3,211.18,37.19,633.54,111.57,521.97,0.00,Delivered,0
12771,2024-09-25,C1203,AMER,Brazil,Services,Onboarding Workshop,Enterprise,20,545.23,146.46,10904.60,2929.20,7975.40,,Delivered,0
11022,2024-09-26,C1071,EMEA,Sweden,Accessories,Cable Set,SMB,6,16.40,4.36,98.40,26.16,72.24,0.00,Delivered,0
11335,2024-09-26,C1111,EMEA,United Kingdom,Accessories,Carry Sleeve,SMB,2,33.38,7.98,66.76,15.96,50.80,0.00,Delivered,0
10383,2024-09-27,C1310,EMEA,Netherlands,Accessories,Monitor Arm,Consumer,3,100.89,35.30,302.67,105.90,196.77,,Delivered,0
10508,2024-09-27,C1035,AMER,Brazil,Software,Editor Pro License,SMB,1,109.52,9.83,109.52,9.83,99.69,0.00,Delivered,0
10786,2024-09-27,C1055,EMEA,Netherlands,Services,Training Course,SMB,5,379.26,84.04,1896.30,420.20,1476.10,0.00,Delivered,0
11002,2024-09-27,C1025,AMER,Brazil,Accessories,Desk Mat,SMB,8,25.32,6.15,202.56,49.20,153.36,0.00,Delivered,0
11160,2024-09-27,C1058,EMEA,Netherlands,Services,Priority Support,SMB,5,201.28,35.37,1006.40,176.85,829.55,0.00,Delivered,0
11180,2024-09-27,C1121,EMEA,Sweden,Services,Onboarding Workshop,Mid-Market,11,580.88,154.97,6389.68,1704.67,4685.01,0.00,Delivered,0
11466,2024-09-27,C1003,AMER,United States,Hardware,USB-C Hub,SMB,4,53.26,21.08,213.04,84.32,128.72,0.00,Pending,0
11785,2024-09-27,C1252,EMEA,Sweden,Hardware,Docking Station,Consumer,3,229.60,89.46,688.80,268.38,420.42,0.00,Shipped,0
10327,2024-09-28,C1228,EMEA,Germany,Hardware,Webcam HD,Consumer,1,91.88,32.37,91.88,32.37,59.51,0.00,Delivered,0
10423,2024-09-28,C1117,AMER,Canada,Services,Training Course,SMB,4,386.57,84.23,1546.28,336.92,1209.36,0.00,Delivered,0
11977,2024-09-28,C1094,AMER,Brazil,Software,Analytics Platform,SMB,7,441.58,34.21,3091.06,239.47,2851.59,0.00,Delivered,0
10947,2024-09-29,C1177,APAC,South Korea,Software,Analytics Platform,Mid-Market,6,420.64,36.24,2271.46,217.44,2054.02,0.10,Shipped,0
11146,2024-09-29,C1009,EMEA,Finland,Services,Training Course,SMB,8,399.03,88.79,3192.24,710.32,2481.92,0.00,Delivered,0
11357,2024-09-29,C1095,APAC,India,Services,Training Course,SMB,4,409.71,87.17,1638.84,348.68,1290.16,0.00,Delivered,0
12074,2024-09-29,C1048,APAC,Singapore,Accessories,Monitor Arm,SMB,2,100.30,35.38,200.60,70.76,129.84,0.00,Delivered,0
12164,2024-09-29,C1182,EMEA,Sweden,Accessories,Carry Sleeve,Enterprise,16,33.79,8.29,540.64,132.64,408.00,0.00,Delivered,0
12277,2024-09-29,C1183,AMER,United States,Hardware,Webcam HD,Enterprise,16,85.09,32.60,1361.44,521.60,839.84,0.00,Delivered,0
10082,2024-09-30,C1189,APAC,Australia,Accessories,Monitor Arm,Enterprise,19,102.39,33.21,1945.41,630.99,1314.42,0.00,Delivered,0
11201,2024-09-30,C1288,EMEA,Germany,Services,Training Course,Consumer,1,382.23,87.70,382.23,87.70,294.53,0.00,Delivered,0
11536,2024-09-30,C1204,APAC,Australia,Accessories,Carry Sleeve,Enterprise,17,33.18,8.36,564.06,142.12,421.94,0.00,Delivered,0
11796,2024-09-30,C1052,AMER,Brazil,Services,Custom Integration,SMB,3,1404.38,421.36,4213.14,1264.08,2949.06,0.00,Delivered,0
11860,2024-09-30,C1208,AMER,Mexico,Software,Editor Pro License,Enterprise,16,109.01,10.36,1744.16,165.76,1578.40,0.00,Delivered,0
10890,2024-10-01,C1182,APAC,Australia,Hardware,Docking Station,Enterprise,4,217.19,89.72,868.76,358.88,509.88,,Delivered,0
12414,2024-10-01,C1114,EMEA,Netherlands,Accessories,Carry Sleeve,SMB,2,30.56,8.51,61.12,17.02,44.10,0.00,Delivered,0
12465,2024-10-01,C1196,APAC,Singapore,Software,Editor Pro License,Enterprise,8,111.38,10.21,891.04,81.68,809.36,0.00,Delivered,0
10487,2024-10-02,C1187,EMEA,Germany,Software,Design Suite,Enterprise,14,265.20,28.02,3341.52,392.28,2949.24,0.10,Shipped,0
10613,2024-10-02,C1264,EMEA,United Kingdom,Accessories,Cable Set,Consumer,4,15.48,4.34,58.82,17.36,41.46,0.05,Delivered,0
10710,2024-10-02,C1154,EMEA,Germany,Accessories,Desk Mat,Mid-Market,12,27.91,6.42,334.92,77.04,257.88,0.00,Delivered,0
11538,2024-10-02,C1021,AMER,Mexico,Services,Priority Support,SMB,3,205.83,35.11,617.49,105.33,512.16,0.00,Cancelled,0
11800,2024-10-02,C1021,EMEA,United Kingdom,Services,Onboarding Workshop,SMB,3,532.24,144.50,1596.72,433.50,1163.22,0.00,Delivered,0
12140,2024-10-02,C1021,EMEA,United Kingdom,Software,Editor Pro License,SMB,6,108.52,9.78,651.12,58.68,592.44,0.00,Delivered,0
12504,2024-10-02,C1113,AMER,Mexico,Services,Onboarding Workshop,SMB,2,586.36,145.96,1172.72,291.92,880.80,0.00,Delivered,0
12611,2024-10-02,C1198,EMEA,Germany,Accessories,Cable Set,Enterprise,17,17.09,4.21,290.53,71.57,218.96,0.00,Delivered,0
10688,2024-10-03,C1206,AMER,Brazil,Services,Custom Integration,Enterprise,18,1336.50,434.74,24057.00,7825.32,16231.68,0.00,Shipped,0
10883,2024-10-03,C1236,AMER,Brazil,Hardware,Webcam HD,Consumer,1,83.91,31.73,71.32,31.73,39.59,0.15,Delivered,0
11465,2024-10-03,C1210,AMER,United States,Hardware,Docking Station,Enterprise,8,222.50,89.58,1513.00,716.64,796.36,0.15,Delivered,0
11503,2024-10-03,C1102,AMER,United States,Software,Editor Pro License,SMB,3,104.78,9.85,314.34,29.55,284.79,,Delivered,0
11602,2024-10-03,C1301,AMER,Brazil,Accessories,Desk Mat,Consumer,4,25.29,6.43,101.16,25.72,75.44,0.00,Delivered,0
12234,2024-10-03,C1242,EMEA,Spain,Services,Custom Integration,Consumer,1,1338.88,438.17,1338.88,438.17,900.71,0.00,Delivered,1
12536,2024-10-03,C1154,APAC,Japan,Software,Editor Pro License,Mid-Market,6,111.43,9.83,568.29,58.98,509.31,0.15,Delivered,0
12845,2024-10-03,C1195,EMEA,United Kingdom,Hardware,Mechanical Keyboard,Enterprise,18,149.97,48.34,2429.51,870.12,1559.39,0.10,Delivered,0
10032,2024-10-04,C1264,EMEA,Spain,Hardware,"27"" Monitor",Consumer,4,378.31,134.87,1513.24,539.48,973.76,0.00,Delivered,0
11055,2024-10-04,C1284,AMER,Brazil,Software,Analytics Platform,Consumer,3,421.93,36.40,1265.79,109.20,1156.59,0.00,Delivered,0
12073,2024-10-05,C1192,APAC,Japan,Software,VPN Annual,Enterprise,4,46.08,3.13,165.89,12.52,153.37,0.10,Delivered,0
12236,2024-10-05,C1270,EMEA,Finland,Hardware,Mechanical Keyboard,Consumer,1,149.67,47.38,149.67,47.38,102.29,0.00,Delivered,0
10230,2024-10-06,C1171,EMEA,Germany,Services,Custom Integration,Mid-Market,4,1405.83,411.10,5623.32,1644.40,3978.92,0.00,Delivered,0
11789,2024-10-06,C1192,EMEA,Sweden,Services,Custom Integration,Enterprise,8,1362.78,437.67,10902.24,3501.36,7400.88,0.00,Delivered,1
12747,2024-10-06,C1189,APAC,Singapore,Accessories,Carry Sleeve,Enterprise,19,33.05,7.89,627.95,149.91,478.04,0.00,Delivered,0
12773,2024-10-06,C1129,EMEA,Sweden,Accessories,Desk Mat,Mid-Market,6,27.25,6.40,163.50,38.40,125.10,0.00,Delivered,0
11030,2024-10-07,C1181,EMEA,Germany,Hardware,USB-C Hub,Enterprise,14,58.97,20.85,825.58,291.90,533.68,0.00,Shipped,0
11213,2024-10-07,C1188,AMER,Mexico,Software,VPN Annual,Enterprise,8,45.08,3.03,360.64,24.24,336.40,0.00,Delivered,0
11995,2024-10-07,C1172,AMER,Canada,Hardware,Docking Station,Mid-Market,7,232.22,90.75,1625.54,635.25,990.29,0.00,Delivered,0
12594,2024-10-07,C1190,EMEA,Spain,Software,Design Suite,Enterprise,12,292.56,27.32,3510.72,327.84,3182.88,0.00,Delivered,0
10681,2024-10-08,C1040,EMEA,United Kingdom,Accessories,Desk Mat,SMB,5,27.58,6.31,103.42,31.55,71.87,0.25,Delivered,0
11219,2024-10-08,C1254,AMER,Canada,Hardware,USB-C Hub,Consumer,1,58.95,21.97,58.95,21.97,36.98,0.00,Delivered,0
12013,2024-10-08,C1009,EMEA,Germany,Services,Custom Integration,SMB,8,1382.11,418.87,11056.88,3350.96,7705.92,0.00,Delivered,0
12194,2024-10-08,C1181,EMEA,France,Software,Analytics Platform,Enterprise,3,464.39,36.92,1393.17,110.76,1282.41,0.00,Delivered,0
10128,2024-10-09,C1183,AMER,Mexico,Software,Cloud Backup 1TB,Enterprise,4,65.89,6.87,263.56,27.48,236.08,0.00,Delivered,0
10560,2024-10-09,C1119,APAC,Singapore,Services,Training Course,SMB,7,402.24,90.88,2815.68,636.16,2179.52,0.00,Delivered,1
11420,2024-10-09,C1125,AMER,Canada,Services,Priority Support,Mid-Market,2,204.80,36.32,409.60,72.64,336.96,0.00,Pending,0
11834,2024-10-09,C1169,AMER,Brazil,Accessories,Monitor Arm,Mid-Market,10,97.10,32.62,971.00,326.20,644.80,0.00,Delivered,0
11907,2024-10-09,C1068,EMEA,United Kingdom,Accessories,Cable Set,SMB,8,16.47,4.56,131.76,36.48,95.28,,Delivered,0
12564,2024-10-09,C1052,EMEA,Spain,Accessories,Cable Set,SMB,3,15.38,4.53,46.14,13.59,32.55,0.00,Delivered,0
12909,2024-10-09,C1129,AMER,Brazil,Software,Analytics Platform,Mid-Market,10,429.51,34.39,3865.59,343.90,3521.69,0.10,Delivered,0
10820,2024-10-10,C1284,AMER,Brazil,Hardware,Mechanical Keyboard,Consumer,1,143.76,47.06,143.76,47.06,96.70,0.00,Delivered,0
11138,2024-10-10,C1134,EMEA,Finland,Hardware,"27"" Monitor",Mid-Market,6,356.33,146.87,1924.18,881.22,1042.96,0.10,Delivered,0
11674,2024-10-10,C1050,AMER,Canada,Software,Editor Pro License,SMB,6,117.18,9.64,632.77,57.84,574.93,0.10,Delivered,1
12156,2024-10-10,C1069,AMER,Brazil,Accessories,Carry Sleeve,SMB,5,34.35,8.28,171.75,41.40,130.35,0.00,Delivered,0
12204,2024-10-10,C1096,AMER,Mexico,Services,Onboarding Workshop,SMB,2,582.35,155.79,1164.70,311.58,853.12,,Delivered,0
12404,2024-10-10,C1240,EMEA,France,Software,Design Suite,Consumer,4,289.06,27.17,1156.24,108.68,1047.56,0.00,Delivered,0
12494,2024-10-10,C1126,AMER,Brazil,Software,Editor Pro License,Mid-Market,11,106.53,9.85,1171.83,108.35,1063.48,0.00,Delivered,0
12822,2024-10-10,C1151,EMEA,Finland,Software,Analytics Platform,Mid-Market,7,443.29,34.34,3103.03,240.38,2862.65,0.00,Delivered,0
10484,2024-10-11,C1161,AMER,Mexico,Hardware,Mechanical Keyboard,Mid-Market,7,149.07,50.86,1043.49,356.02,687.47,0.00,Delivered,0
12144,2024-10-11,C1099,EMEA,Finland,Hardware,"27"" Monitor",SMB,6,358.27,141.57,2149.62,849.42,1300.20,,Delivered,1
12349,2024-10-11,C1125,AMER,Brazil,Hardware,Mechanical Keyboard,Mid-Market,4,143.19,50.38,572.76,201.52,371.24,0.00,Delivered,0
12842,2024-10-11,C1297,AMER,Mexico,Hardware,Docking Station,Consumer,2,218.14,92.60,436.28,185.20,251.08,0.00,Delivered,0
10430,2024-10-12,C1073,AMER,Mexico,Hardware,Mechanical Keyboard,SMB,8,141.84,50.37,1134.72,402.96,731.76,0.00,Delivered,0
10888,2024-10-12,C1184,EMEA,Netherlands,Accessories,Monitor Arm,Enterprise,17,103.60,33.62,1761.20,571.54,1189.66,0.00,Delivered,0
11333,2024-10-12,C1020,AMER,Brazil,Services,Custom Integration,SMB,5,1386.93,402.57,6934.65,2012.85,4921.80,0.00,Delivered,0
11853,2024-10-12,C1053,AMER,Canada,Software,Design Suite,SMB,2,279.08,28.07,558.16,56.14,502.02,0.00,Delivered,0
12906,2024-10-13,C1146,EMEA,Spain,Services,Custom Integration,Mid-Market,11,1352.62,406.08,14878.82,4466.88,10411.94,0.00,Delivered,0
12993,2024-10-13,C1309,AMER,United States,Services,Training Course,Consumer,1,376.31,83.32,357.49,83.32,274.17,0.05,Delivered,0
11701,2024-10-14,C1194,APAC,Japan,Accessories,Carry Sleeve,Enterprise,10,32.48,7.80,324.80,78.00,246.80,0.00,Delivered,0
12248,2024-10-14,C1246,AMER,Canada,Hardware,Docking Station,Consumer,2,222.94,92.73,401.29,185.46,215.83,0.10,Delivered,0
12464,2024-10-14,C1175,APAC,Singapore,Services,Priority Support,Mid-Market,5,208.68,37.22,1043.40,186.10,857.30,0.00,Delivered,0
10921,2024-10-15,C1139,APAC,Australia,Accessories,Carry Sleeve,Mid-Market,12,31.02,8.42,372.24,101.04,271.20,0.00,Cancelled,0
11775,2024-10-15,C1199,AMER,Mexico,Hardware,Laptop Stand,Enterprise,12,48.53,16.14,582.36,193.68,388.68,0.00,Delivered,0
12050,2024-10-15,C1024,EMEA,Finland,Software,Cloud Backup 1TB,SMB,3,68.96,6.76,206.88,20.28,186.60,0.00,Delivered,0
12055,2024-10-15,C1162,EMEA,Netherlands,Software,Design Suite,Mid-Market,9,280.41,26.93,2523.69,242.37,2281.32,0.00,Delivered,0
12107,2024-10-15,C1073,EMEA,Sweden,Services,Custom Integration,SMB,8,1387.24,431.84,11097.92,3454.72,7643.20,0.00,Delivered,0
12174,2024-10-15,C1139,EMEA,France,Accessories,Desk Mat,Mid-Market,12,26.90,6.10,322.80,73.20,249.60,0.00,Delivered,0
10488,2024-10-16,C1200,APAC,South Korea,Software,Cloud Backup 1TB,Enterprise,8,63.89,6.89,511.12,55.12,456.00,0.00,Delivered,0
10693,2024-10-16,C1158,EMEA,France,Hardware,"27"" Monitor",Mid-Market,4,362.43,140.99,1449.72,563.96,885.76,0.00,Shipped,0
11526,2024-10-16,C1241,EMEA,Finland,Services,Onboarding Workshop,Consumer,2,569.11,148.83,853.66,297.66,556.00,0.25,Delivered,0
12026,2024-10-16,C1131,APAC,Japan,Hardware,"27"" Monitor",Mid-Market,12,356.74,134.59,4280.88,1615.08,2665.80,0.00,Delivered,0
12633,2024-10-16,C1307,APAC,India,Software,Editor Pro License,Consumer,3,113.85,9.81,341.55,29.43,312.12,0.00,Delivered,0
10030,2024-10-17,C1094,AMER,Mexico,Hardware,"27"" Monitor",SMB,3,373.03,137.02,1119.09,411.06,708.03,0.00,Delivered,0
10528,2024-10-17,C1083,AMER,United States,Hardware,"27"" Monitor",SMB,8,362.00,146.43,2896.00,1171.44,1724.56,0.00,Delivered,0
11844,2024-10-17,C1166,AMER,Mexico,Accessories,Carry Sleeve,Mid-Market,3,33.50,8.43,100.50,25.29,75.21,0.00,Delivered,0
12274,2024-10-17,C1032,AMER,Brazil,Hardware,"27"" Monitor",SMB,2,347.31,135.41,694.62,270.82,423.80,0.00,Delivered,0
12500,2024-10-18,C1098,EMEA,France,Software,Cloud Backup 1TB,SMB,3,63.02,6.93,189.06,20.79,168.27,0.00,Delivered,0
10443,2024-10-19,C1166,APAC,Japan,Software,Design Suite,Mid-Market,10,263.35,26.09,2106.80,260.90,1845.90,0.20,Delivered,0
10707,2024-10-19,C1133,EMEA,United Kingdom,Hardware,Webcam HD,Mid-Market,10,86.15,32.25,818.42,322.50,495.92,0.05,Delivered,0
12283,2024-10-19,C1015,AMER,Canada,Software,Analytics Platform,SMB,5,468.10,37.62,2340.50,188.10,2152.40,0.00,Delivered,0
12381,2024-10-19,C1178,EMEA,Sweden,Hardware,Laptop Stand,Mid-Market,12,49.91,15.50,598.92,186.00,412.92,0.00,Delivered,0
12772,2024-10-19,C1178,EMEA,Spain,Software,VPN Annual,Mid-Market,11,43.03,3.12,473.33,34.32,439.01,0.00,Pending,0
10083,2024-10-20,C1100,AMER,Canada,Hardware,Laptop Stand,SMB,7,47.41,14.93,298.68,104.51,194.17,0.10,Delivered,0
10167,2024-10-20,C1029,AMER,Canada,Services,Training Course,SMB,2,405.57,84.85,811.14,169.70,641.44,0.00,Delivered,0
10918,2024-10-20,C1093,EMEA,France,Accessories,Carry Sleeve,SMB,4,31.01,8.03,111.64,32.12,79.52,0.10,Delivered,0
12154,2024-10-20,C1188,AMER,Canada,Hardware,Mechanical Keyboard,Enterprise,11,143.31,47.38,1576.41,521.18,1055.23,0.00,Delivered,0
12239,2024-10-20,C1025,EMEA,Netherlands,Services,Custom Integration,SMB,3,1291.31,416.18,3873.93,1248.54,2625.39,0.00,Delivered,0
12727,2024-10-20,C1063,AMER,Canada,Software,Cloud Backup 1TB,SMB,6,68.59,6.76,411.54,40.56,370.98,0.00,Pending,0
12921,2024-10-20,C1099,EMEA,Finland,Hardware,USB-C Hub,SMB,7,56.35,21.32,394.45,149.24,245.21,0.00,Delivered,1
10096,2024-10-21,C1193,EMEA,France,Accessories,Carry Sleeve,Enterprise,14,33.95,8.53,475.30,119.42,355.88,0.00,Delivered,0
10105,2024-10-21,C1096,AMER,Brazil,Software,Analytics Platform,SMB,3,458.28,37.10,1306.10,111.30,1194.80,0.05,Delivered,0
10999,2024-10-21,C1129,AMER,Mexico,Accessories,Desk Mat,Mid-Market,8,26.68,6.28,213.44,50.24,163.20,0.00,Shipped,0
10084,2024-10-22,C1203,AMER,Canada,Accessories,Monitor Arm,Enterprise,8,95.78,33.36,766.24,266.88,499.36,0.00,Delivered,1
10474,2024-10-22,C1131,APAC,South Korea,Software,Cloud Backup 1TB,Mid-Market,7,64.26,6.90,449.82,48.30,401.52,0.00,Delivered,0
10506,2024-10-22,C1292,EMEA,United Kingdom,Software,Editor Pro License,Consumer,3,117.44,9.79,352.32,29.37,322.95,0.00,Delivered,0
10547,2024-10-22,C1102,AMER,United States,Software,Analytics Platform,SMB,3,445.59,36.78,1336.77,110.34,1226.43,0.00,Delivered,0
10691,2024-10-22,C1201,EMEA,France,Services,Training Course,Enterprise,4,386.06,91.64,1544.24,366.56,1177.68,0.00,Delivered,0
11813,2024-10-22,C1302,APAC,Singapore,Services,Custom Integration,Consumer,4,1355.86,415.68,5423.44,1662.72,3760.72,0.00,Delivered,0
11851,2024-10-22,C1208,EMEA,United Kingdom,Hardware,"27"" Monitor",Enterprise,18,339.86,136.47,6117.48,2456.46,3661.02,0.00,Delivered,0
12357,2024-10-22,C1163,EMEA,Sweden,Accessories,Carry Sleeve,Mid-Market,12,34.43,8.08,371.84,96.96,274.88,0.10,Cancelled,0
12788,2024-10-22,C1133,EMEA,Finland,Accessories,Cable Set,Mid-Market,4,15.39,4.42,61.56,17.68,43.88,0.00,Delivered,0
12879,2024-10-22,C1203,EMEA,Finland,Software,Editor Pro License,Enterprise,3,113.30,9.86,339.90,29.58,310.32,0.00,Delivered,0
11468,2024-10-23,C1027,EMEA,Netherlands,Services,Training Course,SMB,2,390.22,85.51,780.44,171.02,609.42,0.00,Pending,0
12456,2024-10-23,C1181,AMER,Canada,Hardware,Docking Station,Enterprise,14,216.47,95.06,2727.52,1330.84,1396.68,0.10,Delivered,0
12600,2024-10-23,C1123,AMER,Brazil,Accessories,Carry Sleeve,Mid-Market,6,32.04,8.18,192.24,49.08,143.16,0.00,Delivered,0
10564,2024-10-24,C1221,EMEA,Netherlands,Hardware,USB-C Hub,Consumer,3,59.01,21.75,177.03,65.25,111.78,0.00,Pending,0
11843,2024-10-24,C1152,EMEA,France,Software,VPN Annual,Mid-Market,10,42.21,3.09,358.79,30.90,327.89,0.15,Delivered,0
11929,2024-10-24,C1173,APAC,Japan,Services,Onboarding Workshop,Mid-Market,11,538.62,147.96,4443.61,1627.56,2816.05,0.25,Delivered,0
12740,2024-10-24,C1147,EMEA,United Kingdom,Hardware,"27"" Monitor",Mid-Market,2,353.06,140.04,529.59,280.08,249.51,0.25,Delivered,0
12956,2024-10-24,C1137,AMER,Mexico,Accessories,Carry Sleeve,Mid-Market,6,33.07,8.17,198.42,49.02,149.40,0.00,Delivered,0
11052,2024-10-25,C1026,AMER,United States,Hardware,Mechanical Keyboard,SMB,3,150.13,47.31,450.39,141.93,308.46,,Delivered,0
11611,2024-10-25,C1038,EMEA,Spain,Accessories,Desk Mat,SMB,7,26.77,5.98,187.39,41.86,145.53,0.00,Pending,0
11916,2024-10-25,C1158,APAC,Singapore,Hardware,"27"" Monitor",Mid-Market,6,366.06,146.30,2196.36,877.80,1318.56,0.00,Delivered,0
12379,2024-10-25,C1301,EMEA,Germany,Software,VPN Annual,Consumer,1,41.12,3.16,39.06,3.16,35.90,0.05,Delivered,0
10518,2024-10-26,C1135,APAC,Japan,Accessories,Cable Set,Mid-Market,3,16.95,4.46,50.85,13.38,37.47,0.00,Delivered,0
10931,2024-10-26,C1171,EMEA,France,Services,Onboarding Workshop,Mid-Market,10,581.83,145.79,5818.30,1457.90,4360.40,0.00,Pending,0
11228,2024-10-26,C1216,EMEA,Sweden,Services,Priority Support,Consumer,1,190.70,36.98,190.70,36.98,153.72,0.00,Delivered,0
12407,2024-10-26,C1018,AMER,Canada,Services,Custom Integration,SMB,6,1418.10,413.16,8508.60,2478.96,6029.64,0.00,Delivered,0
10197,2024-10-27,C1184,APAC,Australia,Hardware,Webcam HD,Enterprise,11,87.71,31.94,964.81,351.34,613.47,0.00,Shipped,0
11199,2024-10-27,C1181,EMEA,United Kingdom,Software,Design Suite,Enterprise,12,276.24,26.66,3314.88,319.92,2994.96,0.00,Delivered,0
11514,2024-10-27,C1094,AMER,Mexico,Accessories,Carry Sleeve,SMB,2,34.17,8.12,68.34,16.24,52.10,0.00,Delivered,0
11725,2024-10-27,C1198,EMEA,Finland,Hardware,USB-C Hub,Enterprise,10,57.26,21.59,543.97,215.90,328.07,0.05,Delivered,0
11784,2024-10-27,C1088,AMER,Mexico,Hardware,Webcam HD,SMB,7,89.72,31.68,628.04,221.76,406.28,0.00,Delivered,0
12403,2024-10-27,C1139,EMEA,France,Services,Custom Integration,Mid-Market,12,1365.61,430.57,16387.32,5166.84,11220.48,0.00,Delivered,0
10819,2024-10-28,C1195,EMEA,Sweden,Accessories,Cable Set,Enterprise,18,16.99,4.23,305.82,76.14,229.68,0.00,Delivered,0
11244,2024-10-28,C1197,APAC,Singapore,Software,Design Suite,Enterprise,4,280.70,26.03,1122.80,104.12,1018.68,,Delivered,0
12323,2024-10-28,C1188,EMEA,Finland,Services,Onboarding Workshop,Enterprise,5,552.88,152.25,2764.40,761.25,2003.15,0.00,Delivered,0
12427,2024-10-28,C1075,EMEA,Finland,Software,VPN Annual,SMB,8,42.00,3.14,336.00,25.12,310.88,,Delivered,0
12920,2024-10-28,C1133,APAC,Japan,Hardware,"27"" Monitor",Mid-Market,3,349.00,142.17,1047.00,426.51,620.49,0.00,Delivered,0
10176,2024-10-29,C1200,EMEA,Netherlands,Hardware,Docking Station,Enterprise,11,215.75,87.41,2135.93,961.51,1174.42,0.10,Delivered,0
10264,2024-10-29,C1264,EMEA,Finland,Hardware,Webcam HD,Consumer,3,92.94,32.27,223.06,96.81,126.25,0.20,Delivered,0
10279,2024-10-29,C1111,EMEA,United Kingdom,Accessories,Carry Sleeve,SMB,5,32.64,7.90,163.20,39.50,123.70,0.00,Delivered,0
10526,2024-10-29,C1189,AMER,Canada,Hardware,Docking Station,Enterprise,3,213.89,92.48,641.67,277.44,364.23,0.00,Pending,0
10917,2024-10-29,C1138,EMEA,Spain,Hardware,Docking Station,Mid-Market,8,218.97,88.07,1751.76,704.56,1047.20,0.00,Delivered,0
11070,2024-10-29,C1100,AMER,Brazil,Hardware,Laptop Stand,SMB,1,51.23,15.10,51.23,15.10,36.13,0.00,Delivered,0
10263,2024-10-30,C1122,AMER,Canada,Accessories,Cable Set,Mid-Market,3,16.58,4.51,49.74,13.53,36.21,0.00,Delivered,0
11381,2024-10-30,C1091,EMEA,Germany,Accessories,Carry Sleeve,SMB,3,31.12,8.33,93.36,24.99,68.37,0.00,Delivered,0
12375,2024-10-30,C1305,AMER,Mexico,Hardware,Docking Station,Consumer,3,222.76,88.62,668.28,265.86,402.42,0.00,Delivered,0
12939,2024-10-30,C1208,AMER,Canada,Hardware,Laptop Stand,Enterprise,4,49.66,15.53,198.64,62.12,136.52,0.00,Pending,0
11080,2024-10-31,C1206,AMER,Brazil,Hardware,"27"" Monitor",Enterprise,16,365.62,135.87,5849.92,2173.92,3676.00,0.00,Delivered,0
11486,2024-10-31,C1136,APAC,India,Hardware,Mechanical Keyboard,Mid-Market,8,146.75,49.64,1174.00,397.12,776.88,0.00,Pending,0
11747,2024-10-31,C1243,AMER,United States,Hardware,Mechanical Keyboard,Consumer,4,138.35,46.61,553.40,186.44,366.96,0.00,Delivered,0
12058,2024-10-31,C1064,EMEA,Sweden,Hardware,Webcam HD,SMB,1,85.56,30.41,85.56,30.41,55.15,0.00,Delivered,0
12243,2024-10-31,C1247,EMEA,Sweden,Hardware,Webcam HD,Consumer,4,87.63,33.38,350.52,133.52,217.00,,Delivered,0
12981,2024-10-31,C1186,AMER,Canada,Software,Editor Pro License,Enterprise,4,108.18,9.71,432.72,38.84,393.88,0.00,Delivered,1
10605,2024-11-01,C1145,EMEA,France,Accessories,Carry Sleeve,Mid-Market,8,30.97,8.45,247.76,67.60,180.16,0.00,Delivered,0
10758,2024-11-01,C1171,APAC,Australia,Software,VPN Annual,Mid-Market,3,42.14,3.27,126.42,9.81,116.61,0.00,Delivered,0
10830,2024-11-01,C1253,EMEA,Sweden,Hardware,"27"" Monitor",Consumer,2,368.12,144.27,699.43,288.54,410.89,0.05,Delivered,0
11090,2024-11-01,C1173,EMEA,United Kingdom,Accessories,Monitor Arm,Mid-Market,12,102.30,35.13,1227.60,421.56,806.04,0.00,Delivered,0
11331,2024-11-01,C1172,EMEA,Sweden,Accessories,Carry Sleeve,Mid-Market,3,32.29,8.39,96.87,25.17,71.70,0.00,Delivered,0
11877,2024-11-01,C1200,EMEA,Netherlands,Hardware,Webcam HD,Enterprise,13,90.72,32.43,1179.36,421.59,757.77,0.00,Shipped,0
10110,2024-11-02,C1023,AMER,Mexico,Accessories,Carry Sleeve,SMB,5,30.66,7.97,153.30,39.85,113.45,0.00,Delivered,0
10143,2024-11-02,C1131,APAC,India,Software,Editor Pro License,Mid-Market,10,109.35,9.70,1093.50,97.00,996.50,0.00,Delivered,0
10829,2024-11-02,C1036,EMEA,Germany,Hardware,Webcam HD,SMB,3,86.50,30.61,207.60,91.83,115.77,0.20,Delivered,0
10855,2024-11-02,C1146,AMER,Canada,Hardware,"27"" Monitor",Mid-Market,7,348.61,138.63,2440.27,970.41,1469.86,0.00,Delivered,0
11763,2024-11-02,C1131,EMEA,Sweden,Accessories,Desk Mat,Mid-Market,12,26.89,6.10,322.68,73.20,249.48,,Delivered,0
11787,2024-11-02,C1106,EMEA,France,Software,Analytics Platform,SMB,1,448.16,37.48,403.34,37.48,365.86,0.10,Delivered,0
10349,2024-11-03,C1093,AMER,Brazil,Services,Training Course,SMB,1,397.26,91.80,397.26,91.80,305.46,0.00,Delivered,0
10585,2024-11-03,C1009,EMEA,Finland,Accessories,Monitor Arm,SMB,1,103.76,34.29,103.76,34.29,69.47,0.00,Cancelled,0
10927,2024-11-03,C1196,APAC,Australia,Hardware,Laptop Stand,Enterprise,7,46.39,14.65,292.26,102.55,189.71,0.10,Shipped,0
11330,2024-11-03,C1203,EMEA,Spain,Hardware,Docking Station,Enterprise,4,234.25,95.08,890.15,380.32,509.83,0.05,Delivered,0
12279,2024-11-03,C1157,AMER,United States,Software,Cloud Backup 1TB,Mid-Market,3,69.42,6.81,197.85,20.43,177.42,0.05,Delivered,0
12373,2024-11-03,C1306,EMEA,Finland,Accessories,Cable Set,Consumer,4,16.69,4.17,66.76,16.68,50.08,0.00,Delivered,0
11626,2024-11-04,C1151,AMER,Brazil,Hardware,Webcam HD,Mid-Market,4,85.03,30.50,340.12,122.00,218.12,0.00,Pending,0
12195,2024-11-04,C1241,EMEA,France,Hardware,USB-C Hub,Consumer,2,54.91,21.20,109.82,42.40,67.42,0.00,Delivered,0
12745,2024-11-04,C1307,EMEA,Sweden,Hardware,Docking Station,Consumer,3,220.85,95.46,662.55,286.38,376.17,0.00,Delivered,1
10499,2024-11-05,C1298,AMER,Brazil,Hardware,Mechanical Keyboard,Consumer,4,149.81,51.26,599.24,205.04,394.20,0.00,Delivered,0
10635,2024-11-05,C1053,AMER,Brazil,Software,Editor Pro License,SMB,7,106.24,9.46,594.94,66.22,528.72,0.20,Delivered,0
10867,2024-11-05,C1147,AMER,Mexico,Software,Editor Pro License,Mid-Market,2,105.67,9.72,211.34,19.44,191.90,0.00,Delivered,0
12595,2024-11-05,C1294,EMEA,United Kingdom,Software,Analytics Platform,Consumer,1,421.98,36.94,421.98,36.94,385.04,0.00,Cancelled,0
12960,2024-11-05,C1170,AMER,Brazil,Software,Analytics Platform,Mid-Market,4,441.68,34.15,1766.72,136.60,1630.12,0.00,Delivered,0
12971,2024-11-05,C1163,AMER,Brazil,Hardware,Mechanical Keyboard,Mid-Market,3,141.10,49.75,423.30,149.25,274.05,0.00,Delivered,0
10159,2024-11-06,C1187,APAC,South Korea,Hardware,Laptop Stand,Enterprise,14,49.13,16.07,687.82,224.98,462.84,0.00,Delivered,0
10316,2024-11-06,C1188,AMER,Canada,Services,Priority Support,Enterprise,3,199.23,36.41,597.69,109.23,488.46,0.00,Delivered,0
11548,2024-11-06,C1073,AMER,Canada,Hardware,Laptop Stand,SMB,3,49.29,14.69,147.87,44.07,103.80,0.00,Delivered,0
12319,2024-11-06,C1175,EMEA,Germany,Services,Training Course,Mid-Market,9,388.64,89.97,3497.76,809.73,2688.03,0.00,Cancelled,0
12401,2024-11-06,C1074,EMEA,France,Services,Custom Integration,SMB,2,1341.35,404.52,2146.16,809.04,1337.12,0.20,Delivered,0
12607,2024-11-06,C1200,APAC,South Korea,Services,Training Course,Enterprise,14,373.28,86.81,5225.92,1215.34,4010.58,,Delivered,0
10450,2024-11-07,C1023,EMEA,France,Accessories,Desk Mat,SMB,3,26.25,6.02,63.00,18.06,44.94,0.20,Delivered,0
11096,2024-11-07,C1154,APAC,Australia,Software,Editor Pro License,Mid-Market,9,106.01,9.90,954.09,89.10,864.99,0.00,Delivered,0
11101,2024-11-07,C1232,AMER,United States,Software,Design Suite,Consumer,3,267.02,28.09,680.90,84.27,596.63,0.15,Delivered,0
12340,2024-11-07,C1045,AMER,Brazil,Services,Priority Support,SMB,1,197.77,35.10,197.77,35.10,162.67,0.00,Delivered,0
12341,2024-11-07,C1300,APAC,Australia,Services,Priority Support,Consumer,1,193.85,36.29,193.85,36.29,157.56,,Shipped,0
12433,2024-11-07,C1142,EMEA,Netherlands,Hardware,Mechanical Keyboard,Mid-Market,11,152.34,50.81,1675.74,558.91,1116.83,0.00,Shipped,0
12493,2024-11-07,C1068,APAC,South Korea,Software,VPN Annual,SMB,8,45.52,2.97,364.16,23.76,340.40,0.00,Delivered,0
12637,2024-11-07,C1002,AMER,Brazil,Services,Training Course,SMB,8,402.27,85.67,2413.62,685.36,1728.26,0.25,Delivered,0
10774,2024-11-08,C1301,EMEA,Netherlands,Accessories,Carry Sleeve,Consumer,4,33.28,8.15,133.12,32.60,100.52,0.00,Cancelled,0
11932,2024-11-08,C1105,AMER,United States,Accessories,Monitor Arm,SMB,5,94.91,35.10,474.55,175.50,299.05,0.00,Delivered,0
11945,2024-11-08,C1197,APAC,Singapore,Accessories,Monitor Arm,Enterprise,8,99.80,33.58,798.40,268.64,529.76,0.00,Delivered,0
12040,2024-11-08,C1135,AMER,Canada,Software,Design Suite,Mid-Market,8,294.73,28.65,1886.27,229.20,1657.07,0.20,Delivered,0
11887,2024-11-09,C1128,AMER,Canada,Software,Design Suite,Mid-Market,11,283.17,28.75,2491.90,316.25,2175.65,0.20,Delivered,0
12614,2024-11-09,C1273,EMEA,Netherlands,Accessories,Cable Set,Consumer,3,15.37,4.56,46.11,13.68,32.43,0.00,Delivered,0
12977,2024-11-09,C1170,EMEA,Sweden,Hardware,Mechanical Keyboard,Mid-Market,3,152.31,50.02,456.93,150.06,306.87,0.00,Pending,0
10334,2024-11-10,C1076,AMER,Mexico,Accessories,Carry Sleeve,SMB,1,32.12,7.89,32.12,7.89,24.23,,Shipped,0
10341,2024-11-10,C1185,EMEA,Netherlands,Services,Onboarding Workshop,Enterprise,20,526.74,143.64,10534.80,2872.80,7662.00,0.00,Delivered,0
10491,2024-11-10,C1034,APAC,South Korea,Accessories,Monitor Arm,SMB,7,93.76,34.82,656.32,243.74,412.58,0.00,Delivered,0
10934,2024-11-10,C1283,EMEA,Finland,Hardware,"27"" Monitor",Consumer,4,368.93,142.95,1475.72,571.80,903.92,0.00,Delivered,1
11037,2024-11-10,C1027,EMEA,Finland,Accessories,Desk Mat,SMB,3,27.50,6.00,82.50,18.00,64.50,0.00,Delivered,0
12430,2024-11-10,C1148,AMER,Canada,Software,Design Suite,Mid-Market,8,279.07,26.56,2232.56,212.48,2020.08,0.00,Delivered,0
12798,2024-11-10,C1217,EMEA,Spain,Hardware,USB-C Hub,Consumer,2,55.53,20.63,111.06,41.26,69.80,0.00,Delivered,0
10046,2024-11-11,C1203,APAC,Japan,Services,Priority Support,Enterprise,3,197.10,35.51,591.30,106.53,484.77,0.00,Shipped,0
10315,2024-11-11,C1186,EMEA,Finland,Accessories,Monitor Arm,Enterprise,10,95.85,34.19,958.50,341.90,616.60,,Delivered,0
10554,2024-11-11,C1202,EMEA,Netherlands,Hardware,Mechanical Keyboard,Enterprise,19,136.68,47.54,1947.69,903.26,1044.43,0.25,Shipped,0
10582,2024-11-11,C1185,EMEA,Germany,Hardware,Laptop Stand,Enterprise,13,48.64,16.02,632.32,208.26,424.06,0.00,Delivered,0
12658,2024-11-11,C1018,AMER,United States,Services,Custom Integration,SMB,6,1305.42,440.34,7832.52,2642.04,5190.48,0.00,Delivered,0
10182,2024-11-12,C1027,APAC,Singapore,Services,Custom Integration,SMB,2,1417.65,424.24,2126.48,848.48,1278.00,0.25,Delivered,0
11714,2024-11-12,C1190,APAC,Japan,Software,Analytics Platform,Enterprise,10,468.46,35.50,4684.60,355.00,4329.60,0.00,Delivered,0
11804,2024-11-12,C1183,EMEA,Netherlands,Hardware,Laptop Stand,Enterprise,7,50.44,14.89,353.08,104.23,248.85,0.00,Pending,0
12212,2024-11-12,C1163,EMEA,Germany,Software,Analytics Platform,Mid-Market,12,465.15,36.05,5023.62,432.60,4591.02,0.10,Shipped,0
12555,2024-11-12,C1145,EMEA,Spain,Services,Custom Integration,Mid-Market,5,1265.29,437.82,4744.84,2189.10,2555.74,0.25,Delivered,0
12632,2024-11-12,C1182,APAC,Australia,Services,Custom Integration,Enterprise,6,1288.11,408.71,7728.66,2452.26,5276.40,0.00,Delivered,0
12656,2024-11-12,C1020,AMER,Brazil,Accessories,Cable Set,SMB,1,16.78,4.16,12.59,4.16,8.43,0.25,Delivered,0
10414,2024-11-13,C1060,EMEA,Sweden,Accessories,Cable Set,SMB,8,16.16,4.20,96.96,33.60,63.36,0.25,Delivered,0
12189,2024-11-13,C1152,AMER,Canada,Hardware,Laptop Stand,Mid-Market,6,52.07,15.70,312.42,94.20,218.22,,Delivered,0
10035,2024-11-14,C1102,AMER,Brazil,Services,Priority Support,SMB,4,198.59,37.03,754.64,148.12,606.52,0.05,Delivered,0
10282,2024-11-14,C1145,EMEA,Sweden,Services,Priority Support,Mid-Market,6,208.65,36.58,1001.52,219.48,782.04,0.20,Delivered,0
10435,2024-11-14,C1132,EMEA,United Kingdom,Accessories,Monitor Arm,Mid-Market,4,105.04,35.02,420.16,140.08,280.08,0.00,Delivered,0
11003,2024-11-14,C1017,AMER,United States,Services,Custom Integration,SMB,4,1277.19,432.75,4342.45,1731.00,2611.45,0.15,Delivered,0
11931,2024-11-14,C1126,EMEA,Spain,Hardware,Webcam HD,Mid-Market,7,92.15,32.90,645.05,230.30,414.75,0.00,Shipped,0
10113,2024-11-15,C1057,EMEA,Sweden,Services,Custom Integration,SMB,1,1347.82,433.62,1347.82,433.62,914.20,0.00,Delivered,0
10115,2024-11-15,C1066,EMEA,Germany,Hardware,"27"" Monitor",SMB,4,374.42,133.64,1497.68,534.56,963.12,,Delivered,0
10144,2024-11-15,C1017,EMEA,France,Hardware,Laptop Stand,SMB,8,50.57,15.20,404.56,121.60,282.96,0.00,Shipped,0
10469,2024-11-15,C1092,AMER,United States,Accessories,Cable Set,SMB,3,16.17,4.40,41.23,13.20,28.03,0.15,Cancelled,0
10540,2024-11-15,C1197,EMEA,Sweden,Hardware,Docking Station,Enterprise,4,214.46,90.74,772.06,362.96,409.10,0.10,Delivered,0
10542,2024-11-15,C1101,AMER,United States,Accessories,Monitor Arm,SMB,6,99.12,33.66,594.72,201.96,392.76,0.00,Delivered,0
10701,2024-11-15,C1155,EMEA,Finland,Software,Editor Pro License,Mid-Market,12,117.06,10.15,1404.72,121.80,1282.92,0.00,Shipped,0
10922,2024-11-15,C1019,AMER,Mexico,Hardware,"27"" Monitor",SMB,6,367.62,133.99,2205.72,803.94,1401.78,0.00,Delivered,0
11780,2024-11-15,C1229,AMER,Brazil,Hardware,Mechanical Keyboard,Consumer,1,152.74,48.00,152.74,48.00,104.74,0.00,Delivered,0
11979,2024-11-15,C1046,AMER,United States,Hardware,Webcam HD,SMB,3,92.85,32.34,278.55,97.02,181.53,0.00,Delivered,0
12419,2024-11-15,C1155,EMEA,Germany,Software,VPN Annual,Mid-Market,2,43.87,3.00,87.74,6.00,81.74,0.00,Delivered,0
12676,2024-11-15,C1183,APAC,India,Accessories,Carry Sleeve,Enterprise,8,34.41,8.35,261.52,66.80,194.72,0.05,Delivered,1
12872,2024-11-15,C1189,APAC,India,Services,Custom Integration,Enterprise,8,1271.96,431.22,9666.90,3449.76,6217.14,0.05,Delivered,0
10330,2024-11-16,C1250,APAC,Singapore,Software,Analytics Platform,Consumer,1,439.04,36.44,439.04,36.44,402.60,0.00,Delivered,0
10618,2024-11-16,C1267,APAC,Japan,Software,Editor Pro License,Consumer,4,116.41,9.68,465.64,38.72,426.92,,Delivered,0
11629,2024-11-16,C1100,AMER,Brazil,Hardware,Docking Station,SMB,6,221.14,89.74,1194.16,538.44,655.72,0.10,Shipped,0
12565,2024-11-16,C1122,AMER,Mexico,Services,Training Course,Mid-Market,2,381.99,88.25,763.98,176.50,587.48,,Delivered,0
10133,2024-11-17,C1301,AMER,Mexico,Hardware,USB-C Hub,Consumer,1,57.60,20.47,57.60,20.47,37.13,0.00,Cancelled,0
10231,2024-11-17,C1165,EMEA,Sweden,Services,Training Course,Mid-Market,6,397.89,86.54,2387.34,519.24,1868.10,0.00,Delivered,0
10766,2024-11-17,C1248,AMER,Brazil,Hardware,USB-C Hub,Consumer,2,57.80,19.92,115.60,39.84,75.76,0.00,Pending,0
11471,2024-11-17,C1183,EMEA,United Kingdom,Services,Training Course,Enterprise,19,410.19,83.46,7014.25,1585.74,5428.51,0.10,Delivered,0
12029,2024-11-17,C1167,AMER,Brazil,Accessories,Cable Set,Mid-Market,10,17.08,4.48,170.80,44.80,126.00,0.00,Delivered,1
10741,2024-11-18,C1149,APAC,Singapore,Software,Analytics Platform,Mid-Market,2,464.02,37.43,928.04,74.86,853.18,0.00,Delivered,0
10175,2024-11-19,C1078,AMER,Canada,Accessories,Cable Set,SMB,4,17.14,4.20,68.56,16.80,51.76,0.00,Delivered,0
10268,2024-11-19,C1192,EMEA,France,Services,Onboarding Workshop,Enterprise,8,547.60,155.63,4380.80,1245.04,3135.76,,Cancelled,0
10756,2024-11-19,C1235,AMER,Brazil,Software,Design Suite,Consumer,1,266.57,28.21,266.57,28.21,238.36,0.00,Cancelled,0
12106,2024-11-19,C1003,AMER,Brazil,Software,Cloud Backup 1TB,SMB,6,67.65,6.84,405.90,41.04,364.86,0.00,Delivered,0
12791,2024-11-19,C1202,EMEA,Germany,Hardware,USB-C Hub,Enterprise,11,58.44,21.77,642.84,239.47,403.37,0.00,Delivered,1
10345,2024-11-20,C1200,EMEA,Germany,Hardware,Mechanical Keyboard,Enterprise,9,136.46,46.99,1228.14,422.91,805.23,0.00,Delivered,0
10642,2024-11-20,C1173,APAC,South Korea,Software,Analytics Platform,Mid-Market,6,445.19,34.43,2136.91,206.58,1930.33,0.20,Delivered,0
10765,2024-11-20,C1138,EMEA,Spain,Accessories,Carry Sleeve,Mid-Market,4,30.76,7.77,98.43,31.08,67.35,0.20,Delivered,0
10807,2024-11-20,C1170,AMER,United States,Software,Analytics Platform,Mid-Market,2,462.31,35.67,924.62,71.34,853.28,0.00,Delivered,0
12314,2024-11-20,C1173,EMEA,United Kingdom,Software,Analytics Platform,Mid-Market,9,473.41,36.26,4260.69,326.34,3934.35,0.00,Shipped,0
12380,2024-11-20,C1013,EMEA,United Kingdom,Hardware,Mechanical Keyboard,SMB,6,150.23,50.25,901.38,301.50,599.88,,Delivered,0
12929,2024-11-20,C1210,APAC,South Korea,Software,Cloud Backup 1TB,Enterprise,16,68.11,7.01,1089.76,112.16,977.60,0.00,Delivered,0
11668,2024-11-21,C1179,EMEA,United Kingdom,Services,Custom Integration,Mid-Market,3,1293.15,418.84,3879.45,1256.52,2622.93,0.00,Delivered,0
12470,2024-11-21,C1178,APAC,Japan,Software,Cloud Backup 1TB,Mid-Market,9,66.95,6.87,542.30,61.83,480.47,0.10,Cancelled,0
12562,2024-11-21,C1204,EMEA,France,Hardware,Docking Station,Enterprise,19,211.08,89.93,4010.52,1708.67,2301.85,0.00,Delivered,1
12819,2024-11-21,C1199,APAC,Singapore,Accessories,Cable Set,Enterprise,16,15.55,4.46,248.80,71.36,177.44,0.00,Delivered,0
12580,2024-11-22,C1143,EMEA,Sweden,Hardware,Laptop Stand,Mid-Market,12,51.44,15.62,617.28,187.44,429.84,0.00,Delivered,0
12652,2024-11-22,C1286,AMER,Brazil,Services,Training Course,Consumer,2,393.02,89.46,786.04,178.92,607.12,0.00,Delivered,0
11770,2024-11-23,C1051,EMEA,United Kingdom,Services,Training Course,SMB,3,410.85,84.92,1232.55,254.76,977.79,0.00,Delivered,0
12151,2024-11-23,C1044,AMER,United States,Services,Training Course,SMB,1,404.00,91.45,404.00,91.45,312.55,0.00,Shipped,0
12377,2024-11-23,C1160,AMER,Brazil,Software,Analytics Platform,Mid-Market,4,432.65,35.22,1730.60,140.88,1589.72,0.00,Pending,0
11840,2024-11-24,C1159,APAC,Singapore,Hardware,Docking Station,Mid-Market,5,216.97,89.68,813.64,448.40,365.24,0.25,Delivered,0
12588,2024-11-24,C1178,EMEA,United Kingdom,Software,Design Suite,Mid-Market,2,266.03,26.57,532.06,53.14,478.92,0.00,Delivered,0
12828,2024-11-24,C1209,AMER,Canada,Services,Training Course,Enterprise,10,379.71,87.50,3797.10,875.00,2922.10,0.00,Shipped,0
10390,2024-11-25,C1031,AMER,United States,Hardware,Mechanical Keyboard,SMB,8,151.34,48.27,1210.72,386.16,824.56,0.00,Delivered,0
11159,2024-11-25,C1182,EMEA,United Kingdom,Hardware,Webcam HD,Enterprise,3,87.34,33.09,262.02,99.27,162.75,0.00,Delivered,0
11498,2024-11-25,C1048,AMER,Mexico,Software,Design Suite,SMB,3,274.18,27.32,822.54,81.96,740.58,0.00,Cancelled,0
10968,2024-11-26,C1196,APAC,Singapore,Accessories,Cable Set,Enterprise,8,15.38,4.49,123.04,35.92,87.12,,Shipped,0
11975,2024-11-26,C1305,EMEA,Sweden,Accessories,Monitor Arm,Consumer,2,101.36,35.50,202.72,71.00,131.72,,Delivered,0
12344,2024-11-26,C1250,EMEA,Netherlands,Software,Cloud Backup 1TB,Consumer,1,67.69,7.36,67.69,7.36,60.33,0.00,Delivered,0
11890,2024-11-27,C1129,EMEA,United Kingdom,Software,Cloud Backup 1TB,Mid-Market,3,66.85,7.05,200.55,21.15,179.40,0.00,Shipped,0
12367,2024-11-27,C1121,AMER,Canada,Hardware,Mechanical Keyboard,Mid-Market,10,144.04,49.97,1440.40,499.70,940.70,0.00,Delivered,0
12489,2024-11-27,C1176,EMEA,Germany,Services,Priority Support,Mid-Market,10,193.43,35.32,1450.73,353.20,1097.53,0.25,Delivered,0
10006,2024-11-28,C1175,APAC,South Korea,Accessories,Desk Mat,Mid-Market,12,25.34,6.04,304.08,72.48,231.60,0.00,Delivered,0
10212,2024-11-28,C1200,APAC,South Korea,Accessories,Desk Mat,Enterprise,18,27.95,6.32,503.10,113.76,389.34,0.00,Delivered,0
10700,2024-11-28,C1091,APAC,India,Software,Analytics Platform,SMB,1,436.96,34.76,415.11,34.76,380.35,0.05,Delivered,0
11445,2024-11-28,C1077,APAC,Japan,Services,Priority Support,SMB,6,195.73,36.96,880.78,221.76,659.02,0.25,Delivered,0
12120,2024-11-28,C1012,AMER,United States,Accessories,Cable Set,SMB,6,16.69,4.31,85.12,25.86,59.26,0.15,Delivered,0
12824,2024-11-28,C1233,APAC,South Korea,Hardware,Docking Station,Consumer,3,236.02,87.35,566.45,262.05,304.40,0.20,Delivered,0
10094,2024-11-29,C1182,AMER,Mexico,Hardware,Laptop Stand,Enterprise,10,51.94,15.62,519.40,156.20,363.20,0.00,Delivered,0
10155,2024-11-29,C1084,AMER,United States,Accessories,Carry Sleeve,SMB,5,32.15,7.93,160.75,39.65,121.10,0.00,Delivered,0
10625,2024-11-29,C1204,EMEA,United Kingdom,Software,Editor Pro License,Enterprise,3,105.57,10.22,316.71,30.66,286.05,0.00,Delivered,0
10773,2024-11-29,C1170,AMER,Canada,Accessories,Monitor Arm,Mid-Market,2,98.14,33.71,157.02,67.42,89.60,0.20,Delivered,1
10783,2024-11-29,C1031,EMEA,Germany,Software,Cloud Backup 1TB,SMB,1,62.51,7.10,62.51,7.10,55.41,0.00,Delivered,0
11152,2024-11-29,C1137,AMER,Mexico,Software,Cloud Backup 1TB,Mid-Market,12,69.54,7.26,834.48,87.12,747.36,,Delivered,0
11971,2024-11-29,C1052,AMER,Mexico,Services,Onboarding Workshop,SMB,1,563.31,154.89,563.31,154.89,408.42,0.00,Delivered,0
12224,2024-11-29,C1052,AMER,United States,Accessories,Carry Sleeve,SMB,5,33.11,8.27,165.55,41.35,124.20,0.00,Pending,0
12803,2024-11-29,C1202,APAC,Australia,Hardware,Laptop Stand,Enterprise,15,52.20,16.11,783.00,241.65,541.35,0.00,Delivered,0
12823,2024-11-29,C1189,AMER,United States,Software,Design Suite,Enterprise,12,265.75,26.74,3029.55,320.88,2708.67,0.05,Delivered,0
12104,2024-11-30,C1145,EMEA,Finland,Services,Priority Support,Mid-Market,2,198.44,34.32,396.88,68.64,328.24,0.00,Delivered,0
12796,2024-11-30,C1210,EMEA,Finland,Software,Design Suite,Enterprise,7,293.07,27.93,2051.49,195.51,1855.98,0.00,Delivered,0
12810,2024-11-30,C1196,APAC,India,Hardware,Mechanical Keyboard,Enterprise,10,141.93,48.35,1135.44,483.50,651.94,0.20,Delivered,0
10294,2024-12-01,C1292,APAC,India,Software,VPN Annual,Consumer,1,42.29,3.11,42.29,3.11,39.18,0.00,Delivered,0
10730,2024-12-01,C1162,APAC,South Korea,Software,Cloud Backup 1TB,Mid-Market,8,66.74,7.05,533.92,56.40,477.52,0.00,Delivered,0
12062,2024-12-01,C1141,AMER,Canada,Hardware,Webcam HD,Mid-Market,10,91.09,32.23,910.90,322.30,588.60,0.00,Delivered,0
12574,2024-12-01,C1155,AMER,Canada,Software,Editor Pro License,Mid-Market,4,109.24,9.75,436.96,39.00,397.96,0.00,Delivered,0
12361,2024-12-02,C1194,EMEA,France,Hardware,Laptop Stand,Enterprise,5,48.17,15.53,216.77,77.65,139.12,0.10,Delivered,0
12548,2024-12-02,C1184,APAC,Australia,Software,VPN Annual,Enterprise,4,42.49,3.22,169.96,12.88,157.08,0.00,Delivered,0
12636,2024-12-02,C1263,EMEA,Sweden,Software,Analytics Platform,Consumer,3,458.60,35.68,1375.80,107.04,1268.76,0.00,Delivered,0
11799,2024-12-03,C1182,EMEA,Sweden,Services,Priority Support,Enterprise,11,193.82,34.46,2132.02,379.06,1752.96,0.00,Delivered,0
10003,2024-12-04,C1007,AMER,Brazil,Software,Analytics Platform,SMB,1,438.64,36.06,438.64,36.06,402.58,0.00,Delivered,0
10698,2024-12-04,C1086,AMER,Canada,Software,Cloud Backup 1TB,SMB,7,66.75,6.80,467.25,47.60,419.65,0.00,Delivered,0
10818,2024-12-04,C1115,EMEA,Finland,Hardware,USB-C Hub,SMB,5,55.88,21.50,279.40,107.50,171.90,0.00,Delivered,0
12579,2024-12-04,C1029,EMEA,France,Hardware,Webcam HD,SMB,2,88.25,30.28,176.50,60.56,115.94,0.00,Delivered,0
10478,2024-12-05,C1125,AMER,Brazil,Software,Cloud Backup 1TB,Mid-Market,2,64.83,6.85,129.66,13.70,115.96,,Shipped,0
10517,2024-12-05,C1074,EMEA,United Kingdom,Hardware,Webcam HD,SMB,2,85.18,32.15,144.81,64.30,80.51,0.15,Delivered,0
11073,2024-12-05,C1197,AMER,Brazil,Software,Editor Pro License,Enterprise,9,114.82,10.08,1033.38,90.72,942.66,0.00,Delivered,0
11969,2024-12-05,C1177,EMEA,Sweden,Services,Training Course,Mid-Market,3,403.42,86.46,1210.26,259.38,950.88,0.00,Delivered,0
12975,2024-12-05,C1019,AMER,Canada,Services,Onboarding Workshop,SMB,6,566.90,154.67,3401.40,928.02,2473.38,,Delivered,0
10441,2024-12-07,C1072,AMER,Canada,Hardware,Laptop Stand,SMB,3,51.80,15.54,155.40,46.62,108.78,0.00,Pending,0
10504,2024-12-07,C1238,EMEA,Spain,Hardware,Laptop Stand,Consumer,2,49.14,16.02,98.28,32.04,66.24,,Delivered,0
10632,2024-12-07,C1127,EMEA,Spain,Hardware,USB-C Hub,Mid-Market,2,59.21,20.67,118.42,41.34,77.08,0.00,Delivered,0
10779,2024-12-07,C1138,APAC,Japan,Software,Design Suite,Mid-Market,12,289.49,27.46,3473.88,329.52,3144.36,0.00,Delivered,0
11308,2024-12-07,C1181,APAC,South Korea,Hardware,Webcam HD,Enterprise,14,85.41,32.93,1195.74,461.02,734.72,,Delivered,0
12429,2024-12-07,C1179,EMEA,Finland,Software,Analytics Platform,Mid-Market,11,468.39,35.53,5152.29,390.83,4761.46,,Delivered,0
12545,2024-12-07,C1108,APAC,South Korea,Hardware,USB-C Hub,SMB,2,56.45,21.28,90.32,42.56,47.76,0.20,Delivered,0
12830,2024-12-07,C1301,EMEA,United Kingdom,Software,Editor Pro License,Consumer,1,110.63,10.19,110.63,10.19,100.44,0.00,Delivered,0
10220,2024-12-08,C1204,EMEA,Germany,Software,Analytics Platform,Enterprise,14,466.27,37.00,6527.78,518.00,6009.78,0.00,Delivered,0
10689,2024-12-08,C1024,EMEA,France,Software,Editor Pro License,SMB,7,106.09,9.90,742.63,69.30,673.33,0.00,Delivered,0
10745,2024-12-08,C1255,AMER,Mexico,Hardware,Laptop Stand,Consumer,4,51.73,16.12,206.92,64.48,142.44,0.00,Delivered,0
11559,2024-12-08,C1145,AMER,Canada,Accessories,Monitor Arm,Mid-Market,10,98.42,35.43,984.20,354.30,629.90,0.00,Shipped,0
11702,2024-12-08,C1100,AMER,Canada,Hardware,Webcam HD,SMB,4,84.91,31.37,339.64,125.48,214.16,0.00,Delivered,0
12158,2024-12-08,C1196,AMER,Brazil,Hardware,"27"" Monitor",Enterprise,3,375.34,144.38,1126.02,433.14,692.88,,Delivered,0
12482,2024-12-08,C1194,EMEA,Germany,Hardware,"27"" Monitor",Enterprise,16,374.64,138.22,5994.24,2211.52,3782.72,0.00,Delivered,0
12631,2024-12-08,C1210,EMEA,United Kingdom,Services,Priority Support,Enterprise,3,209.62,37.31,471.64,111.93,359.71,0.25,Delivered,0
10070,2024-12-09,C1197,EMEA,Finland,Hardware,Webcam HD,Enterprise,15,92.20,33.10,1383.00,496.50,886.50,0.00,Pending,0
10319,2024-12-09,C1057,EMEA,Finland,Software,Cloud Backup 1TB,SMB,1,67.89,7.15,67.89,7.15,60.74,0.00,Delivered,0
10748,2024-12-09,C1068,AMER,Mexico,Services,Priority Support,SMB,3,201.53,34.97,604.59,104.91,499.68,0.00,Delivered,0
11530,2024-12-09,C1154,EMEA,Germany,Accessories,Cable Set,Mid-Market,3,16.05,4.23,45.74,12.69,33.05,0.05,Delivered,0
11824,2024-12-09,C1204,AMER,Canada,Hardware,USB-C Hub,Enterprise,9,58.80,20.43,396.90,183.87,213.03,0.25,Cancelled,0
10360,2024-12-10,C1206,EMEA,Sweden,Accessories,Desk Mat,Enterprise,4,28.43,6.18,113.72,24.72,89.00,0.00,Delivered,0
10574,2024-12-10,C1157,APAC,South Korea,Hardware,Docking Station,Mid-Market,11,226.87,87.10,2246.01,958.10,1287.91,0.10,Delivered,1
11458,2024-12-10,C1134,APAC,South Korea,Software,Design Suite,Mid-Market,7,294.76,28.32,2063.32,198.24,1865.08,0.00,Delivered,0
11965,2024-12-10,C1209,APAC,Japan,Services,Priority Support,Enterprise,7,202.07,37.27,1414.49,260.89,1153.60,,Delivered,0
12066,2024-12-10,C1188,AMER,United States,Services,Training Course,Enterprise,10,391.39,84.39,3718.20,843.90,2874.30,0.05,Delivered,0
12339,2024-12-10,C1196,APAC,Singapore,Accessories,Desk Mat,Enterprise,16,26.19,6.03,419.04,96.48,322.56,0.00,Cancelled,0
10353,2024-12-11,C1039,AMER,Canada,Services,Priority Support,SMB,4,193.12,34.98,579.36,139.92,439.44,0.25,Shipped,0
10464,2024-12-11,C1207,EMEA,Spain,Hardware,Laptop Stand,Enterprise,6,50.04,15.85,300.24,95.10,205.14,0.00,Delivered,1
10993,2024-12-11,C1176,APAC,Japan,Software,Design Suite,Mid-Market,2,263.11,26.37,526.22,52.74,473.48,0.00,Delivered,0
11184,2024-12-11,C1180,EMEA,Sweden,Services,Onboarding Workshop,Mid-Market,5,545.42,147.10,2727.10,735.50,1991.60,0.00,Delivered,0
12081,2024-12-11,C1149,EMEA,United Kingdom,Services,Training Course,Mid-Market,5,392.44,88.94,1962.20,444.70,1517.50,0.00,Delivered,0
12159,2024-12-11,C1061,AMER,United States,Hardware,Mechanical Keyboard,SMB,6,151.19,48.84,907.14,293.04,614.10,0.00,Delivered,0
12833,2024-12-11,C1044,EMEA,Finland,Services,Training Course,SMB,8,406.55,88.42,3252.40,707.36,2545.04,0.00,Delivered,0
10329,2024-12-12,C1232,AMER,United States,Software,VPN Annual,Consumer,1,43.19,3.10,43.19,3.10,40.09,0.00,Cancelled,0
11183,2024-12-12,C1268,APAC,South Korea,Hardware,Laptop Stand,Consumer,4,50.98,15.89,203.92,63.56,140.36,0.00,Delivered,1
11229,2024-12-12,C1010,AMER,United States,Software,Design Suite,SMB,5,280.17,27.32,1400.85,136.60,1264.25,0.00,Delivered,0
11237,2024-12-12,C1166,EMEA,Sweden,Accessories,Carry Sleeve,Mid-Market,6,33.87,8.16,203.22,48.96,154.26,0.00,Delivered,0
11670,2024-12-12,C1147,AMER,Canada,Accessories,Desk Mat,Mid-Market,2,26.12,5.96,52.24,11.92,40.32,0.00,Shipped,0
12170,2024-12-12,C1157,EMEA,France,Software,Design Suite,Mid-Market,11,266.73,28.17,2934.03,309.87,2624.16,0.00,Pending,0
10704,2024-12-13,C1179,AMER,Mexico,Accessories,Monitor Arm,Mid-Market,7,101.17,32.26,672.78,225.82,446.96,0.05,Delivered,0
11102,2024-12-13,C1172,EMEA,Finland,Software,VPN Annual,Mid-Market,12,41.42,3.26,497.04,39.12,457.92,,Pending,0
12497,2024-12-13,C1142,APAC,Australia,Hardware,Docking Station,Mid-Market,8,227.01,90.62,1816.08,724.96,1091.12,0.00,Delivered,0
10011,2024-12-14,C1295,AMER,Canada,Software,Design Suite,Consumer,2,286.80,27.15,573.60,54.30,519.30,0.00,Delivered,0
10744,2024-12-14,C1195,AMER,United States,Services,Onboarding Workshop,Enterprise,20,586.50,149.36,11730.00,2987.20,8742.80,0.00,Pending,0
10840,2024-12-14,C1248,EMEA,Spain,Hardware,USB-C Hub,Consumer,3,58.34,21.52,175.02,64.56,110.46,0.00,Delivered,1
11966,2024-12-14,C1110,AMER,Mexico,Accessories,Desk Mat,SMB,4,27.82,6.38,111.28,25.52,85.76,0.00,Delivered,0
10142,2024-12-15,C1206,EMEA,United Kingdom,Services,Custom Integration,Enterprise,20,1275.10,429.37,25502.00,8587.40,16914.60,0.00,Delivered,0
10619,2024-12-15,C1067,EMEA,Finland,Accessories,Monitor Arm,SMB,5,105.10,35.50,525.50,177.50,348.00,0.00,Cancelled,0
11098,2024-12-15,C1207,APAC,Singapore,Hardware,Docking Station,Enterprise,13,218.61,87.96,2841.93,1143.48,1698.45,0.00,Delivered,0
11155,2024-12-15,C1077,EMEA,Germany,Hardware,Mechanical Keyboard,SMB,4,148.94,47.95,565.97,191.80,374.17,0.05,Pending,0
11369,2024-12-15,C1270,AMER,Canada,Hardware,Docking Station,Consumer,3,232.32,88.14,696.96,264.42,432.54,0.00,Delivered,0
11474,2024-12-15,C1021,EMEA,Netherlands,Services,Custom Integration,SMB,6,1396.46,421.54,8378.76,2529.24,5849.52,0.00,Delivered,0
10641,2024-12-16,C1185,AMER,Brazil,Services,Onboarding Workshop,Enterprise,17,550.04,156.37,9350.68,2658.29,6692.39,0.00,Delivered,0
10727,2024-12-16,C1252,AMER,Brazil,Hardware,"27"" Monitor",Consumer,3,357.15,139.90,1071.45,419.70,651.75,0.00,Delivered,0
10810,2024-12-16,C1257,AMER,Mexico,Hardware,"27"" Monitor",Consumer,2,336.92,134.06,505.38,268.12,237.26,0.25,Delivered,0
11266,2024-12-16,C1085,APAC,Singapore,Services,Custom Integration,SMB,5,1423.68,416.08,7118.40,2080.40,5038.00,0.00,Delivered,0
11659,2024-12-16,C1233,EMEA,Germany,Software,Editor Pro License,Consumer,1,114.75,9.73,114.75,9.73,105.02,,Delivered,0
12149,2024-12-16,C1101,EMEA,Sweden,Services,Priority Support,SMB,4,196.28,35.72,785.12,142.88,642.24,0.00,Delivered,0
10232,2024-12-17,C1309,EMEA,France,Services,Custom Integration,Consumer,1,1382.78,440.61,1244.50,440.61,803.89,0.10,Delivered,0
11958,2024-12-17,C1139,AMER,Mexico,Hardware,Docking Station,Mid-Market,11,214.26,87.47,2356.86,962.17,1394.69,0.00,Shipped,0
12103,2024-12-17,C1157,APAC,Australia,Software,Cloud Backup 1TB,Mid-Market,11,62.43,6.99,686.73,76.89,609.84,0.00,Delivered,0
12213,2024-12-17,C1108,EMEA,Germany,Hardware,Webcam HD,SMB,3,87.01,31.95,261.03,95.85,165.18,0.00,Delivered,0
12276,2024-12-17,C1204,EMEA,Finland,Software,Editor Pro License,Enterprise,19,116.78,10.24,2218.82,194.56,2024.26,0.00,Delivered,0
12848,2024-12-17,C1128,APAC,India,Accessories,Desk Mat,Mid-Market,7,28.49,6.25,199.43,43.75,155.68,0.00,Delivered,0
10134,2024-12-18,C1303,EMEA,Finland,Software,Cloud Backup 1TB,Consumer,3,68.35,7.41,205.05,22.23,182.82,0.00,Delivered,0
10328,2024-12-18,C1169,AMER,Canada,Software,Design Suite,Mid-Market,8,282.22,27.48,2257.76,219.84,2037.92,,Delivered,0
10592,2024-12-18,C1029,AMER,Brazil,Services,Training Course,SMB,5,387.33,87.27,1936.65,436.35,1500.30,0.00,Delivered,0
10787,2024-12-18,C1065,EMEA,United Kingdom,Services,Onboarding Workshop,SMB,7,562.53,145.21,3937.71,1016.47,2921.24,,Delivered,0
10925,2024-12-18,C1152,AMER,United States,Hardware,Webcam HD,Mid-Market,9,91.36,31.02,822.24,279.18,543.06,0.00,Delivered,0
12095,2024-12-18,C1074,AMER,United States,Accessories,Monitor Arm,SMB,4,97.42,35.30,389.68,141.20,248.48,0.00,Delivered,0
12116,2024-12-18,C1196,EMEA,Spain,Software,VPN Annual,Enterprise,16,41.72,3.08,667.52,49.28,618.24,0.00,Delivered,0
10520,2024-12-19,C1151,AMER,Brazil,Hardware,USB-C Hub,Mid-Market,6,57.09,20.74,342.54,124.44,218.10,0.00,Delivered,0
10634,2024-12-19,C1199,APAC,Singapore,Software,VPN Annual,Enterprise,8,42.01,3.13,336.08,25.04,311.04,0.00,Shipped,0
11311,2024-12-19,C1050,APAC,South Korea,Software,Design Suite,SMB,4,290.06,28.39,1160.24,113.56,1046.68,0.00,Delivered,0
11500,2024-12-19,C1151,APAC,Singapore,Services,Custom Integration,Mid-Market,7,1422.58,401.68,7966.45,2811.76,5154.69,0.20,Delivered,0
11558,2024-12-19,C1061,APAC,India,Software,Editor Pro License,SMB,2,112.39,10.21,224.78,20.42,204.36,,Delivered,0
10672,2024-12-20,C1104,AMER,Brazil,Hardware,"27"" Monitor",SMB,4,373.22,136.72,1492.88,546.88,946.00,0.00,Delivered,0
11422,2024-12-20,C1192,AMER,Brazil,Hardware,Docking Station,Enterprise,9,226.68,95.42,2040.12,858.78,1181.34,0.00,Cancelled,0
11550,2024-12-20,C1202,APAC,South Korea,Hardware,"27"" Monitor",Enterprise,20,355.70,145.39,7114.00,2907.80,4206.20,0.00,Delivered,0
11761,2024-12-20,C1197,EMEA,Sweden,Services,Onboarding Workshop,Enterprise,20,566.59,154.06,11331.80,3081.20,8250.60,0.00,Delivered,0
12417,2024-12-20,C1030,EMEA,Spain,Software,Cloud Backup 1TB,SMB,3,64.94,6.74,194.82,20.22,174.60,0.00,Delivered,0
12505,2024-12-20,C1036,AMER,Mexico,Software,VPN Annual,SMB,7,41.48,3.22,290.36,22.54,267.82,0.00,Delivered,0
12729,2024-12-20,C1016,AMER,Mexico,Accessories,Cable Set,SMB,4,16.44,4.13,65.76,16.52,49.24,0.00,Delivered,0
10591,2024-12-21,C1179,EMEA,Spain,Hardware,Laptop Stand,Mid-Market,9,49.08,15.45,441.72,139.05,302.67,0.00,Delivered,0
10803,2024-12-21,C1154,APAC,Singapore,Hardware,USB-C Hub,Mid-Market,8,57.05,20.22,410.76,161.76,249.00,0.10,Delivered,0
11302,2024-12-21,C1223,EMEA,Netherlands,Services,Priority Support,Consumer,3,211.10,35.33,633.30,105.99,527.31,0.00,Shipped,0
11586,2024-12-21,C1079,AMER,Mexico,Hardware,"27"" Monitor",SMB,1,372.84,140.95,372.84,140.95,231.89,0.00,Delivered,0
12310,2024-12-21,C1202,AMER,Brazil,Hardware,Mechanical Keyboard,Enterprise,10,142.01,50.94,1420.10,509.40,910.70,0.00,Delivered,0
12526,2024-12-21,C1200,EMEA,Sweden,Services,Training Course,Enterprise,10,390.12,85.26,3901.20,852.60,3048.60,0.00,Delivered,0
12684,2024-12-21,C1018,EMEA,Germany,Accessories,Carry Sleeve,SMB,3,31.41,7.96,94.23,23.88,70.35,0.00,Delivered,0
10437,2024-12-22,C1200,EMEA,Finland,Software,Cloud Backup 1TB,Enterprise,20,70.00,6.96,1400.00,139.20,1260.80,0.00,Delivered,0
10757,2024-12-22,C1012,APAC,Singapore,Services,Priority Support,SMB,7,211.79,34.99,1482.53,244.93,1237.60,0.00,Delivered,0
11257,2024-12-22,C1118,APAC,Singapore,Hardware,Mechanical Keyboard,SMB,7,147.00,50.53,823.20,353.71,469.49,0.20,Shipped,0
11943,2024-12-22,C1115,EMEA,France,Accessories,Carry Sleeve,SMB,3,33.81,8.31,101.43,24.93,76.50,,Delivered,0
12599,2024-12-22,C1238,EMEA,Finland,Software,Design Suite,Consumer,3,263.99,27.17,673.17,81.51,591.66,0.15,Delivered,0
12860,2024-12-22,C1117,AMER,United States,Accessories,Carry Sleeve,SMB,3,32.70,8.04,98.10,24.12,73.98,0.00,Delivered,0
10507,2024-12-23,C1013,AMER,Mexico,Software,Editor Pro License,SMB,6,113.22,9.63,679.32,57.78,621.54,0.00,Delivered,0
10687,2024-12-23,C1070,AMER,Mexico,Hardware,"27"" Monitor",SMB,7,376.52,143.72,2635.64,1006.04,1629.60,0.00,Delivered,0
11426,2024-12-23,C1283,EMEA,United Kingdom,Hardware,"27"" Monitor",Consumer,3,349.40,141.68,786.15,425.04,361.11,0.25,Delivered,0
12655,2024-12-23,C1209,APAC,Singapore,Hardware,USB-C Hub,Enterprise,8,57.35,21.35,458.80,170.80,288.00,0.00,Delivered,0
10322,2024-12-24,C1154,AMER,United States,Accessories,Carry Sleeve,Mid-Market,4,34.25,8.34,137.00,33.36,103.64,0.00,Delivered,0
10398,2024-12-24,C1309,AMER,Brazil,Software,VPN Annual,Consumer,3,42.09,3.25,126.27,9.75,116.52,0.00,Delivered,0
10446,2024-12-24,C1164,APAC,Singapore,Services,Priority Support,Mid-Market,7,201.88,36.95,1413.16,258.65,1154.51,0.00,Delivered,1
10768,2024-12-24,C1211,EMEA,Netherlands,Hardware,Mechanical Keyboard,Consumer,4,145.51,47.57,582.04,190.28,391.76,0.00,Delivered,0
11267,2024-12-24,C1170,EMEA,United Kingdom,Services,Custom Integration,Mid-Market,2,1271.70,430.87,2543.40,861.74,1681.66,0.00,Delivered,0
11864,2024-12-24,C1196,EMEA,Sweden,Hardware,Webcam HD,Enterprise,4,93.28,31.52,373.12,126.08,247.04,0.00,Delivered,1
12559,2024-12-24,C1182,AMER,Brazil,Hardware,Docking Station,Enterprise,10,219.57,95.07,2195.70,950.70,1245.00,0.00,Delivered,0
10908,2024-12-25,C1198,APAC,Singapore,Hardware,Webcam HD,Enterprise,14,87.04,31.09,1218.56,435.26,783.30,0.00,Delivered,0
11200,2024-12-25,C1180,EMEA,Netherlands,Accessories,Carry Sleeve,Mid-Market,7,33.07,8.29,231.49,58.03,173.46,0.00,Delivered,0
11274,2024-12-25,C1103,APAC,Singapore,Accessories,Cable Set,SMB,4,16.45,4.45,65.80,17.80,48.00,,Delivered,0
11603,2024-12-25,C1217,EMEA,Germany,Hardware,Webcam HD,Consumer,3,83.81,32.48,251.43,97.44,153.99,0.00,Delivered,0
11891,2024-12-25,C1122,APAC,Singapore,Accessories,Monitor Arm,Mid-Market,4,102.88,33.60,411.52,134.40,277.12,0.00,Delivered,0
11964,2024-12-25,C1139,AMER,United States,Services,Onboarding Workshop,Mid-Market,3,563.98,154.60,1691.94,463.80,1228.14,0.00,Delivered,0
11972,2024-12-25,C1289,EMEA,United Kingdom,Hardware,Laptop Stand,Consumer,1,46.93,15.76,46.93,15.76,31.17,0.00,Delivered,0
12184,2024-12-25,C1090,APAC,India,Software,VPN Annual,SMB,8,45.05,3.21,360.40,25.68,334.72,0.00,Delivered,0
12541,2024-12-25,C1095,AMER,Mexico,Hardware,"27"" Monitor",SMB,3,343.05,140.30,823.32,420.90,402.42,0.20,Pending,0
12850,2024-12-25,C1181,EMEA,Sweden,Services,Onboarding Workshop,Enterprise,5,568.92,151.61,2844.60,758.05,2086.55,0.00,Delivered,0
10621,2024-12-26,C1290,EMEA,Netherlands,Accessories,Carry Sleeve,Consumer,1,33.41,7.76,33.41,7.76,25.65,0.00,Shipped,0
11338,2024-12-26,C1005,EMEA,Netherlands,Hardware,Webcam HD,SMB,2,89.02,32.59,178.04,65.18,112.86,,Delivered,0
12037,2024-12-26,C1155,APAC,Japan,Software,Editor Pro License,Mid-Market,4,110.77,10.29,443.08,41.16,401.92,0.00,Delivered,0
12663,2024-12-26,C1183,APAC,Australia,Services,Onboarding Workshop,Enterprise,5,577.79,142.35,2888.95,711.75,2177.20,0.00,Delivered,0
12863,2024-12-26,C1204,AMER,Canada,Hardware,Webcam HD,Enterprise,18,91.96,30.44,1655.28,547.92,1107.36,0.00,Delivered,0
10103,2024-12-27,C1169,EMEA,Germany,Accessories,Desk Mat,Mid-Market,9,25.75,6.06,220.16,54.54,165.62,0.05,Delivered,0
10456,2024-12-27,C1022,EMEA,Germany,Services,Priority Support,SMB,4,213.34,35.91,768.02,143.64,624.38,0.10,Delivered,0
11406,2024-12-27,C1209,AMER,Brazil,Accessories,Cable Set,Enterprise,9,15.46,4.20,139.14,37.80,101.34,0.00,Delivered,0
12079,2024-12-27,C1243,AMER,United States,Accessories,Carry Sleeve,Consumer,4,31.68,8.20,126.72,32.80,93.92,0.00,Delivered,0
12222,2024-12-27,C1083,AMER,Canada,Hardware,Mechanical Keyboard,SMB,6,149.79,48.97,898.74,293.82,604.92,0.00,Delivered,0
12622,2024-12-27,C1203,APAC,South Korea,Hardware,Mechanical Keyboard,Enterprise,12,145.05,50.86,1740.60,610.32,1130.28,0.00,Delivered,0
10119,2024-12-28,C1202,APAC,India,Services,Onboarding Workshop,Enterprise,6,535.35,142.63,2890.89,855.78,2035.11,0.10,Delivered,0
10515,2024-12-28,C1238,AMER,Mexico,Accessories,Carry Sleeve,Consumer,3,31.78,7.83,95.34,23.49,71.85,,Delivered,0
10723,2024-12-28,C1086,APAC,Australia,Services,Priority Support,SMB,7,196.91,36.18,1378.37,253.26,1125.11,0.00,Shipped,0
12258,2024-12-28,C1158,APAC,Japan,Hardware,USB-C Hub,Mid-Market,5,55.68,19.94,278.40,99.70,178.70,,Pending,0
12688,2024-12-28,C1029,AMER,Brazil,Software,Analytics Platform,SMB,5,431.70,35.70,2158.50,178.50,1980.00,0.00,Delivered,0
10241,2024-12-29,C1204,APAC,South Korea,Accessories,Desk Mat,Enterprise,18,25.41,6.08,457.38,109.44,347.94,0.00,Delivered,0
10425,2024-12-29,C1182,APAC,India,Services,Onboarding Workshop,Enterprise,13,578.95,151.75,7150.03,1972.75,5177.28,0.05,Delivered,0
10912,2024-12-29,C1159,EMEA,Netherlands,Software,Cloud Backup 1TB,Mid-Market,11,64.72,7.13,640.73,78.43,562.30,0.10,Delivered,0
11434,2024-12-29,C1262,EMEA,France,Software,Analytics Platform,Consumer,4,456.82,34.76,1827.28,139.04,1688.24,0.00,Delivered,0
11479,2024-12-29,C1068,AMER,Brazil,Software,VPN Annual,SMB,5,42.10,3.17,178.92,15.85,163.07,0.15,Delivered,0
12121,2024-12-29,C1059,AMER,Mexico,Software,VPN Annual,SMB,1,44.54,2.96,44.54,2.96,41.58,0.00,Delivered,0
12171,2024-12-29,C1223,EMEA,Germany,Software,Editor Pro License,Consumer,1,114.88,9.88,86.16,9.88,76.28,0.25,Delivered,0
12454,2024-12-29,C1152,APAC,Japan,Software,Cloud Backup 1TB,Mid-Market,3,69.18,6.88,207.54,20.64,186.90,0.00,Delivered,0
10178,2024-12-30,C1152,APAC,India,Software,VPN Annual,Mid-Market,11,43.69,3.05,480.59,33.55,447.04,0.00,Delivered,0
12183,2024-12-30,C1200,AMER,Mexico,Accessories,Carry Sleeve,Enterprise,7,32.47,8.44,227.29,59.08,168.21,0.00,Shipped,0
12320,2024-12-30,C1183,APAC,Singapore,Accessories,Monitor Arm,Enterprise,4,100.34,34.03,401.36,136.12,265.24,0.00,Delivered,0
12463,2024-12-30,C1176,APAC,India,Accessories,Cable Set,Mid-Market,8,15.29,4.27,122.32,34.16,88.16,,Delivered,0
12781,2024-12-30,C1198,AMER,Brazil,Software,Design Suite,Enterprise,11,285.15,28.02,3136.65,308.22,2828.43,0.00,Delivered,0
10351,2024-12-31,C1307,EMEA,Sweden,Hardware,Docking Station,Consumer,2,234.87,90.72,352.31,181.44,170.87,0.25,Delivered,0
11129,2024-12-31,C1211,EMEA,Sweden,Software,Analytics Platform,Consumer,4,428.25,34.27,1713.00,137.08,1575.92,0.00,Delivered,0
11517,2024-12-31,C1287,EMEA,Finland,Software,Editor Pro License,Consumer,1,111.61,9.54,83.71,9.54,74.17,0.25,Delivered,0
10409,2025-01-01,C1012,AMER,Canada,Software,Editor Pro License,SMB,1,127.32,10.22,127.32,10.22,117.10,0.00,Delivered,0
11582,2025-01-01,C1175,EMEA,France,Services,Priority Support,Mid-Market,12,216.01,35.28,2592.12,423.36,2168.76,0.00,Delivered,0
12626,2025-01-01,C1011,EMEA,Sweden,Services,Onboarding Workshop,SMB,2,592.49,147.64,1184.98,295.28,889.70,0.00,Delivered,0
10145,2025-01-02,C1151,APAC,Singapore,Services,Training Course,Mid-Market,11,432.48,87.60,4757.28,963.60,3793.68,0.00,Delivered,0
12327,2025-01-02,C1190,APAC,Singapore,Services,Custom Integration,Enterprise,4,1506.23,408.97,6024.92,1635.88,4389.04,0.00,Delivered,0
10206,2025-01-03,C1182,AMER,United States,Services,Priority Support,Enterprise,12,227.77,37.22,2733.24,446.64,2286.60,0.00,Delivered,0
10252,2025-01-03,C1259,EMEA,Germany,Software,Design Suite,Consumer,1,321.43,28.70,321.43,28.70,292.73,,Shipped,0
10271,2025-01-03,C1144,APAC,India,Services,Custom Integration,Mid-Market,2,1480.11,439.55,2960.22,879.10,2081.12,0.00,Delivered,0
10775,2025-01-03,C1206,AMER,Brazil,Hardware,Mechanical Keyboard,Enterprise,8,150.83,46.98,1206.64,375.84,830.80,0.00,Delivered,0
10902,2025-01-03,C1002,AMER,Mexico,Software,VPN Annual,SMB,1,51.00,3.03,51.00,3.03,47.97,0.00,Delivered,0
11825,2025-01-04,C1176,AMER,Brazil,Accessories,Desk Mat,Mid-Market,6,30.45,6.23,182.70,37.38,145.32,0.00,Delivered,0
12988,2025-01-05,C1064,AMER,Brazil,Software,Design Suite,SMB,7,322.43,26.16,2257.01,183.12,2073.89,0.00,Delivered,0
10680,2025-01-06,C1151,APAC,South Korea,Accessories,Carry Sleeve,Mid-Market,3,36.60,8.19,109.80,24.57,85.23,0.00,Delivered,0
12025,2025-01-06,C1156,EMEA,Sweden,Services,Priority Support,Mid-Market,9,223.91,35.25,2015.19,317.25,1697.94,0.00,Delivered,0
12610,2025-01-06,C1033,AMER,Mexico,Accessories,Cable Set,SMB,4,16.97,4.25,67.88,17.00,50.88,0.00,Delivered,0
10428,2025-01-08,C1093,AMER,Brazil,Hardware,USB-C Hub,SMB,3,65.28,21.35,195.84,64.05,131.79,0.00,Delivered,0
10906,2025-01-08,C1151,AMER,Mexico,Software,Design Suite,Mid-Market,6,318.75,26.65,1530.00,159.90,1370.10,0.20,Delivered,0
11121,2025-01-09,C1181,EMEA,Netherlands,Hardware,Webcam HD,Enterprise,18,93.94,31.53,1606.37,567.54,1038.83,0.05,Delivered,0
12087,2025-01-10,C1065,AMER,Brazil,Accessories,Carry Sleeve,SMB,8,35.35,7.89,282.80,63.12,219.68,0.00,Delivered,0
12410,2025-01-10,C1028,EMEA,France,Hardware,Docking Station,SMB,8,261.00,89.17,2088.00,713.36,1374.64,0.00,Pending,0
12540,2025-01-11,C1260,AMER,Canada,Hardware,Webcam HD,Consumer,1,92.98,32.43,92.98,32.43,60.55,0.00,Delivered,0
10549,2025-01-12,C1234,AMER,United States,Hardware,USB-C Hub,Consumer,2,60.68,21.52,121.36,43.04,78.32,0.00,Delivered,0
10215,2025-01-13,C1197,AMER,Canada,Hardware,Docking Station,Enterprise,8,260.22,91.48,2081.76,731.84,1349.92,0.00,Delivered,0
10822,2025-01-13,C1161,APAC,India,Services,Training Course,Mid-Market,4,421.70,83.61,1686.80,334.44,1352.36,0.00,Delivered,0
11483,2025-01-13,C1048,EMEA,Spain,Services,Priority Support,SMB,4,222.01,36.63,888.04,146.52,741.52,0.00,Pending,0
11826,2025-01-13,C1186,EMEA,Germany,Services,Custom Integration,Enterprise,12,1567.98,399.80,14111.82,4797.60,9314.22,0.25,Delivered,0
10778,2025-01-14,C1303,AMER,Brazil,Services,Training Course,Consumer,3,459.41,84.56,1171.50,253.68,917.82,0.15,Delivered,0
11805,2025-01-14,C1089,AMER,Brazil,Accessories,Monitor Arm,SMB,7,109.39,34.65,765.73,242.55,523.18,0.00,Delivered,0
12372,2025-01-14,C1208,EMEA,Netherlands,Services,Training Course,Enterprise,14,409.49,87.64,5732.86,1226.96,4505.90,0.00,Delivered,0
12851,2025-01-14,C1155,EMEA,United Kingdom,Software,Design Suite,Mid-Market,2,313.32,28.55,626.64,57.10,569.54,0.00,Pending,0
10079,2025-01-15,C1232,APAC,Japan,Software,VPN Annual,Consumer,2,45.97,3.08,91.94,6.16,85.78,0.00,Delivered,0
11677,2025-01-15,C1130,AMER,Brazil,Accessories,Cable Set,Mid-Market,4,17.80,4.48,67.64,17.92,49.72,0.05,Delivered,0
11954,2025-01-15,C1166,APAC,India,Accessories,Desk Mat,Mid-Market,10,28.61,6.48,286.10,64.80,221.30,0.00,Delivered,1
12086,2025-01-15,C1101,APAC,Singapore,Hardware,Mechanical Keyboard,SMB,1,159.04,47.99,159.04,47.99,111.05,,Delivered,0
12153,2025-01-15,C1073,AMER,United States,Software,Analytics Platform,SMB,6,485.96,35.76,2915.76,214.56,2701.20,0.00,Delivered,0
10660,2025-01-16,C1029,AMER,United States,Services,Onboarding Workshop,SMB,3,638.55,153.87,1915.65,461.61,1454.04,0.00,Delivered,0
12805,2025-01-16,C1166,AMER,Mexico,Hardware,Docking Station,Mid-Market,10,252.39,94.38,2523.90,943.80,1580.10,0.00,Delivered,0
10438,2025-01-17,C1253,AMER,Brazil,Software,VPN Annual,Consumer,3,47.42,3.17,142.26,9.51,132.75,0.00,Delivered,1
10973,2025-01-17,C1153,EMEA,Netherlands,Accessories,Monitor Arm,Mid-Market,11,111.75,34.59,1229.25,380.49,848.76,0.00,Delivered,0
11341,2025-01-17,C1190,EMEA,Sweden,Accessories,Carry Sleeve,Enterprise,7,36.41,8.04,242.13,56.28,185.85,0.05,Delivered,0
11453,2025-01-17,C1215,AMER,Brazil,Hardware,Webcam HD,Consumer,4,95.01,32.22,304.03,128.88,175.15,0.20,Delivered,0
12006,2025-01-18,C1106,EMEA,Spain,Hardware,Mechanical Keyboard,SMB,3,162.91,49.32,488.73,147.96,340.77,0.00,Delivered,0
12567,2025-01-18,C1289,EMEA,Germany,Services,Onboarding Workshop,Consumer,3,596.99,152.57,1790.97,457.71,1333.26,0.00,Delivered,0
11875,2025-01-19,C1100,EMEA,Netherlands,Hardware,Webcam HD,SMB,6,98.59,30.67,591.54,184.02,407.52,0.00,Delivered,0
10141,2025-01-20,C1200,AMER,Brazil,Services,Custom Integration,Enterprise,20,1574.45,439.15,26765.65,8783.00,17982.65,0.15,Delivered,0
10846,2025-01-20,C1160,APAC,India,Hardware,Laptop Stand,Mid-Market,11,57.22,15.79,629.42,173.69,455.73,0.00,Delivered,0
10972,2025-01-20,C1221,EMEA,Finland,Software,Editor Pro License,Consumer,3,118.19,10.39,354.57,31.17,323.40,0.00,Delivered,0
11764,2025-01-20,C1197,APAC,Singapore,Services,Training Course,Enterprise,6,422.78,90.38,2156.18,542.28,1613.90,0.15,Delivered,0
11904,2025-01-21,C1002,AMER,Brazil,Hardware,USB-C Hub,SMB,3,59.70,20.48,179.10,61.44,117.66,0.00,Delivered,0
10018,2025-01-22,C1283,AMER,Canada,Accessories,Monitor Arm,Consumer,2,112.16,32.71,224.32,65.42,158.90,0.00,Shipped,0
11015,2025-01-22,C1201,AMER,Brazil,Hardware,Laptop Stand,Enterprise,14,57.81,15.59,607.00,218.26,388.74,0.25,Delivered,0
12147,2025-01-22,C1166,AMER,United States,Hardware,"27"" Monitor",Mid-Market,5,417.69,137.14,1984.03,685.70,1298.33,0.05,Delivered,1
11621,2025-01-24,C1136,APAC,South Korea,Software,Analytics Platform,Mid-Market,7,480.94,36.44,3366.58,255.08,3111.50,0.00,Delivered,0
11050,2025-01-25,C1184,APAC,Japan,Hardware,Mechanical Keyboard,Enterprise,10,160.16,47.65,1601.60,476.50,1125.10,0.00,Delivered,0
11443,2025-01-25,C1181,EMEA,France,Accessories,Carry Sleeve,Enterprise,15,35.78,8.51,509.87,127.65,382.22,0.05,Delivered,0
11624,2025-01-25,C1086,AMER,Brazil,Accessories,Desk Mat,SMB,4,29.61,6.37,118.44,25.48,92.96,0.00,Delivered,0
12702,2025-01-25,C1178,APAC,Japan,Services,Training Course,Mid-Market,7,441.51,84.00,2472.46,588.00,1884.46,0.20,Delivered,0
10156,2025-01-26,C1031,APAC,India,Services,Onboarding Workshop,SMB,3,589.28,156.76,1679.45,470.28,1209.17,0.05,Delivered,0
10512,2025-01-26,C1168,APAC,India,Software,Editor Pro License,Mid-Market,7,118.65,10.03,830.55,70.21,760.34,0.00,Delivered,0
11511,2025-01-26,C1137,APAC,Australia,Services,Custom Integration,Mid-Market,5,1560.75,418.99,7803.75,2094.95,5708.80,0.00,Pending,0
11795,2025-01-26,C1144,AMER,Canada,Services,Onboarding Workshop,Mid-Market,2,646.93,156.95,1293.86,313.90,979.96,0.00,Delivered,0
10149,2025-01-27,C1169,AMER,Canada,Software,Cloud Backup 1TB,Mid-Market,10,76.96,7.29,769.60,72.90,696.70,,Delivered,0
10900,2025-01-27,C1221,AMER,Canada,Software,Cloud Backup 1TB,Consumer,2,71.90,7.05,143.80,14.10,129.70,0.00,Delivered,0
11097,2025-01-27,C1094,AMER,Canada,Software,Analytics Platform,SMB,2,482.33,36.42,964.66,72.84,891.82,0.00,Delivered,0
11715,2025-01-27,C1193,EMEA,Germany,Software,Design Suite,Enterprise,10,293.90,28.17,2939.00,281.70,2657.30,0.00,Delivered,0
12142,2025-01-27,C1035,APAC,Japan,Hardware,Mechanical Keyboard,SMB,4,161.11,49.95,644.44,199.80,444.64,0.00,Delivered,0
12166,2025-01-27,C1117,EMEA,Spain,Accessories,Carry Sleeve,SMB,8,37.24,7.97,297.92,63.76,234.16,0.00,Delivered,0
12547,2025-01-27,C1180,APAC,South Korea,Services,Onboarding Workshop,Mid-Market,3,593.75,153.68,1781.25,461.04,1320.21,0.00,Delivered,0
10258,2025-01-28,C1268,EMEA,Finland,Software,VPN Annual,Consumer,1,49.35,3.12,49.35,3.12,46.23,0.00,Delivered,0
12642,2025-01-28,C1168,APAC,Singapore,Accessories,Carry Sleeve,Mid-Market,6,34.34,8.18,206.04,49.08,156.96,0.00,Delivered,0
10291,2025-01-29,C1201,AMER,Canada,Hardware,Mechanical Keyboard,Enterprise,13,168.73,49.43,2193.49,642.59,1550.90,0.00,Delivered,0
11592,2025-01-29,C1050,EMEA,United Kingdom,Hardware,Docking Station,SMB,2,255.89,95.83,511.78,191.66,320.12,0.00,Delivered,0
12438,2025-01-29,C1026,AMER,Brazil,Hardware,USB-C Hub,SMB,1,59.04,21.03,59.04,21.03,38.01,0.00,Delivered,0
10963,2025-01-30,C1090,APAC,Singapore,Hardware,Mechanical Keyboard,SMB,1,163.07,48.37,163.07,48.37,114.70,0.00,Delivered,0
11145,2025-01-30,C1130,EMEA,France,Software,Design Suite,Mid-Market,2,296.27,26.16,592.54,52.32,540.22,0.00,Delivered,0
12291,2025-01-30,C1137,AMER,Brazil,Hardware,Mechanical Keyboard,Mid-Market,6,168.72,47.07,860.47,282.42,578.05,0.15,Delivered,0
10061,2025-01-31,C1026,EMEA,Netherlands,Software,VPN Annual,SMB,8,49.96,3.12,399.68,24.96,374.72,0.00,Delivered,0
11036,2025-01-31,C1187,EMEA,Finland,Hardware,Docking Station,Enterprise,15,245.00,91.15,3675.00,1367.25,2307.75,0.00,Delivered,0
11243,2025-02-01,C1196,AMER,Canada,Accessories,Cable Set,Enterprise,20,17.50,4.54,350.00,90.80,259.20,0.00,Cancelled,0
12096,2025-02-01,C1031,AMER,Canada,Accessories,Cable Set,SMB,5,18.84,4.53,84.78,22.65,62.13,0.10,Pending,0
10244,2025-02-02,C1283,EMEA,Spain,Hardware,Laptop Stand,Consumer,2,56.42,15.67,95.91,31.34,64.57,0.15,Delivered,0
11260,2025-02-02,C1162,APAC,Singapore,Hardware,Docking Station,Mid-Market,5,255.91,92.15,1279.55,460.75,818.80,0.00,Delivered,0
11270,2025-02-02,C1043,AMER,Brazil,Hardware,Docking Station,SMB,5,247.45,95.41,1237.25,477.05,760.20,0.00,Delivered,0
12088,2025-02-02,C1104,AMER,Brazil,Software,Cloud Backup 1TB,SMB,2,73.98,6.96,147.96,13.92,134.04,,Delivered,0
12352,2025-02-02,C1194,AMER,United States,Services,Custom Integration,Enterprise,7,1412.37,429.02,9886.59,3003.14,6883.45,0.00,Cancelled,0
11666,2025-02-03,C1008,EMEA,Spain,Software,Design Suite,SMB,2,322.18,26.08,644.36,52.16,592.20,0.00,Pending,0
10216,2025-02-04,C1244,EMEA,Germany,Hardware,Webcam HD,Consumer,4,97.85,33.12,391.40,132.48,258.92,0.00,Delivered,0
10990,2025-02-04,C1073,AMER,Brazil,Hardware,Laptop Stand,SMB,8,56.50,15.67,452.00,125.36,326.64,0.00,Delivered,0
12039,2025-02-04,C1288,AMER,United States,Hardware,Webcam HD,Consumer,1,103.02,32.58,103.02,32.58,70.44,0.00,Delivered,0
11203,2025-02-05,C1151,AMER,Canada,Accessories,Cable Set,Mid-Market,5,18.55,4.24,92.75,21.20,71.55,0.00,Delivered,0
10091,2025-02-06,C1193,AMER,United States,Services,Training Course,Enterprise,16,454.01,86.62,7264.16,1385.92,5878.24,0.00,Delivered,0
10502,2025-02-06,C1176,EMEA,Finland,Software,Design Suite,Mid-Market,11,324.03,27.95,3564.33,307.45,3256.88,0.00,Pending,0
10718,2025-02-06,C1094,AMER,United States,Hardware,USB-C Hub,SMB,3,64.40,20.02,193.20,60.06,133.14,,Delivered,0
11194,2025-02-06,C1145,EMEA,Sweden,Hardware,Webcam HD,Mid-Market,6,97.14,31.93,582.84,191.58,391.26,,Delivered,0
12167,2025-02-06,C1203,APAC,South Korea,Hardware,Mechanical Keyboard,Enterprise,13,156.00,48.68,2028.00,632.84,1395.16,0.00,Delivered,0
10653,2025-02-07,C1069,APAC,South Korea,Services,Priority Support,SMB,1,230.18,37.44,230.18,37.44,192.74,0.00,Delivered,0
11081,2025-02-07,C1063,AMER,Canada,Hardware,USB-C Hub,SMB,5,60.23,19.96,301.15,99.80,201.35,0.00,Cancelled,0
11661,2025-02-07,C1038,AMER,Mexico,Software,Cloud Backup 1TB,SMB,4,77.40,7.36,309.60,29.44,280.16,,Delivered,0
12831,2025-02-07,C1244,AMER,United States,Hardware,USB-C Hub,Consumer,1,60.76,20.70,60.76,20.70,40.06,,Delivered,0
12995,2025-02-07,C1190,EMEA,Finland,Hardware,Mechanical Keyboard,Enterprise,8,155.61,50.54,1244.88,404.32,840.56,0.00,Delivered,0
10869,2025-02-09,C1191,AMER,United States,Accessories,Monitor Arm,Enterprise,19,107.52,33.39,2042.88,634.41,1408.47,0.00,Delivered,0
12046,2025-02-09,C1036,AMER,Mexico,Software,Editor Pro License,SMB,5,120.90,9.77,604.50,48.85,555.65,0.00,Delivered,0
12068,2025-02-09,C1034,APAC,India,Hardware,Mechanical Keyboard,SMB,3,155.89,50.31,467.67,150.93,316.74,0.00,Cancelled,0
12185,2025-02-09,C1190,APAC,South Korea,Hardware,Docking Station,Enterprise,9,255.73,92.75,2301.57,834.75,1466.82,0.00,Delivered,0
10280,2025-02-10,C1165,APAC,India,Hardware,Webcam HD,Mid-Market,6,95.47,32.39,572.82,194.34,378.48,0.00,Delivered,0
10372,2025-02-10,C1154,APAC,Singapore,Hardware,Docking Station,Mid-Market,9,258.66,91.89,2211.54,827.01,1384.53,0.05,Delivered,0
12325,2025-02-10,C1199,AMER,United States,Software,Cloud Backup 1TB,Enterprise,15,72.49,7.18,1087.35,107.70,979.65,0.00,Delivered,1
10556,2025-02-11,C1101,AMER,Canada,Services,Onboarding Workshop,SMB,4,601.50,153.92,1924.80,615.68,1309.12,0.20,Delivered,0
11054,2025-02-11,C1037,APAC,India,Hardware,Laptop Stand,SMB,4,52.48,15.90,209.92,63.60,146.32,0.00,Delivered,0
11976,2025-02-11,C1167,EMEA,Sweden,Hardware,Mechanical Keyboard,Mid-Market,11,154.97,50.47,1704.67,555.17,1149.50,,Delivered,1
12015,2025-02-11,C1204,EMEA,Germany,Software,Cloud Backup 1TB,Enterprise,3,71.65,6.92,214.95,20.76,194.19,0.00,Delivered,0
12130,2025-02-11,C1035,AMER,United States,Services,Custom Integration,SMB,1,1494.30,433.18,1494.30,433.18,1061.12,0.00,Delivered,0
10373,2025-02-12,C1151,EMEA,United Kingdom,Software,Editor Pro License,Mid-Market,6,125.04,9.88,750.24,59.28,690.96,0.00,Delivered,0
10800,2025-02-12,C1078,EMEA,Sweden,Hardware,Mechanical Keyboard,SMB,7,157.59,48.67,1103.13,340.69,762.44,0.00,Delivered,0
12252,2025-02-12,C1172,AMER,Brazil,Software,Design Suite,Mid-Market,11,298.30,26.52,3281.30,291.72,2989.58,0.00,Delivered,0
12657,2025-02-12,C1190,AMER,Brazil,Accessories,Cable Set,Enterprise,8,17.88,4.23,143.04,33.84,109.20,0.00,Shipped,0
11573,2025-02-13,C1038,APAC,India,Accessories,Carry Sleeve,SMB,2,35.23,8.31,63.41,16.62,46.79,0.10,Shipped,0
12880,2025-02-13,C1184,AMER,Brazil,Hardware,Docking Station,Enterprise,7,250.90,93.19,1668.48,652.33,1016.15,0.05,Delivered,0
10284,2025-02-14,C1158,EMEA,France,Hardware,Mechanical Keyboard,Mid-Market,6,160.40,50.32,962.40,301.92,660.48,0.00,Delivered,0
10483,2025-02-14,C1187,EMEA,Netherlands,Services,Priority Support,Enterprise,19,234.46,36.56,4232.00,694.64,3537.36,0.05,Delivered,0
10692,2025-02-14,C1175,AMER,Brazil,Software,Analytics Platform,Mid-Market,4,497.00,36.36,1988.00,145.44,1842.56,0.00,Delivered,0
11539,2025-02-14,C1200,AMER,United States,Services,Priority Support,Enterprise,4,235.88,34.50,943.52,138.00,805.52,0.00,Delivered,0
12099,2025-02-14,C1157,APAC,South Korea,Hardware,USB-C Hub,Mid-Market,7,60.54,21.91,360.21,153.37,206.84,0.15,Delivered,0
10482,2025-02-15,C1138,EMEA,France,Software,Analytics Platform,Mid-Market,10,472.33,36.45,4487.14,364.50,4122.64,0.05,Cancelled,0
10880,2025-02-15,C1145,AMER,Mexico,Accessories,Monitor Arm,Mid-Market,6,105.80,34.89,634.80,209.34,425.46,0.00,Delivered,0
11010,2025-02-15,C1162,AMER,United States,Software,Cloud Backup 1TB,Mid-Market,5,72.34,7.38,361.70,36.90,324.80,0.00,Delivered,0
12440,2025-02-15,C1185,APAC,Australia,Hardware,Docking Station,Enterprise,13,260.57,92.38,3387.41,1200.94,2186.47,0.00,Delivered,0
12885,2025-02-15,C1142,APAC,Japan,Software,VPN Annual,Mid-Market,12,50.90,2.99,610.80,35.88,574.92,0.00,Delivered,0
10318,2025-02-16,C1134,EMEA,Germany,Software,Cloud Backup 1TB,Mid-Market,6,73.94,7.04,354.91,42.24,312.67,0.20,Shipped,0
11854,2025-02-16,C1132,APAC,India,Software,Analytics Platform,Mid-Market,5,523.96,36.02,2619.80,180.10,2439.70,0.00,Delivered,0
12219,2025-02-16,C1188,AMER,Brazil,Hardware,Webcam HD,Enterprise,11,101.64,32.25,1118.04,354.75,763.29,0.00,Delivered,0
11320,2025-02-17,C1157,APAC,Japan,Software,VPN Annual,Mid-Market,12,47.33,3.00,567.96,36.00,531.96,0.00,Delivered,0
11886,2025-02-17,C1182,AMER,United States,Hardware,Webcam HD,Enterprise,11,102.48,32.79,1127.28,360.69,766.59,0.00,Delivered,0
10001,2025-02-18,C1091,EMEA,Sweden,Hardware,Docking Station,SMB,5,240.79,95.80,1203.95,479.00,724.95,0.00,Delivered,0
10861,2025-02-18,C1198,EMEA,Germany,Accessories,Cable Set,Enterprise,18,17.29,4.48,311.22,80.64,230.58,0.00,Delivered,0
11894,2025-02-18,C1098,AMER,Canada,Hardware,Laptop Stand,SMB,4,53.42,14.71,213.68,58.84,154.84,0.00,Delivered,1
12665,2025-02-18,C1184,EMEA,Germany,Hardware,USB-C Hub,Enterprise,13,61.26,21.65,716.74,281.45,435.29,0.10,Delivered,0
10565,2025-02-19,C1204,EMEA,Sweden,Software,Design Suite,Enterprise,17,317.61,26.41,5399.37,448.97,4950.40,,Delivered,0
11000,2025-02-19,C1189,AMER,United States,Hardware,USB-C Hub,Enterprise,8,64.98,21.01,519.84,168.08,351.76,0.00,Delivered,0
12089,2025-02-19,C1090,AMER,United States,Software,Design Suite,SMB,3,313.29,27.17,939.87,81.51,858.36,,Delivered,1
11411,2025-02-20,C1197,APAC,Japan,Hardware,Mechanical Keyboard,Enterprise,14,163.29,51.28,2286.06,717.92,1568.14,0.00,Pending,0
12415,2025-02-20,C1100,AMER,Mexico,Hardware,"27"" Monitor",SMB,6,376.40,139.58,2258.40,837.48,1420.92,0.00,Delivered,0
10603,2025-02-21,C1020,AMER,Canada,Accessories,Desk Mat,SMB,6,28.29,6.00,169.74,36.00,133.74,0.00,Delivered,0
11069,2025-02-21,C1192,EMEA,Netherlands,Accessories,Monitor Arm,Enterprise,8,112.91,32.22,903.28,257.76,645.52,0.00,Delivered,0
11685,2025-02-21,C1158,AMER,United States,Software,VPN Annual,Mid-Market,3,49.06,3.09,125.10,9.27,115.83,0.15,Delivered,0
10344,2025-02-22,C1310,APAC,Singapore,Hardware,USB-C Hub,Consumer,3,62.90,20.67,188.70,62.01,126.69,0.00,Delivered,0
10980,2025-02-22,C1229,APAC,Japan,Hardware,Mechanical Keyboard,Consumer,4,165.97,50.35,663.88,201.40,462.48,0.00,Delivered,0
11079,2025-02-22,C1264,APAC,Japan,Accessories,Carry Sleeve,Consumer,1,37.09,8.48,37.09,8.48,28.61,0.00,Delivered,0
11905,2025-02-22,C1164,EMEA,United Kingdom,Hardware,"27"" Monitor",Mid-Market,7,393.54,145.24,2754.78,1016.68,1738.10,,Delivered,0
12272,2025-02-22,C1005,AMER,Mexico,Services,Priority Support,SMB,1,214.88,34.88,214.88,34.88,180.00,0.00,Delivered,0
12881,2025-02-22,C1203,AMER,United States,Software,Analytics Platform,Enterprise,13,484.64,35.62,6300.32,463.06,5837.26,,Delivered,0
11033,2025-02-23,C1082,EMEA,United Kingdom,Software,Cloud Backup 1TB,SMB,4,73.81,7.42,295.24,29.68,265.56,0.00,Delivered,0
11150,2025-02-24,C1112,APAC,India,Software,Editor Pro License,SMB,2,126.15,10.20,252.30,20.40,231.90,,Delivered,0
12996,2025-02-24,C1014,AMER,Canada,Hardware,Docking Station,SMB,5,251.32,87.26,1256.60,436.30,820.30,0.00,Delivered,0
10039,2025-02-25,C1042,AMER,Mexico,Hardware,Laptop Stand,SMB,4,52.97,14.90,211.88,59.60,152.28,0.00,Delivered,1
10750,2025-02-25,C1148,AMER,United States,Services,Custom Integration,Mid-Market,8,1437.30,406.16,11498.40,3249.28,8249.12,0.00,Delivered,0
11980,2025-02-25,C1123,APAC,Japan,Accessories,Monitor Arm,Mid-Market,8,114.32,32.85,914.56,262.80,651.76,0.00,Delivered,0
12749,2025-02-25,C1017,EMEA,Sweden,Services,Priority Support,SMB,1,229.59,37.08,229.59,37.08,192.51,0.00,Delivered,0
10562,2025-02-26,C1262,EMEA,France,Services,Training Course,Consumer,1,412.23,90.26,309.17,90.26,218.91,0.25,Delivered,0
10777,2025-02-26,C1175,EMEA,France,Software,VPN Annual,Mid-Market,2,47.23,3.06,94.46,6.12,88.34,0.00,Delivered,0
10865,2025-02-26,C1168,AMER,United States,Hardware,USB-C Hub,Mid-Market,8,61.48,20.03,491.84,160.24,331.60,0.00,Delivered,0
11205,2025-02-26,C1136,AMER,Brazil,Accessories,Monitor Arm,Mid-Market,12,104.00,34.61,998.40,415.32,583.08,0.20,Delivered,0
10187,2025-02-27,C1263,APAC,Singapore,Accessories,Carry Sleeve,Consumer,1,36.64,8.23,36.64,8.23,28.41,0.00,Delivered,0
10561,2025-02-27,C1168,EMEA,Sweden,Services,Custom Integration,Mid-Market,11,1503.08,423.40,16533.88,4657.40,11876.48,0.00,Delivered,0
10899,2025-02-27,C1058,EMEA,Spain,Services,Training Course,SMB,6,442.79,83.15,2125.39,498.90,1626.49,0.20,Shipped,0
12124,2025-02-27,C1198,AMER,Mexico,Hardware,Laptop Stand,Enterprise,8,53.56,14.67,428.48,117.36,311.12,0.00,Shipped,0
12970,2025-02-27,C1254,APAC,India,Hardware,Docking Station,Consumer,3,256.80,87.32,770.40,261.96,508.44,0.00,Delivered,0
10590,2025-02-28,C1170,APAC,Singapore,Accessories,Desk Mat,Mid-Market,7,29.82,6.46,208.74,45.22,163.52,0.00,Shipped,0
10852,2025-02-28,C1295,EMEA,Netherlands,Services,Priority Support,Consumer,4,232.00,37.15,928.00,148.60,779.40,0.00,Delivered,0
11207,2025-02-28,C1273,EMEA,United Kingdom,Hardware,"27"" Monitor",Consumer,4,386.76,142.68,1547.04,570.72,976.32,0.00,Cancelled,0
12408,2025-02-28,C1174,AMER,Brazil,Services,Custom Integration,Mid-Market,4,1475.82,415.64,5903.28,1662.56,4240.72,0.00,Delivered,0
11049,2025-03-01,C1120,AMER,Brazil,Software,Cloud Backup 1TB,SMB,5,73.35,6.76,366.75,33.80,332.95,0.00,Delivered,0
10257,2025-03-02,C1200,EMEA,United Kingdom,Hardware,Webcam HD,Enterprise,18,102.47,32.68,1844.46,588.24,1256.22,0.00,Delivered,0
10333,2025-03-02,C1243,AMER,Canada,Hardware,Docking Station,Consumer,3,257.47,89.39,772.41,268.17,504.24,0.00,Delivered,1
11396,2025-03-02,C1210,APAC,South Korea,Accessories,Carry Sleeve,Enterprise,18,37.27,8.15,637.32,146.70,490.62,0.05,Delivered,0
11464,2025-03-02,C1259,AMER,Canada,Software,Analytics Platform,Consumer,2,489.69,35.60,979.38,71.20,908.18,0.00,Cancelled,0
12753,2025-03-02,C1087,AMER,Brazil,Hardware,Webcam HD,SMB,4,93.67,32.17,281.01,128.68,152.33,0.25,Delivered,0
12804,2025-03-02,C1091,AMER,Brazil,Software,Editor Pro License,SMB,3,129.70,10.38,389.10,31.14,357.96,0.00,Delivered,0
10092,2025-03-03,C1106,EMEA,Finland,Services,Priority Support,SMB,2,224.82,34.99,449.64,69.98,379.66,0.00,Shipped,0
10272,2025-03-03,C1016,APAC,Japan,Hardware,Laptop Stand,SMB,6,51.33,15.12,307.98,90.72,217.26,,Delivered,0
10719,2025-03-03,C1184,AMER,Brazil,Accessories,Cable Set,Enterprise,18,17.58,4.49,237.33,80.82,156.51,0.25,Cancelled,0
12513,2025-03-03,C1138,EMEA,Finland,Hardware,"27"" Monitor",Mid-Market,5,371.87,142.44,1859.35,712.20,1147.15,0.00,Delivered,0
12931,2025-03-03,C1148,EMEA,Germany,Software,Cloud Backup 1TB,Mid-Market,12,70.84,7.03,850.08,84.36,765.72,0.00,Delivered,0
10053,2025-03-04,C1008,AMER,Brazil,Hardware,Webcam HD,SMB,8,103.10,30.32,824.80,242.56,582.24,0.00,Delivered,0
10340,2025-03-04,C1284,EMEA,Finland,Hardware,Laptop Stand,Consumer,1,54.81,15.48,54.81,15.48,39.33,0.00,Delivered,0
11186,2025-03-04,C1192,APAC,Japan,Hardware,Laptop Stand,Enterprise,17,55.03,15.22,935.51,258.74,676.77,0.00,Cancelled,0
11679,2025-03-04,C1132,EMEA,Netherlands,Hardware,Mechanical Keyboard,Mid-Market,10,164.00,46.62,1640.00,466.20,1173.80,0.00,Delivered,0
11460,2025-03-05,C1197,EMEA,France,Services,Priority Support,Enterprise,5,223.03,35.96,1115.15,179.80,935.35,0.00,Delivered,0
11879,2025-03-05,C1175,EMEA,Finland,Services,Custom Integration,Mid-Market,9,1423.37,423.20,11529.30,3808.80,7720.50,0.10,Delivered,0
12801,2025-03-05,C1191,APAC,India,Hardware,USB-C Hub,Enterprise,10,60.14,20.71,511.19,207.10,304.09,0.15,Delivered,0
10616,2025-03-06,C1189,EMEA,France,Hardware,USB-C Hub,Enterprise,14,60.13,20.99,757.64,293.86,463.78,0.10,Delivered,0
10772,2025-03-06,C1268,EMEA,Sweden,Hardware,USB-C Hub,Consumer,1,62.04,20.59,62.04,20.59,41.45,0.00,Cancelled,0
11782,2025-03-06,C1178,APAC,Singapore,Accessories,Cable Set,Mid-Market,7,16.99,4.41,118.93,30.87,88.06,0.00,Delivered,0
10879,2025-03-07,C1269,APAC,South Korea,Software,VPN Annual,Consumer,2,45.48,3.13,68.22,6.26,61.96,0.25,Delivered,0
11618,2025-03-07,C1210,APAC,South Korea,Software,Editor Pro License,Enterprise,15,125.77,10.00,1886.55,150.00,1736.55,0.00,Pending,0
11726,2025-03-07,C1195,EMEA,Netherlands,Accessories,Cable Set,Enterprise,4,18.71,4.17,74.84,16.68,58.16,0.00,Delivered,0
10126,2025-03-08,C1184,EMEA,Spain,Accessories,Cable Set,Enterprise,5,17.56,4.49,87.80,22.45,65.35,0.00,Pending,0
10760,2025-03-08,C1002,AMER,United States,Services,Training Course,SMB,4,428.59,86.54,1714.36,346.16,1368.20,0.00,Delivered,0
12232,2025-03-08,C1137,EMEA,Spain,Services,Training Course,Mid-Market,2,450.31,83.39,900.62,166.78,733.84,,Shipped,0
10593,2025-03-09,C1084,APAC,South Korea,Hardware,Laptop Stand,SMB,3,56.10,15.23,168.30,45.69,122.61,0.00,Delivered,0
11572,2025-03-09,C1215,APAC,India,Accessories,Cable Set,Consumer,3,18.79,4.34,56.37,13.02,43.35,0.00,Delivered,0
12233,2025-03-09,C1213,APAC,Australia,Hardware,Laptop Stand,Consumer,4,56.57,15.61,169.71,62.44,107.27,0.25,Delivered,0
10702,2025-03-10,C1191,AMER,Brazil,Hardware,"27"" Monitor",Enterprise,6,419.01,146.45,2514.06,878.70,1635.36,0.00,Delivered,0
11978,2025-03-11,C1192,EMEA,Spain,Software,VPN Annual,Enterprise,9,48.17,3.03,433.53,27.27,406.26,,Delivered,0
12639,2025-03-11,C1259,AMER,Brazil,Hardware,Mechanical Keyboard,Consumer,1,166.14,48.18,166.14,48.18,117.96,0.00,Delivered,0
10421,2025-03-13,C1063,AMER,Brazil,Services,Onboarding Workshop,SMB,6,589.05,149.51,3534.30,897.06,2637.24,0.00,Delivered,0
11179,2025-03-13,C1074,APAC,South Korea,Hardware,Laptop Stand,SMB,5,55.33,14.65,276.65,73.25,203.40,0.00,Delivered,0
11617,2025-03-13,C1073,AMER,Canada,Accessories,Cable Set,SMB,1,17.08,4.26,17.08,4.26,12.82,0.00,Delivered,0
10310,2025-03-14,C1083,APAC,South Korea,Services,Onboarding Workshop,SMB,5,604.41,150.62,3022.05,753.10,2268.95,0.00,Delivered,0
12020,2025-03-14,C1121,APAC,Japan,Software,VPN Annual,Mid-Market,5,50.75,3.16,253.75,15.80,237.95,0.00,Delivered,0
11676,2025-03-15,C1293,AMER,United States,Software,Cloud Backup 1TB,Consumer,4,72.46,7.38,289.84,29.52,260.32,0.00,Delivered,0
12882,2025-03-15,C1087,AMER,Canada,Software,VPN Annual,SMB,1,48.05,3.16,45.65,3.16,42.49,0.05,Delivered,0
10604,2025-03-16,C1170,AMER,United States,Accessories,Desk Mat,Mid-Market,11,31.10,6.33,290.79,69.63,221.16,0.15,Delivered,0
11996,2025-03-16,C1005,EMEA,Sweden,Hardware,Laptop Stand,SMB,5,54.58,15.44,272.90,77.20,195.70,0.00,Delivered,0
11818,2025-03-17,C1023,EMEA,Sweden,Accessories,Carry Sleeve,SMB,5,34.83,8.02,130.61,40.10,90.51,0.25,Delivered,0
12250,2025-03-17,C1124,APAC,Japan,Software,Design Suite,Mid-Market,2,293.60,28.00,587.20,56.00,531.20,0.00,Delivered,0
12345,2025-03-17,C1028,EMEA,Netherlands,Services,Custom Integration,SMB,7,1540.07,433.72,10780.49,3036.04,7744.45,0.00,Delivered,0
12402,2025-03-17,C1038,APAC,Japan,Services,Priority Support,SMB,6,235.03,35.09,1410.18,210.54,1199.64,0.00,Shipped,0
12653,2025-03-17,C1176,APAC,Australia,Software,VPN Annual,Mid-Market,9,49.66,3.00,446.94,27.00,419.94,0.00,Delivered,0
11544,2025-03-18,C1078,AMER,Mexico,Accessories,Monitor Arm,SMB,3,112.30,35.41,336.90,106.23,230.67,0.00,Delivered,0
10148,2025-03-19,C1198,AMER,Brazil,Accessories,Cable Set,Enterprise,4,18.65,4.31,70.87,17.24,53.63,0.05,Delivered,0
10460,2025-03-19,C1175,EMEA,Sweden,Software,Editor Pro License,Mid-Market,8,116.82,10.12,934.56,80.96,853.60,,Cancelled,0
11051,2025-03-19,C1170,AMER,Mexico,Hardware,Webcam HD,Mid-Market,5,96.12,30.70,384.48,153.50,230.98,0.20,Delivered,0
12016,2025-03-19,C1041,EMEA,Netherlands,Software,Design Suite,SMB,4,293.84,27.57,1175.36,110.28,1065.08,0.00,Delivered,0
12322,2025-03-19,C1024,AMER,Brazil,Accessories,Carry Sleeve,SMB,5,36.82,8.30,184.10,41.50,142.60,0.00,Delivered,1
12371,2025-03-19,C1183,AMER,Canada,Software,Editor Pro License,Enterprise,6,126.81,9.45,760.86,56.70,704.16,0.00,Delivered,0
12811,2025-03-19,C1200,AMER,Canada,Hardware,"27"" Monitor",Enterprise,20,378.45,146.38,7569.00,2927.60,4641.40,0.00,Delivered,0
10552,2025-03-20,C1147,AMER,Brazil,Software,Analytics Platform,Mid-Market,4,488.76,37.12,1955.04,148.48,1806.56,0.00,Pending,0
11029,2025-03-20,C1053,AMER,Mexico,Services,Onboarding Workshop,SMB,8,623.87,155.26,4990.96,1242.08,3748.88,0.00,Delivered,0
11368,2025-03-20,C1175,APAC,India,Services,Onboarding Workshop,Mid-Market,9,593.90,152.45,5345.10,1372.05,3973.05,0.00,Delivered,0
11612,2025-03-20,C1049,AMER,Mexico,Hardware,"27"" Monitor",SMB,8,382.05,139.47,3056.40,1115.76,1940.64,0.00,Delivered,0
11985,2025-03-20,C1210,EMEA,Sweden,Hardware,"27"" Monitor",Enterprise,10,410.71,133.72,4107.10,1337.20,2769.90,0.00,Delivered,0
12257,2025-03-20,C1022,EMEA,Netherlands,Hardware,Docking Station,SMB,8,240.20,90.26,1825.52,722.08,1103.44,0.05,Shipped,0
10049,2025-03-21,C1036,APAC,Australia,Software,Cloud Backup 1TB,SMB,4,73.00,7.06,292.00,28.24,263.76,0.00,Delivered,0
10314,2025-03-21,C1254,EMEA,Spain,Software,Analytics Platform,Consumer,4,519.81,35.43,2079.24,141.72,1937.52,0.00,Delivered,0
12940,2025-03-21,C1196,EMEA,Germany,Hardware,Mechanical Keyboard,Enterprise,12,155.59,48.90,1867.08,586.80,1280.28,0.00,Delivered,0
10434,2025-03-22,C1086,AMER,United States,Accessories,Carry Sleeve,SMB,1,36.17,8.07,28.94,8.07,20.87,0.20,Delivered,0
10654,2025-03-22,C1177,EMEA,Sweden,Services,Custom Integration,Mid-Market,5,1458.18,434.98,7290.90,2174.90,5116.00,0.00,Pending,0
11584,2025-03-22,C1013,AMER,United States,Accessories,Cable Set,SMB,4,17.97,4.28,71.88,17.12,54.76,,Delivered,1
10909,2025-03-24,C1009,EMEA,Spain,Hardware,Webcam HD,SMB,4,101.75,31.65,407.00,126.60,280.40,0.00,Delivered,0
11165,2025-03-24,C1098,AMER,Brazil,Accessories,Desk Mat,SMB,3,29.04,6.37,87.12,19.11,68.01,0.00,Delivered,0
11245,2025-03-24,C1162,AMER,Mexico,Software,Editor Pro License,Mid-Market,5,125.37,9.78,626.85,48.90,577.95,0.00,Delivered,0
11363,2025-03-24,C1191,EMEA,Germany,Software,Design Suite,Enterprise,7,313.68,28.19,2195.76,197.33,1998.43,0.00,Delivered,0
11419,2025-03-24,C1012,AMER,United States,Software,Design Suite,SMB,6,318.27,26.25,1909.62,157.50,1752.12,,Delivered,0
11543,2025-03-24,C1142,AMER,Mexico,Hardware,Laptop Stand,Mid-Market,8,51.88,15.09,415.04,120.72,294.32,0.00,Delivered,1
10298,2025-03-25,C1086,AMER,Canada,Services,Onboarding Workshop,SMB,1,609.15,148.69,517.78,148.69,369.09,0.15,Shipped,0
12353,2025-03-25,C1130,APAC,India,Services,Custom Integration,Mid-Market,3,1502.57,428.22,4507.71,1284.66,3223.05,0.00,Delivered,0
10523,2025-03-26,C1224,APAC,Japan,Hardware,Docking Station,Consumer,1,233.58,92.16,233.58,92.16,141.42,0.00,Delivered,0
12059,2025-03-26,C1170,APAC,Japan,Hardware,USB-C Hub,Mid-Market,6,61.89,21.32,371.34,127.92,243.42,0.00,Delivered,0
11148,2025-03-27,C1201,APAC,India,Hardware,Mechanical Keyboard,Enterprise,20,165.11,48.80,2641.76,976.00,1665.76,0.20,Delivered,0
11454,2025-03-27,C1067,AMER,Mexico,Hardware,Mechanical Keyboard,SMB,6,167.68,48.23,1006.08,289.38,716.70,0.00,Delivered,0
12211,2025-03-27,C1128,AMER,Mexico,Software,Editor Pro License,Mid-Market,6,115.51,9.89,693.06,59.34,633.72,0.00,Shipped,0
11501,2025-03-28,C1091,AMER,Canada,Services,Onboarding Workshop,SMB,1,582.79,153.33,582.79,153.33,429.46,0.00,Pending,0
12242,2025-03-28,C1080,EMEA,Spain,Services,Priority Support,SMB,1,232.74,35.88,232.74,35.88,196.86,0.00,Delivered,0
10015,2025-03-29,C1146,EMEA,Finland,Accessories,Carry Sleeve,Mid-Market,10,36.86,8.20,368.60,82.00,286.60,0.00,Delivered,0
10016,2025-03-29,C1183,EMEA,United Kingdom,Software,Editor Pro License,Enterprise,12,118.05,10.15,1416.60,121.80,1294.80,,Delivered,0
10516,2025-03-29,C1153,EMEA,Netherlands,Services,Onboarding Workshop,Mid-Market,5,605.34,154.05,3026.70,770.25,2256.45,0.00,Delivered,0
11209,2025-03-29,C1067,AMER,Canada,Hardware,"27"" Monitor",SMB,6,409.02,147.36,2454.12,884.16,1569.96,0.00,Delivered,0
12002,2025-03-30,C1128,APAC,India,Hardware,"27"" Monitor",Mid-Market,9,380.70,143.27,3426.30,1289.43,2136.87,0.00,Shipped,0
12787,2025-03-30,C1191,EMEA,Sweden,Hardware,USB-C Hub,Enterprise,8,62.50,21.93,500.00,175.44,324.56,,Delivered,0
12884,2025-03-30,C1185,AMER,Mexico,Services,Training Course,Enterprise,7,450.49,88.52,3153.43,619.64,2533.79,0.00,Delivered,0
10034,2025-03-31,C1194,APAC,Japan,Software,VPN Annual,Enterprise,12,46.98,2.99,563.76,35.88,527.88,0.00,Delivered,0
10875,2025-03-31,C1208,APAC,India,Software,Editor Pro License,Enterprise,5,125.20,9.95,626.00,49.75,576.25,,Cancelled,0
11188,2025-03-31,C1062,AMER,Brazil,Hardware,Webcam HD,SMB,6,101.34,30.97,547.24,185.82,361.42,0.10,Delivered,0
11231,2025-03-31,C1163,APAC,Australia,Hardware,Mechanical Keyboard,Mid-Market,8,157.90,49.03,1263.20,392.24,870.96,0.00,Delivered,0
11662,2025-03-31,C1037,AMER,United States,Accessories,Monitor Arm,SMB,4,108.06,34.98,432.24,139.92,292.32,0.00,Shipped,0
